Parc.;Variedad;Area;Mean;StdDev;Min;Max;%Area;MinThr;MaxThr
1;QUC 3608-2020;594;35.8643;0.9843;33.9852;38.8889;100;-3.40E+38;3.40E+38
2;QUC 3516-2022;594;36.5806;1.1456;34.5375;42.761;100;-3.40E+38;3.40E+38
3;QUC 3555-2020;594;37.6401;1.1368;35.3112;42.2344;100;-3.40E+38;3.40E+38
4;QUC 4465-2021;583;37.0435;1.4799;34.7721;42.8173;100;-3.40E+38;3.40E+38
5;QUC 4667-2021;585;37.1056;0.9163;35.4696;40.376;100;-3.40E+38;3.40E+38
6;QUC 3586-2016;565;39.5169;1.4829;36.4962;42.8371;100;-3.40E+38;3.40E+38
7;QUC 3528-2017  ;587;39.0301;1.2427;36.7476;42.8798;100;-3.40E+38;3.40E+38
8;QUC 3536-2020;591;40.0412;0.9661;37.7594;42.6902;100;-3.40E+38;3.40E+38
9;QUC 3220-2020;530;40.3664;1.1674;38.1538;42.8983;100;-3.40E+38;3.40E+38
10;QUC 4559-2021;582;39.452;1.2084;35.9975;42.7462;100;-3.40E+38;3.40E+38
11;QUC 3309-2019;568;38.7063;1.5029;35.9925;42.7519;100;-3.40E+38;3.40E+38
12;QUC 3529-2017  ;558;38.8474;1.4492;35.5128;42.8808;100;-3.40E+38;3.40E+38
13;QUC 3612-2020;557;39.4343;1.4713;37.0111;42.8388;100;-3.40E+38;3.40E+38
14;QUC 3526-2017  ;537;39.5383;1.2138;37.0284;42.8825;100;-3.40E+38;3.40E+38
15;QUC 3535-2022;531;39.556;1.5294;36.7329;42.8886;100;-3.40E+38;3.40E+38
16;QUC 3528-2017;569;39.1632;1.7779;34.8053;42.7644;100;-3.40E+38;3.40E+38
17;QUC 3448-2017  ;571;38.4143;1.5313;34.9214;42.7413;100;-3.40E+38;3.40E+38
18;QUC 4637-2021;576;37.2842;1.3685;34.7962;41.3981;100;-3.40E+38;3.40E+38
19;QUC 3609-2020;574;38.7426;1.2674;36.0131;42.8189;100;-3.40E+38;3.40E+38
20;QUC 3622-2020;576;38.2481;1.3736;35.4824;42.8778;100;-3.40E+38;3.40E+38
21;QUC 3314-2019;585;36.1814;1.7555;33.1625;41.6912;100;-3.40E+38;3.40E+38
22;QUC 3209-2020;585;36.5276;1.4457;33.6226;41.232;100;-3.40E+38;3.40E+38
23;QUC 3605-2020;572;38.0415;1.9957;33.8867;42.9055;100;-3.40E+38;3.40E+38
24;QUC 4558-2021;573;37.1572;1.679;34.031;42.5866;100;-3.40E+38;3.40E+38
25;QUC 3596-2020;576;35.2651;1.1179;33.4417;41.0278;100;-3.40E+38;3.40E+38
26;QUC 3527-2022;564;38.0523;1.9917;33.9416;42.9105;100;-3.40E+38;3.40E+38
27;QUC 3556-2020;570;39.613;1.4855;34.9983;42.768;100;-3.40E+38;3.40E+38
28;QUC 3537-2022;493;39.684;1.4571;36.5608;42.8613;100;-3.40E+38;3.40E+38
29;QUC 3642-2020;467;41.0333;1.3194;36.6171;42.9095;100;-3.40E+38;3.40E+38
30;QUC 3583-2021;395;40.414;1.8738;35.6541;42.8837;100;-3.40E+38;3.40E+38
31;QUC 3211-2020;564;39.8983;1.2979;36.6076;42.8842;100;-3.40E+38;3.40E+38
32;QUC 4344-2021;564;39.6095;1.2444;36.0463;42.8162;100;-3.40E+38;3.40E+38
33;QUC 4459-2021;569;38.9821;1.2557;36.334;42.9005;100;-3.40E+38;3.40E+38
34;QUC 4534-2021;576;38.1917;1.2953;35.3225;42.5715;100;-3.40E+38;3.40E+38
35;QUC 3408-2020;500;40.2131;1.4911;36.0461;42.8838;100;-3.40E+38;3.40E+38
36;QUC 3594-2020;568;39.0925;1.7382;35.8521;42.9101;100;-3.40E+38;3.40E+38
37;QUC 3559-2020;581;39.85;1.117;37.2009;42.8328;100;-3.40E+38;3.40E+38
38;QUC 3546-2022;532;39.97;1.3684;37.0766;42.9064;100;-3.40E+38;3.40E+38
39;QUC 3502-2020;471;41.3309;0.8768;38.4235;42.8668;100;-3.40E+38;3.40E+38
40;QUC 3658-2020;463;40.7338;1.1274;37.9384;42.8855;100;-3.40E+38;3.40E+38
41;QUC 3448-2017;439;41.0969;1.1878;38.2063;42.9002;100;-3.40E+38;3.40E+38
42;QUC 3306-2019;459;40.6634;1.2838;37.8879;42.9089;100;-3.40E+38;3.40E+38
43;QUC 3528-2020;541;40.5461;1.1195;37.8608;42.8962;100;-3.40E+38;3.40E+38
44;QUEULE-INIA;557;40.709;0.8762;39.0117;42.8805;100;-3.40E+38;3.40E+38
45;QUC 3454-2017  ;577;39.5286;1.3356;36.9448;42.6739;100;-3.40E+38;3.40E+38
46;QUC 3328-2019;566;39.1668;1.8844;33.0932;42.9059;100;-3.40E+38;3.40E+38
47;QUC 3207-2020;542;40.3184;1.0824;37.6933;42.8852;100;-3.40E+38;3.40E+38
48;QUC 3591-2020;593;37.6492;1.1966;35.3773;42.7186;100;-3.40E+38;3.40E+38
49;QUC 3590-2020;594;35.924;1.4031;33.8598;41.4242;100;-3.40E+38;3.40E+38
50;QUC 3301-2019;594;35.5857;0.9845;33.6156;37.8109;100;-3.40E+38;3.40E+38
51;QUC 4551-2021;594;36.4421;1.9935;33.4472;42.0528;100;-3.40E+38;3.40E+38
52;QUC 3526-2017;592;37.466;1.3019;34.9015;42.37;100;-3.40E+38;3.40E+38
53;QUC 3628-2020;594;37.3711;1.2076;35.3353;42.4625;100;-3.40E+38;3.40E+38
54;QUC 3607-2020;584;37.2071;0.9076;35.0574;42.0986;100;-3.40E+38;3.40E+38
55;QUC 3305-2019;585;34.7482;1.4957;31.7895;40.9251;100;-3.40E+38;3.40E+38
56;QUC 3492-2018;593;37.0578;1.5427;34.2728;42.7635;100;-3.40E+38;3.40E+38
57;QUC 3527-2020;554;39.2404;1.6424;36.1174;42.8879;100;-3.40E+38;3.40E+38
58;QUC 3619-2020;584;39.1406;1.1205;36.4934;42.8383;100;-3.40E+38;3.40E+38
59;QUC 3534-2018;593;37.898;1.253;35.1547;42.5718;100;-3.40E+38;3.40E+38
60;QUC 3312-2019;585;37.0518;1.1147;34.979;40.5608;100;-3.40E+38;3.40E+38
61;QUC 4535-2021;576;36.8382;0.9575;35.1123;40.1514;100;-3.40E+38;3.40E+38
62;QUC 3702-2020;576;37.7245;1.3623;34.7772;41.6939;100;-3.40E+38;3.40E+38
63;QUC 3617-2020;585;37.5327;1.2983;35.1841;41.1348;100;-3.40E+38;3.40E+38
64;QUC 3653-2020;594;36.4245;0.9761;34.55;40.9107;100;-3.40E+38;3.40E+38
65;QUC 3532-2018;594;36.7105;1.2999;34.598;41.9654;100;-3.40E+38;3.40E+38
66;QUC 3593-2017;585;37.7257;1.3448;35.6418;42.0966;100;-3.40E+38;3.40E+38
67;QUC 3555-2017  ;575;39.7114;1.0308;37.4376;42.6608;100;-3.40E+38;3.40E+38
68;QUC 4425-2021;552;39.2997;1.4724;36.4625;42.7308;100;-3.40E+38;3.40E+38
69;QUC 4542-2021;558;37.9994;1.8584;34.3058;42.7788;100;-3.40E+38;3.40E+38
70;QUC 3221-2020;512;39.9424;1.2319;37.131;42.85;100;-3.40E+38;3.40E+38
71;QUC 3413-2020;563;40.0873;1.1773;37.1339;42.8884;100;-3.40E+38;3.40E+38
72;QUC 3210-2020;174;41.8236;0.8449;38.9817;42.8922;100;-3.40E+38;3.40E+38
73;QUC 3556-2018;523;40.9357;1.0764;38.1137;42.8964;100;-3.40E+38;3.40E+38
74;QUC 3677-2020;509;39.9134;1.4187;37.1006;42.9074;100;-3.40E+38;3.40E+38
75;QUC 3517-2017;576;38.1036;1.3263;35.1803;42.5608;100;-3.40E+38;3.40E+38
76;QUC 3592-2020;496;40.7814;1.2792;36.2419;42.8924;100;-3.40E+38;3.40E+38
77;QUC 3425-2020;330;41.49;1.0436;38.6617;42.9025;100;-3.40E+38;3.40E+38
78;LLEUQUE-INIA;291;41.4363;1.0889;37.8072;42.9051;100;-3.40E+38;3.40E+38
79;QUC 3522-2022;235;41.3437;1.1323;38.118;42.9082;100;-3.40E+38;3.40E+38
80;QUC 4592-2021;559;39.9996;1.3832;35.7531;42.8485;100;-3.40E+38;3.40E+38
81;QUC 3603-2020;562;38.2916;1.7368;34.3685;42.8736;100;-3.40E+38;3.40E+38
82;QUC 3616-2020;576;38.5639;1.3827;34.5706;42.5113;100;-3.40E+38;3.40E+38
83;QUC 3606-2020;558;38.8239;1.6257;35.22;42.9106;100;-3.40E+38;3.40E+38
84;QUC 4552-2021;545;39.6549;1.7814;35.7228;42.8403;100;-3.40E+38;3.40E+38
85;QUC 3555-2017  ;577;37.2435;1.3646;34.6066;42.8163;100;-3.40E+38;3.40E+38
86;QUC 3582-2020;594;35.5861;1.2517;33.4611;40.977;100;-3.40E+38;3.40E+38
87;QUC 3678-2020;594;37.2993;1.4603;34.7367;42.3522;100;-3.40E+38;3.40E+38
88;QUC 3625-2020;560;38.0368;1.7939;35.3897;42.8311;100;-3.40E+38;3.40E+38
89;QUC 3401-2020;559;36.8063;2.0287;33.6551;42.8884;100;-3.40E+38;3.40E+38
90;QUC 3543-2020;576;36.195;1.3946;33.3665;39.9395;100;-3.40E+38;3.40E+38
91;QUC 3632-2021;585;39.3716;1.4648;35.5801;42.7482;100;-3.40E+38;3.40E+38
92;QUC 4600-2021;588;36.5133;1.6971;33.8369;42.6334;100;-3.40E+38;3.40E+38
93;QUC 3584-2018;576;38.045;1.9008;34.8301;42.9077;100;-3.40E+38;3.40E+38
94;QUC 4605-2021;579;36.7789;2.1184;34.0419;42.7605;100;-3.40E+38;3.40E+38
95;QUC 3521-2020;585;37.0612;1.6071;34.1835;42.6108;100;-3.40E+38;3.40E+38
96;QUC 3525-2022;582;35.6303;1.9216;33.355;42.7255;100;-3.40E+38;3.40E+38
97;QUC 3326-2019;583;36.7077;1.4619;34.4752;42.8162;100;-3.40E+38;3.40E+38
98;QUC 3317-2019;590;37.2705;1.7071;34.7279;42.6452;100;-3.40E+38;3.40E+38
99;QUC 3547-2022;572;37.4104;1.622;35.1061;42.8928;100;-3.40E+38;3.40E+38
100;QUC 4598-2021;594;34.9597;1.1459;32.9497;38.4644;100;-3.40E+38;3.40E+38
101;QUC 3518-2022;594;34.3403;1.1122;32.5221;38.5229;100;-3.40E+38;3.40E+38
102;QUC 3524-2022;591;36.8941;1.4969;34.4622;42.9073;100;-3.40E+38;3.40E+38
103;QUC 3414-2020;594;37.2281;1.4256;35.0495;42.8034;100;-3.40E+38;3.40E+38
104;QUC 3544-2020;585;34.9916;1.0628;33.2665;39.634;100;-3.40E+38;3.40E+38
105;QUC 3636-2020;585;36.3473;1.1905;33.8945;40.0444;100;-3.40E+38;3.40E+38
106;QUC 3421-2020;594;37.0697;1.4016;34.5239;40.8698;100;-3.40E+38;3.40E+38
107;QUC 4454-2021;594;36.4051;1.4498;33.4013;41.6873;100;-3.40E+38;3.40E+38
108;QUC 3859-2021;592;38.0546;1.3266;35.5432;42.7303;100;-3.40E+38;3.40E+38
109;QUC 3532-2022;591;37.7486;1.3198;34.5351;42.4537;100;-3.40E+38;3.40E+38
110;QUC 3655-2020;585;37.0912;1.1477;34.4027;40.1832;100;-3.40E+38;3.40E+38
111;QUC 3534-2020;576;35.6802;0.9704;34.0473;39.0857;100;-3.40E+38;3.40E+38
112;QUC 3648-2020;576;37.6762;1.1193;34.9071;41.4592;100;-3.40E+38;3.40E+38
113;QUC 4541-2021;585;36.6895;1.4267;34.0518;42.0687;100;-3.40E+38;3.40E+38
114;QUC 3311-2019;594;36.6301;1.3293;34.4898;42.0772;100;-3.40E+38;3.40E+38
115;QUC 3649-2020;594;37.7051;1.5607;34.8005;42.2832;100;-3.40E+38;3.40E+38
116;QUC 3454-2020  ;585;37.3734;1.4299;34.3512;40.8758;100;-3.40E+38;3.40E+38
117;QUC 4483-2021;569;37.8173;1.9085;34.6736;42.6672;100;-3.40E+38;3.40E+38
118;QUC 3410-2020;559;38.6074;2.1764;33.9709;42.8437;100;-3.40E+38;3.40E+38
119;QUC 3638-2020;569;38.6071;1.3808;36.0167;42.7431;100;-3.40E+38;3.40E+38
120;QUC 4546-2021;372;40.2128;1.541;36.4436;42.9105;100;-3.40E+38;3.40E+38
121;QUC 4481-2021;284;41.4371;1.1067;37.9904;42.9114;100;-3.40E+38;3.40E+38
122;QUC 3409-2020;435;39.9958;1.5829;35.7899;42.9088;100;-3.40E+38;3.40E+38
123;QUC 3404-2020;393;41.3969;0.8726;39.3869;42.8924;100;-3.40E+38;3.40E+38
124;QUC 3741-2020;378;40.3904;1.4504;37.2758;42.8994;100;-3.40E+38;3.40E+38
125;QUC 3528-2022;496;41.1228;0.9057;39.0711;42.9078;100;-3.40E+38;3.40E+38
126;QUC 3407-2020;502;40.3664;1.314;37.6781;42.9121;100;-3.40E+38;3.40E+38
127;QUC 3631-2020;360;41.2088;0.9255;38.5963;42.9021;100;-3.40E+38;3.40E+38
128;QUC 3401-2018;542;40.0466;1.1307;37.3488;42.8967;100;-3.40E+38;3.40E+38
129;QUC 3657-2020;585;37.0151;1.3162;33.4783;40.6695;100;-3.40E+38;3.40E+38
130;QUC 3311-2019;585;35.5609;0.9851;33.4411;38.585;100;-3.40E+38;3.40E+38
131;QUC 3626-2020;576;38.1492;1.5093;34.5402;41.8046;100;-3.40E+38;3.40E+38
132;QUC 4568-2021;576;37.4511;0.7804;35.7634;40.2643;100;-3.40E+38;3.40E+38
133;QUC 3622-2021;568;37.8103;1.2393;35.5239;42.7569;100;-3.40E+38;3.40E+38
134;QUC 3492-2018;557;38.8438;1.3597;36.1409;42.6834;100;-3.40E+38;3.40E+38
135;QUC 4323-2021;543;40.5981;1.1277;37.0568;42.8854;100;-3.40E+38;3.40E+38
136;QUC 3594-2017  ;594;38.5811;1.0826;35.9477;42.6423;100;-3.40E+38;3.40E+38
137;QUC 3635-2020;594;38.1396;1.2976;35.2425;41.5553;100;-3.40E+38;3.40E+38
138;QUC 3536-2022;585;37.2437;1.043;34.8503;40.3781;100;-3.40E+38;3.40E+38
139;QUC 3646-202;576;36.5125;1.1338;34.4423;42.1988;100;-3.40E+38;3.40E+38
140;QUC 3214-2020;576;35.3849;1.0927;33.1474;38.0097;100;-3.40E+38;3.40E+38
141;QUC 3487-2018  ;585;35.5767;0.9784;33.2605;38.6066;100;-3.40E+38;3.40E+38
142;QUC 4423-2021;594;37.6684;1.4423;34.7184;41.5877;100;-3.40E+38;3.40E+38
143;QUC 3531-2018;594;35.9933;1.1096;33.8913;39.497;100;-3.40E+38;3.40E+38
144;QUC 4470-2021;594;36.0918;1.2718;33.2324;41.2126;100;-3.40E+38;3.40E+38
145;QUC 3313-2019;594;35.4838;1.1531;34.0022;40.1196;100;-3.40E+38;3.40E+38
146;QUC 3679-2016;583;35.3888;1.7716;31.5937;42.6529;100;-3.40E+38;3.40E+38
147;QUC 4636-2021;585;35.8558;1.0268;34.0697;40.1394;100;-3.40E+38;3.40E+38
148;QUC 3572-2018;594;35.9104;1.1268;33.7811;39.9692;100;-3.40E+38;3.40E+38
149;QUC 3635-2020;594;36.6838;1.5422;34.0487;42.582;100;-3.40E+38;3.40E+38
150;QUC 3419-2020;594;34.4338;1.2085;32.0485;38.9689;100;-3.40E+38;3.40E+38
151;QUC 3581-2018;594;35.159;1.8757;32.3235;42.2653;100;-3.40E+38;3.40E+38
152;QUC 3588-2020;587;36.1616;1.8538;33.0246;42.673;100;-3.40E+38;3.40E+38
153;QUC 4539-2021;594;34.2634;1.3032;32.1154;38.5734;100;-3.40E+38;3.40E+38
154;QUC 3507-2020;585;35.604;1.9246;32.7392;42.3764;100;-3.40E+38;3.40E+38
155;QUC 3501-2020;585;34.6641;1.4279;31.7865;39.8199;100;-3.40E+38;3.40E+38
156;QUC 3595-2020;580;36.1788;1.989;33.5763;42.8237;100;-3.40E+38;3.40E+38
157;QUC 3319-2020;579;37.3623;2.1176;34.4076;42.8114;100;-3.40E+38;3.40E+38
158;QUC 3598-2020;590;37.3174;2.0818;33.1813;42.8271;100;-3.40E+38;3.40E+38
159;QUC 3597-2020;594;35.117;1.474;33.0385;41.7119;100;-3.40E+38;3.40E+38
160;QUC 3679-2016  ;577;36.8865;2.3044;33.3194;42.8467;100;-3.40E+38;3.40E+38
161;QUC 3634-2020;552;38.582;1.7169;35.6276;42.8577;100;-3.40E+38;3.40E+38
162;QUC 3418-2020;576;37.3361;1.5115;34.3986;42.2654;100;-3.40E+38;3.40E+38
163;CBC 509 CHILE/SOMAT_3.1//BOOMER_18/LOTUS_4/6/ZAMPULLIN_2/GUANAY/5/NETTA_4/DUKEM_12//RASCON_19/3/SORA/2*PLATA_12/4/GREEN_18/FOCHA_1//AIRON_1/7/ZAKA/3/AJAIA_12/F3LOCAL(SEL.ETHIO.135.85)//PLATA_13/4/SOOTY_9/RASCON_37//WODUCK/CHAM_3/8/SELIM//SOUAI/FUMA_1;585;35.7981;1.4266;33.098;40.62;100;-3.40E+38;3.40E+38
164;QUC 3310-2020;592;36.9852;1.6118;33.8614;42.8364;100;-3.40E+38;3.40E+38
165;QUC 3656-2020;594;37.5913;1.3479;34.4937;42.3978;100;-3.40E+38;3.40E+38
166;QUC 4533-2021;581;36.5393;1.759;33.9523;42.695;100;-3.40E+38;3.40E+38
167;QUC 3589-2020;576;37.6371;1.4685;34.3232;42.1199;100;-3.40E+38;3.40E+38
168;QUC 3536-2018;576;36.1156;1.3167;34.0489;41.0766;100;-3.40E+38;3.40E+38
169;QUC 3558-2018;576;37.284;1.1169;35.0197;41.2321;100;-3.40E+38;3.40E+38
170;QUC 3522-2020;576;35.8582;1.3292;33.2822;39.6332;100;-3.40E+38;3.40E+38
171;QUC 35783-2020;585;36.435;1.3668;33.7014;40.2359;100;-3.40E+38;3.40E+38
172;QUC 3313-2020;585;36.3848;0.9991;34.2182;38.896;100;-3.40E+38;3.40E+38
173;QUC 3529-2017;576;36.0109;1.512;33.3414;41.0535;100;-3.40E+38;3.40E+38
174;QUC 3545-2020;576;35.7389;1.5922;33.3467;40.8253;100;-3.40E+38;3.40E+38
175;QUC 3519-2022;563;37.8156;1.2879;35.3858;42.8559;100;-3.40E+38;3.40E+38
176;QUC 4628-2021;570;39.5232;1.5359;36.761;42.8325;100;-3.40E+38;3.40E+38
177;QUC 4222-2021;462;41.1992;1.196;37.7474;42.9114;100;-3.40E+38;3.40E+38
178;QUC 4548-2021;524;39.8946;1.3773;36.6928;42.8706;100;-3.40E+38;3.40E+38
179;QUC 3534-2018  ;555;38.953;1.4657;35.6485;42.9007;100;-3.40E+38;3.40E+38
180;QUC 3663-2020;585;36.53;1.1883;34.035;41.7751;100;-3.40E+38;3.40E+38
181;QUC 3526-2022;576;36.1413;1.0491;33.9189;40.0895;100;-3.40E+38;3.40E+38
182;QUC 4614-2021;576;36.7382;1.2845;33.8537;39.9088;100;-3.40E+38;3.40E+38
183;QUC 3573-2020;576;37.3732;1.1817;35.0044;40.8448;100;-3.40E+38;3.40E+38
184;QUC 3533-2022;576;36.5022;1.1016;34.34;39.5891;100;-3.40E+38;3.40E+38
185;QUC 4553-2021;585;35.9248;0.9396;33.2682;39.6037;100;-3.40E+38;3.40E+38
186;QUC 4224-2021;594;39.093;1.4644;35.8376;42.4439;100;-3.40E+38;3.40E+38
187;QUC 3315-2019;594;36.8408;1.0714;34.3935;40.4196;100;-3.40E+38;3.40E+38
188;QUC 3309-2020;583;37.027;1.5354;34.365;42.485;100;-3.40E+38;3.40E+38
189;QUC 3531-2022;576;36.8991;1.2067;34.5076;39.9736;100;-3.40E+38;3.40E+38
190;QUC 3610-2020;576;36.6944;1.369;33.8967;40.9187;100;-3.40E+38;3.40E+38
191;QUC 3534-2022;584;36.067;1.4467;33.7743;42.7571;100;-3.40E+38;3.40E+38
192;QUC 3517-2017  ;594;34.9861;0.9014;33.5227;38.8711;100;-3.40E+38;3.40E+38
193;QUC 3416-2020;594;35.0997;0.8269;33.6516;37.9754;100;-3.40E+38;3.40E+38
194;QUC 3558-2020;594;35.2194;1.3309;33.3673;41.4751;100;-3.40E+38;3.40E+38
195;QUC 4562-2021;594;34.9972;1.3882;32.8578;40.1161;100;-3.40E+38;3.40E+38
196;QUC 4537-2021;585;33.4383;0.9328;31.7341;37.4869;100;-3.40E+38;3.40E+38
197;QUC 3409-2020;585;35.7318;0.9636;33.5671;38.7791;100;-3.40E+38;3.40E+38
198;QUC 3630-2020;594;34.7214;1.0265;33.1074;39.1684;100;-3.40E+38;3.40E+38
199;QUC 3624-2020;594;34.6419;1.2174;32.5154;41.9207;100;-3.40E+38;3.40E+38
200;QUC 3509-2017 ;594;33.9026;1.1857;30.7507;37.9992;100;-3.40E+38;3.40E+38
201;QUC 3679-2020;594;33.7492;1.3998;31.6912;39.0868;100;-3.40E+38;3.40E+38
202;QUC 3493-2018;594;33.9456;1.3721;31.8608;39.6119;100;-3.40E+38;3.40E+38
203;QUC 3509-2017;594;34.3699;1.0456;32.8354;40.2035;100;-3.40E+38;3.40E+38
204;QUC 3614-2020;585;35.1316;1.4068;33.1182;42.8172;100;-3.40E+38;3.40E+38
205;QUC 4540-2021;585;34.6385;1.484;30.4065;40.7588;100;-3.40E+38;3.40E+38
206;QUC 3772-2021;594;36.9733;1.2821;34.2304;40.8996;100;-3.40E+38;3.40E+38
207;QUC 3417-2020;594;35.1104;0.9131;33.5415;40.4152;100;-3.40E+38;3.40E+38
208;QUC 3584-2020;594;35.9755;1.1559;33.526;40.4995;100;-3.40E+38;3.40E+38
209;QUC 3618-2020;594;35.8893;1.2792;33.1816;38.9961;100;-3.40E+38;3.40E+38
210;QUC 3489-2018  ;585;35.3544;0.9748;33.5689;39.2768;100;-3.40E+38;3.40E+38
211;QUC 4480-2021;576;36.6134;0.9913;33.8466;40.1393;100;-3.40E+38;3.40E+38
212;QUC 3513-2020;576;35.557;1.0316;33.5944;39.825;100;-3.40E+38;3.40E+38
213;QUC 3632-2020;585;35.9891;0.8584;33.3629;39.3956;100;-3.40E+38;3.40E+38
214;QUC 3601-2020;594;36.7109;1.4239;33.2098;41.0701;100;-3.40E+38;3.40E+38
215;QUC 4597-2021;594;36.3475;1.3757;33.0852;41.9199;100;-3.40E+38;3.40E+38
216;QUC 3543-2022;585;35.4871;0.9398;33.7812;39.5465;100;-3.40E+38;3.40E+38
217;QUC 3224-2020;576;38.4886;1.1114;35.2448;41.4368;100;-3.40E+38;3.40E+38
218;QUC 4557-2021;576;36.2758;0.8332;34.3087;39.0394;100;-3.40E+38;3.40E+38
219;QUC 3581-2020;573;36.7117;1.4263;33.5227;42.387;100;-3.40E+38;3.40E+38
220;QUC 3637-2020;576;37.058;1.611;33.7826;41.2346;100;-3.40E+38;3.40E+38
221;QUC 3661-2020;585;37.8895;1.1847;35.0196;41.1551;100;-3.40E+38;3.40E+38
222;QUC 3613-2017 ;585;37.1458;1.4369;34.041;42.23;100;-3.40E+38;3.40E+38
223;QUC 3561-2020;576;37.9496;1.0057;35.9286;42.7451;100;-3.40E+38;3.40E+38
224;QUC 3627-2020;555;38.9108;1.3052;36.0655;42.9003;100;-3.40E+38;3.40E+38
225;QUC 4543-2021;551;38.6822;1.387;35.1646;42.737;100;-3.40E+38;3.40E+38
226;QUC 3423-2020;576;36.9573;1.0528;35.0663;40.4215;100;-3.40E+38;3.40E+38
227;QUC 3117-2020;576;39.7812;1.1189;35.7277;42.5033;100;-3.40E+38;3.40E+38
228;QUC 3422-2020;575;39.0704;1.3446;36.2796;42.7265;100;-3.40E+38;3.40E+38
229;QUC 3611-2020;585;36.7991;1.3347;34.05;42.2222;100;-3.40E+38;3.40E+38
230;QUC 3212-2020;585;37.0947;1.4155;34.2002;42.273;100;-3.40E+38;3.40E+38
231;QUC 3672-2018  ;574;36.7939;1.5794;34.2622;42.9065;100;-3.40E+38;3.40E+38
232;QUC 3406-2020;576;36.1174;1.3005;33.0114;40.2078;100;-3.40E+38;3.40E+38
233;QUC 3606-2021;574;37.4941;1.673;34.149;42.8394;100;-3.40E+38;3.40E+38
234;QUC 3316-2019;573;37.6454;1.7122;34.9414;42.5802;100;-3.40E+38;3.40E+38
235;UC-1218;585;35.3656;1.1;32.8894;40.3126;100;-3.40E+38;3.40E+38
236;QUC 3529-2022;591;37.2259;1.49;34.3353;42.8333;100;-3.40E+38;3.40E+38
237;QUC 4255-2021;587;38.3686;1.3946;34.2939;42.6264;100;-3.40E+38;3.40E+38
238;QUC 3223-2020;585;37.0562;1.2656;34.287;41.7543;100;-3.40E+38;3.40E+38
239;QUC 3218-2020;576;36.2683;1.2725;33.5248;39.9045;100;-3.40E+38;3.40E+38
240;QUC 3546-2020;568;36.1464;1.5132;33.7709;42.6128;100;-3.40E+38;3.40E+38
241;QUC 4538-2021;580;35.9866;2.0984;33.1615;42.7191;100;-3.40E+38;3.40E+38
242;QUC 4561-2021;594;36.4017;1.5809;33.9851;42.5033;100;-3.40E+38;3.40E+38
243;QUC 3562-2020;594;36.4549;1.2288;34.2481;40.2139;100;-3.40E+38;3.40E+38
244;QUC 3420-2020;594;35.9943;1.8396;32.901;41.6562;100;-3.40E+38;3.40E+38
245;QUC 3532-2018  ;594;35.6168;1.5651;33.2907;42.4247;100;-3.40E+38;3.40E+38
246;QUC 3213-2020;585;35.1744;1.4898;32.4365;39.8521;100;-3.40E+38;3.40E+38
247;QUC 3662-2020;585;35.9793;1.4187;33.8943;41.0361;100;-3.40E+38;3.40E+38
248;QUC 4255-2021;594;35.3546;1.676;32.4965;41.1875;100;-3.40E+38;3.40E+38
249;QUC 3523-2022;594;34.953;1.0645;33.2564;39.626;100;-3.40E+38;3.40E+38
250;QUC 3639-2020;594;34.7762;1.4406;32.4563;42.0672;100;-3.40E+38;3.40E+38
251;QUC 4596-2021;594;33.6843;0.9108;31.8847;37.2743;100;-3.40E+38;3.40E+38
252;QUC 4544-2021;594;34.136;0.9023;32.3954;37.4311;100;-3.40E+38;3.40E+38
253;QUC 3585-2020;594;35.3409;0.5779;34.3358;37.7678;100;-3.40E+38;3.40E+38
254;QUC 3454-2017;585;34.4285;0.939;32.885;39.2082;100;-3.40E+38;3.40E+38
255;QUC 3225-2020;585;33.4029;0.7518;31.6156;38.0533;100;-3.40E+38;3.40E+38
256;QUC 3615-2020;594;33.5981;0.8426;32.3663;37.6661;100;-3.40E+38;3.40E+38
257;QUC 3633-2020;594;35.8774;0.8475;33.8586;39.9438;100;-3.40E+38;3.40E+38
258;QUC 3448-2017  ;594;34.626;0.8054;33.3035;37.2846;100;-3.40E+38;3.40E+38
259;QUC 3328-2019  ;594;35.3098;0.7798;33.5537;39.1335;100;-3.40E+38;3.40E+38
260;QUC 3623-2020;585;34.5721;0.6436;33.2893;36.6389;100;-3.40E+38;3.40E+38
261;QUC 3586-2020;576;35.4773;1.1243;33.401;38.3106;100;-3.40E+38;3.40E+38
262;QUC 3678-2016;576;33.9472;0.8882;31.9849;37.0661;100;-3.40E+38;3.40E+38
263;QUC 3424-2020;585;34.4608;0.7076;32.9055;37.3377;100;-3.40E+38;3.40E+38
264;QUC 3208-2020;594;35.1912;0.69;33.4596;37.0349;100;-3.40E+38;3.40E+38
265;QUC 3531-2018  ;594;34.0108;1.1074;31.8739;39.0775;100;-3.40E+38;3.40E+38
266;QUC 3678-2016  ;585;34.5783;1.401;32.7158;42.6707;100;-3.40E+38;3.40E+38
267;QUC 3604-2020;576;35.1908;1.2326;32.5917;38.056;100;-3.40E+38;3.40E+38
268;QUC 3517-2022;576;35.9563;1.3143;33.3607;39.3592;100;-3.40E+38;3.40E+38
269;QUC 3411-2020;576;35.1538;0.7022;33.5315;38.4438;100;-3.40E+38;3.40E+38
270;QUC 4550-2021;576;34.9682;1.1986;32.7298;38.8511;100;-3.40E+38;3.40E+38
271;QUC 3412-2020;585;34.6274;1.2524;32.7021;39.4685;100;-3.40E+38;3.40E+38
272;QUC 4549-2021;585;37.7965;1.3664;34.4951;42.1982;100;-3.40E+38;3.40E+38
273;QUC 3555-2017;576;37.4113;0.7452;35.8877;40.0116;100;-3.40E+38;3.40E+38
274;QUC 3548-2022;576;36.8813;0.7221;35.1473;38.7033;100;-3.40E+38;3.40E+38
275;QUC 4595-2021;576;36.9196;1.2765;34.5597;41.4519;100;-3.40E+38;3.40E+38
276;QUC 3593-2020;574;38.1863;1.2717;35.725;42.3085;100;-3.40E+38;3.40E+38
277;QUC 3599-2020;502;41.0716;1.0727;37.7725;42.9099;100;-3.40E+38;3.40E+38
278;QUC 3613-2017;576;36.5539;1.2376;34.2522;40.2723;100;-3.40E+38;3.40E+38
279;QUC 3742-2020;585;36.0204;0.9568;34.2881;39.3678;100;-3.40E+38;3.40E+38
280;QUC 3613-2020;585;35.3189;1.2935;32.8024;39.3301;100;-3.40E+38;3.40E+38
281;QUC 3643-2020;568;36.824;1.7537;33.7744;42.7281;100;-3.40E+38;3.40E+38
282;QUC 3530-2022;575;37.0226;1.5224;33.8641;42.7844;100;-3.40E+38;3.40E+38
283;QUC 3669-2020;576;35.1882;0.8886;33.5759;38.073;100;-3.40E+38;3.40E+38
284;QUC 3629-2020;569;36.8485;1.4881;34.0648;42.7422;100;-3.40E+38;3.40E+38
285;QUC 3621-2020;585;36.9434;1.1405;34.8342;41.0685;100;-3.40E+38;3.40E+38
286;QUC 3220-2020;594;35.6313;1.3641;32.7308;39.6081;100;-3.40E+38;3.40E+38
287;QUC 4545-2021;594;34.319;0.9629;32.4876;37.8494;100;-3.40E+38;3.40E+38
288;QUC 3526-2017;585;34.4596;1.02;32.5653;39.0529;100;-3.40E+38;3.40E+38
289;QUC 4547-2021;576;34.7606;1.1457;32.7426;39.6733;100;-3.40E+38;3.40E+38
290;QUC 3593-2017;576;34.1554;0.8463;32.416;36.6806;100;-3.40E+38;3.40E+38
291;QUC 4636-2021;585;35.2623;1.0643;32.9175;37.7021;100;-3.40E+38;3.40E+38
292;QUC 3679-2020;594;34.7121;0.8745;33.3382;38.9055;100;-3.40E+38;3.40E+38
293;QUC 3414-2020;594;34.4973;1.0937;32.8381;38.696;100;-3.40E+38;3.40E+38
294;QUC 3213-2020;594;35.0105;1.1541;33.3472;39.1299;100;-3.40E+38;3.40E+38
295;QUC 3493-2018;594;34.9967;1.0937;32.7741;38.6849;100;-3.40E+38;3.40E+38
296;QUC 4667-2021;585;34.6916;1.0109;32.9149;41.3606;100;-3.40E+38;3.40E+38
297;QUC 3555-2017  ;585;33.7388;0.9438;32.5016;37.1851;100;-3.40E+38;3.40E+38
298;QUC 3326-2019;594;34.3658;1.0659;32.4454;37.8894;100;-3.40E+38;3.40E+38
299;QUC 3548-2022;594;34.0559;0.9387;32.4371;39.3652;100;-3.40E+38;3.40E+38
300;QUC 3646-202;594;35.6066;1.4294;32.8159;41.1993;100;-3.40E+38;3.40E+38
301;QUC 3545-2020;594;34.5959;1.4322;32.3;39.9444;100;-3.40E+38;3.40E+38
302;QUC 3223-2020;594;35.4593;1.2862;33.3343;39.8006;100;-3.40E+38;3.40E+38
303;QUC 3533-2022;594;33.5073;0.8969;32.3761;37.9385;100;-3.40E+38;3.40E+38
304;QUC 35783-2020;585;34.9337;1.0656;32.8039;37.6171;100;-3.40E+38;3.40E+38
305;QUC 3532-2022;585;35.5959;0.8475;33.649;38.1998;100;-3.40E+38;3.40E+38
306;QUC 3532-2018  ;594;34.3154;0.6638;33.0367;37.0872;100;-3.40E+38;3.40E+38
307;QUC 3309-2020;594;33.7427;0.8982;32.3852;37.3179;100;-3.40E+38;3.40E+38
308;QUC 3208-2020;594;35.0392;1.1534;33.1065;39.1174;100;-3.40E+38;3.40E+38
309;QUC 4533-2021;594;34.8392;0.8918;32.9438;37.1429;100;-3.40E+38;3.40E+38
310;QUC 3519-2022;585;34.2597;1.1611;32.4925;37.9909;100;-3.40E+38;3.40E+38
311;QUC 3595-2020;576;34.3178;1.5338;32.3193;41.7183;100;-3.40E+38;3.40E+38
312;QUC 3772-2021;576;36.0433;0.8174;34.191;38.521;100;-3.40E+38;3.40E+38
313;QUC 3632-2021;585;35.9417;0.9898;33.5031;38.7044;100;-3.40E+38;3.40E+38
314;QUC 3526-2022;594;35.6654;1.163;33.3848;40.125;100;-3.40E+38;3.40E+38
315;QUC 3117-2020;594;35.9166;1.0356;33.5641;39.3706;100;-3.40E+38;3.40E+38
316;QUC 4470-2021;585;35.8164;1.2794;33.615;39.5313;100;-3.40E+38;3.40E+38
317;QUC 3407-2020;576;35.3319;1.2823;32.8765;39.2797;100;-3.40E+38;3.40E+38
318;QUC 4598-2021;576;34.5531;1.5914;31.7494;39.525;100;-3.40E+38;3.40E+38
319;QUC 3655-2020;576;34.3763;0.9467;32.8843;37.095;100;-3.40E+38;3.40E+38
320;QUC 3623-2020;576;34.4297;0.882;32.0398;37.4225;100;-3.40E+38;3.40E+38
321;QUC 3454-2020  ;585;36.0019;1.2569;33.3282;39.2671;100;-3.40E+38;3.40E+38
322;QUC 3610-2020;584;38.8955;1.3383;35.8089;42.8425;100;-3.40E+38;3.40E+38
323;QUC 3310-2020;576;38.0057;0.7877;35.276;40.1087;100;-3.40E+38;3.40E+38
324;QUC 3657-2020;575;36.3825;1.5311;34.2397;42.7645;100;-3.40E+38;3.40E+38
325;QUC 3313-2020;572;37.9661;1.501;35.2556;42.6885;100;-3.40E+38;3.40E+38
326;QUC 3592-2020;576;38.3453;1.0785;34.4953;42.1128;100;-3.40E+38;3.40E+38
327;QUC 3662-2020;576;38.5232;1.2605;36.1866;42.8595;100;-3.40E+38;3.40E+38
328;QUC 3633-2020;576;37.6161;0.9727;35.3661;40.409;100;-3.40E+38;3.40E+38
329;QUC 4628-2021;585;36.0318;1.1512;33.7068;39.7947;100;-3.40E+38;3.40E+38
330;QUC 4637-2021;585;35.2285;0.8368;33.5886;38.6912;100;-3.40E+38;3.40E+38
331;QUC 3528-2017;576;34.64;0.741;33.0179;36.9155;100;-3.40E+38;3.40E+38
332;QUC 4543-2021;576;35.1035;1.282;32.5839;39.8668;100;-3.40E+38;3.40E+38
333;QUC 3328-2019  ;576;36.5511;1.4429;33.9672;40.2203;100;-3.40E+38;3.40E+38
334;QUC 3423-2020;576;35.1951;0.929;33.6373;38.5172;100;-3.40E+38;3.40E+38
335;QUC 4542-2021;585;34.7263;1.1128;32.7927;40.3391;100;-3.40E+38;3.40E+38
336;QUC 3536-2022;594;34.9112;0.698;33.4845;37.4559;100;-3.40E+38;3.40E+38
337;QUC 3530-2022;593;35.3444;1.4393;32.9416;42.3868;100;-3.40E+38;3.40E+38
338;QUC 3214-2020;585;35.4549;1.1981;33.5428;39.0994;100;-3.40E+38;3.40E+38
339;QUC 3224-2020;576;35.4211;0.8811;33.7254;38.1583;100;-3.40E+38;3.40E+38
340;QUC 3594-2017  ;576;35.1479;0.6883;33.3337;37.0106;100;-3.40E+38;3.40E+38
341;QUC 3501-2020;585;34.2633;0.8517;32.6848;38.5952;100;-3.40E+38;3.40E+38
342;QUC 4465-2021;594;35.7271;1.4073;33.5613;41.2021;100;-3.40E+38;3.40E+38
343;QUC 3590-2020;594;36.0292;1.1177;34.207;40.2934;100;-3.40E+38;3.40E+38
344;QUC 3417-2020;594;35.2332;0.8547;33.754;38.3309;100;-3.40E+38;3.40E+38
345;QUC 3593-2020;594;34.3974;1.1427;32.7607;38.1134;100;-3.40E+38;3.40E+38
346;QUC 3555-2020;585;35.2173;0.677;33.9097;36.9685;100;-3.40E+38;3.40E+38
347;QUC 3559-2020;585;34.5792;0.9255;32.9993;37.9961;100;-3.40E+38;3.40E+38
348;QUC 3422-2020;594;35.6938;1.2074;33.3126;41.058;100;-3.40E+38;3.40E+38
349;QUC 3636-2020;594;35.2998;1.2328;33.4384;39.2634;100;-3.40E+38;3.40E+38
350;QUC 3573-2020;594;33.5162;1.12;30.4781;37.0315;100;-3.40E+38;3.40E+38
351;QUC 3492-2018;594;34.3323;1.3621;31.8668;39.1599;100;-3.40E+38;3.40E+38
352;QUC 4558-2021;594;35.1784;1.1118;32.4704;40.6429;100;-3.40E+38;3.40E+38
353;QUC 3616-2020;594;34.3474;1.0543;32.24;37.8643;100;-3.40E+38;3.40E+38
354;QUC 3609-2020;585;35.498;0.8849;33.8866;38.2776;100;-3.40E+38;3.40E+38
355;QUC 3535-2022;585;35.1144;1.1796;33.0687;38.2704;100;-3.40E+38;3.40E+38
356;QUC 3502-2020;594;34.8243;0.9401;32.7798;37.8874;100;-3.40E+38;3.40E+38
357;QUC 3586-2020;594;35.2158;1.1402;33.2987;41.3762;100;-3.40E+38;3.40E+38
358;QUC 3409-2020;594;35.6131;1.3638;32.7498;39.7883;100;-3.40E+38;3.40E+38
359;QUC 3679-2016;594;35.8169;0.9039;33.4182;38.3385;100;-3.40E+38;3.40E+38
360;QUC 4595-2021;585;34.5733;1.0772;32.0383;38.2561;100;-3.40E+38;3.40E+38
361;QUC 3859-2021;576;36.4738;1.2037;33.7199;39.4108;100;-3.40E+38;3.40E+38
362;QUC 4459-2021;576;35.989;1.11;32.6829;38.8716;100;-3.40E+38;3.40E+38
363;QUC 3313-2019;585;34.1696;0.8259;32.2391;37.3472;100;-3.40E+38;3.40E+38
364;QUC 3411-2020;594;35.9167;1.4954;32.8446;40.9909;100;-3.40E+38;3.40E+38
365;QUC 3678-2020;594;35.5071;0.948;32.8489;39.199;100;-3.40E+38;3.40E+38
366;QUC 3209-2020;585;36.404;1.5855;32.804;41.6239;100;-3.40E+38;3.40E+38
367;QUC 3522-2022;576;35.3353;1.058;33.3813;39.6751;100;-3.40E+38;3.40E+38
368;QUC 3634-2020;551;37.1306;1.9446;34.2802;42.8028;100;-3.40E+38;3.40E+38
369;QUC 3669-2020;576;35.4735;0.9186;32.9623;38.4321;100;-3.40E+38;3.40E+38
370;QUC 3401-2020;576;36.7815;1.3923;33.9645;41.2616;100;-3.40E+38;3.40E+38
371;QUC 4425-2021;585;37.8691;1.3573;35.0334;41.0681;100;-3.40E+38;3.40E+38
372;QUC 3513-2020;585;35.0916;0.9531;32.9381;38.9001;100;-3.40E+38;3.40E+38
373;QUC 3315-2019;576;35.3653;1.248;32.2902;39.2255;100;-3.40E+38;3.40E+38
374;QUC 3596-2020;576;36.6987;1.2038;34.6621;41.6955;100;-3.40E+38;3.40E+38
375;QUC 4222-2021;564;38.7073;1.179;36.4396;42.8292;100;-3.40E+38;3.40E+38
376;QUC 4255-2021;561;39.1356;1.2842;36.7101;42.8554;100;-3.40E+38;3.40E+38
377;QUC 3546-2022;576;38.5014;1.2569;35.5655;41.6424;100;-3.40E+38;3.40E+38
378;QUC 3606-2020;576;37.6493;0.9701;35.5115;41.0378;100;-3.40E+38;3.40E+38
379;QUC 3582-2020;585;36.225;0.7337;34.6647;39.1437;100;-3.40E+38;3.40E+38
380;QUC 4541-2021;584;36.4388;1.0627;34.4864;42.5257;100;-3.40E+38;3.40E+38
381;QUC 3661-2020;576;36.2766;1.2591;33.6534;40.0476;100;-3.40E+38;3.40E+38
382;QUC 3509-2017 ;576;36.1084;1.0229;34.1397;39.2893;100;-3.40E+38;3.40E+38
383;QUC 3301-2019;576;35.9989;0.8261;34.047;39.2467;100;-3.40E+38;3.40E+38
384;QUC 3555-2017  ;576;35.9328;0.9835;33.9057;38.3232;100;-3.40E+38;3.40E+38
385;QUC 3406-2020;585;36.0088;1.0752;34.2845;40.9053;100;-3.40E+38;3.40E+38
386;QUC 3544-2020;594;35.8888;1.0824;33.5182;39.7939;100;-3.40E+38;3.40E+38
387;QUC 4614-2021;594;35.6419;1.2578;33.1176;40.2482;100;-3.40E+38;3.40E+38
388;QUC 3635-2020;585;35.5582;1.1693;33.059;39.2865;100;-3.40E+38;3.40E+38
389;QUC 3448-2017;576;35.3684;1.0845;33.0774;38.9415;100;-3.40E+38;3.40E+38
390;QUC 3425-2020;573;37.1086;0.9755;35.4002;42.7305;100;-3.40E+38;3.40E+38
391;QUC 4323-2021;585;36.9296;0.9547;35.1261;40.4003;100;-3.40E+38;3.40E+38
392;QUC 3588-2020;571;37.0237;2.259;33.9662;42.8428;100;-3.40E+38;3.40E+38
393;QUC 3547-2022;594;37.6462;1.6702;34.7915;42.5689;100;-3.40E+38;3.40E+38
394;QUC 4546-2021;580;37.1321;1.3304;35.0906;42.8193;100;-3.40E+38;3.40E+38
395;QUC 3614-2020;594;36.3519;1.3942;33.2997;40.4756;100;-3.40E+38;3.40E+38
396;QUC 3528-2017  ;585;35.8164;0.945;33.9781;38.2487;100;-3.40E+38;3.40E+38
397;QUC 3448-2017  ;585;36.963;1.0571;35.1627;40.7372;100;-3.40E+38;3.40E+38
398;QUC 3639-2020;593;37.3016;1.2339;35.0856;42.829;100;-3.40E+38;3.40E+38
399;QUC 3572-2018;594;36.2705;1.3144;34.0452;40.6552;100;-3.40E+38;3.40E+38
400;QUC 3649-2020;581;37.0069;1.8869;33.0428;42.8051;100;-3.40E+38;3.40E+38
401;QUC 3419-2020;594;34.1985;1.3235;32.0803;38.9648;100;-3.40E+38;3.40E+38
402;QUC 4535-2021;594;35.1661;1.5841;33.2017;40.4494;100;-3.40E+38;3.40E+38
403;QUC 3556-2020;590;35.6593;1.9086;33.1715;42.8611;100;-3.40E+38;3.40E+38
404;QUC 3615-2020;585;35.3136;1.3836;33.4113;40.7953;100;-3.40E+38;3.40E+38
405;QUC 3220-2020;585;34.879;0.967;32.8654;37.8464;100;-3.40E+38;3.40E+38
406;QUC 4224-2021;594;36.1187;1.661;33.8347;42.291;100;-3.40E+38;3.40E+38
407;QUC 3421-2020;594;35.6994;0.9481;34.1211;38.9862;100;-3.40E+38;3.40E+38
408;QUC 3528-2020;594;34.2776;0.7315;33.0641;37.2655;100;-3.40E+38;3.40E+38
409;QUC 4539-2021;594;34.6839;1;33.3373;38.3378;100;-3.40E+38;3.40E+38
410;QUC 3622-2020;585;35.6425;1.4088;33.5251;41.462;100;-3.40E+38;3.40E+38
411;QUC 3543-2022;576;34.9153;0.9732;33.4689;38.1254;100;-3.40E+38;3.40E+38
412;QUC 3672-2018  ;576;34.6724;0.6923;33.1911;36.9756;100;-3.40E+38;3.40E+38
413;QUC 3527-2020;585;35.526;1.3081;33.6453;42.4903;100;-3.40E+38;3.40E+38
414;QUC 3311-2019;594;34.4735;0.9648;33.0256;38.9264;100;-3.40E+38;3.40E+38
415;QUC 3581-2020;594;35.1794;0.7461;33.8875;38.1471;100;-3.40E+38;3.40E+38
416;QUC 3608-2020;585;35.6009;1.2226;33.2636;38.8653;100;-3.40E+38;3.40E+38
417;QUC 3516-2022;576;35.8973;0.9987;33.7741;40.2315;100;-3.40E+38;3.40E+38
418;QUC 3531-2018  ;576;36.0479;1.1932;33.895;41.6835;100;-3.40E+38;3.40E+38
419;QUC 3531-2022;576;36.259;0.9093;34.4337;39.6404;100;-3.40E+38;3.40E+38
420;QUC 3591-2020;576;36.4443;1.3245;33.9275;40.8025;100;-3.40E+38;3.40E+38
421;QUC 4550-2021;566;38.0721;1.8067;35.3243;42.8009;100;-3.40E+38;3.40E+38
422;QUC 4600-2021;585;37.5267;1.1398;34.3366;41.3659;100;-3.40E+38;3.40E+38
423;QUC 3741-2020;572;38.8256;1.3924;36.6781;42.7905;100;-3.40E+38;3.40E+38
424;QUC 3537-2022;539;39.0133;1.3728;36.7639;42.8699;100;-3.40E+38;3.40E+38
425;QUC 4559-2021;536;39.5626;1.1431;36.9606;42.9042;100;-3.40E+38;3.40E+38
426;QUC 3642-2020;572;39.392;1.0897;37.2526;42.805;100;-3.40E+38;3.40E+38
427;QUC 3424-2020;576;38.6428;1.1882;36.5192;42.5326;100;-3.40E+38;3.40E+38
428;QUC 3420-2020;576;37.9465;1.2766;35.3905;42.5417;100;-3.40E+38;3.40E+38
429;QUC 4481-2021;581;39.1118;1.2462;36.0917;42.8951;100;-3.40E+38;3.40E+38
430;QUC 4549-2021;585;37.4634;1.2775;35.1746;41.4176;100;-3.40E+38;3.40E+38
431;QUC 3319-2020;574;37.0917;1.4366;34.956;42.8984;100;-3.40E+38;3.40E+38
432;QUC 3742-2020;576;35.5562;1.1116;33.7291;40.5528;100;-3.40E+38;3.40E+38
433;QUC 3611-2020;576;37.359;1.398;34.6037;41.3697;100;-3.40E+38;3.40E+38
434;QUC 3454-2017  ;576;36.0265;1.3416;33.3064;40.2615;100;-3.40E+38;3.40E+38
435;QUC 3529-2017;585;35.3465;0.9256;33.5257;38.7671;100;-3.40E+38;3.40E+38
436;QUC 3528-2022;588;37.0557;1.3567;34.5461;42.235;100;-3.40E+38;3.40E+38
437;QUC 3613-2020;594;35.8788;1.1882;33.3475;40.132;100;-3.40E+38;3.40E+38
438;QUC 3523-2022;585;35.1078;1.2595;33.081;39.7972;100;-3.40E+38;3.40E+38
439;QUC 3624-2020;576;34.9431;0.8892;32.9316;37.427;100;-3.40E+38;3.40E+38
440;QUC 3656-2020;576;34.8652;1.5661;32.8073;39.4156;100;-3.40E+38;3.40E+38
441;QUC 4592-2021;585;35.7631;1.1353;33.0312;39.4105;100;-3.40E+38;3.40E+38
442;QUC 4557-2021;594;35.6452;1.8439;32.8717;42.5242;100;-3.40E+38;3.40E+38
443;QUC 3536-2020;594;34.6395;1.0855;33.1334;39.1369;100;-3.40E+38;3.40E+38
444;QUC 3617-2020;594;35.5861;0.8456;33.9681;38.9077;100;-3.40E+38;3.40E+38
445;QUC 3454-2017;578;36.2171;1.9171;33.761;42.8585;100;-3.40E+38;3.40E+38
446;QUC 3584-2020;585;34.877;0.7559;33.4278;36.8587;100;-3.40E+38;3.40E+38
447;LLEUQUE-INIA;585;36.8297;1.5077;34.396;42.0053;100;-3.40E+38;3.40E+38
448;QUC 3613-2017 ;594;35.3634;1.5393;33.0861;40.0758;100;-3.40E+38;3.40E+38
449;QUC 4561-2021;594;36.5545;1.8547;33.6789;42.3845;100;-3.40E+38;3.40E+38
450;QUC 3314-2019;594;34.4587;1.7024;31.7435;40.2426;100;-3.40E+38;3.40E+38
451;QUC 4483-2021;575;35.8603;2.1866;33.1746;42.8351;100;-3.40E+38;3.40E+38
452;QUC 3212-2020;594;36.3267;1.7811;34.1254;41.7027;100;-3.40E+38;3.40E+38
453;QUC 4534-2021;594;35.9789;1.9992;32.8191;41.8922;100;-3.40E+38;3.40E+38
454;QUC 3526-2017;585;36.5139;1.699;33.7995;41.6156;100;-3.40E+38;3.40E+38
455;QUC 3492-2018;585;35.7739;1.2488;33.5004;40.1223;100;-3.40E+38;3.40E+38
456;QUC 3585-2020;569;36.5158;1.9941;33.8466;42.8139;100;-3.40E+38;3.40E+38
457;QUC 3702-2020;594;36.7443;1.4097;34.1348;41.4845;100;-3.40E+38;3.40E+38
458;QUC 3581-2018;594;34.535;0.8577;32.5206;37.4211;100;-3.40E+38;3.40E+38
459;QUC 3555-2017;594;34.4873;1.1646;32.912;40.5959;100;-3.40E+38;3.40E+38
460;QUC 3416-2020;585;35.3512;0.891;33.5147;38.2208;100;-3.40E+38;3.40E+38
461;QUC 3558-2020;576;34.9582;0.8647;33.5155;37.8299;100;-3.40E+38;3.40E+38
462;QUC 3638-2020;576;35.6643;1.0481;33.5906;39.2777;100;-3.40E+38;3.40E+38
463;QUC 3558-2018;585;35.4678;1.1854;33.1256;39.2358;100;-3.40E+38;3.40E+38
464;QUC 3599-2020;594;35.148;1.0597;32.3895;38.1609;100;-3.40E+38;3.40E+38
465;QUC 3487-2018  ;594;35.8856;1.3505;32.9794;41.7874;100;-3.40E+38;3.40E+38
466;QUC 3637-2020;585;36.0753;1.109;33.855;40.5433;100;-3.40E+38;3.40E+38
467;QUC 3536-2018;576;35.6081;1.0926;33.438;38.7122;100;-3.40E+38;3.40E+38
468;QUC 3532-2018;576;36.7505;1.31;33.9677;40.0248;100;-3.40E+38;3.40E+38
469;QUC 3678-2016;576;36.985;1.4923;33.592;42.8484;100;-3.40E+38;3.40E+38
470;QUC 3509-2017;576;38.2115;1.4179;35.0834;42.6053;100;-3.40E+38;3.40E+38
471;QUC 4538-2021;585;37.1425;1.4267;34.3916;41.4588;100;-3.40E+38;3.40E+38
472;QUC 3583-2021;566;39.4508;1.7384;35.4263;42.8403;100;-3.40E+38;3.40E+38
473;QUC 3526-2017;576;38.4278;1.3411;35.881;42.7266;100;-3.40E+38;3.40E+38
474;QUC 3627-2020;551;39.6021;1.2317;37.0352;42.8692;100;-3.40E+38;3.40E+38
475;QUC 4552-2021;561;40.6085;0.9521;38.0935;42.9064;100;-3.40E+38;3.40E+38
476;QUC 3612-2020;576;39.1898;0.8724;37.7936;42.0721;100;-3.40E+38;3.40E+38
477;UC-1218;567;38.9361;1.1139;37.0195;42.857;100;-3.40E+38;3.40E+38
478;QUC 3522-2020;571;37.9466;1.0003;36.2051;42.5512;100;-3.40E+38;3.40E+38
479;QUC 3221-2020;578;38.9635;1.3592;36.6832;42.9008;100;-3.40E+38;3.40E+38
480;QUC 4548-2021;585;37.1965;1.0484;35.237;41.5229;100;-3.40E+38;3.40E+38
481;QUC 3534-2018  ;576;36.7105;0.8464;34.9702;39.4121;100;-3.40E+38;3.40E+38
482;QUEULE-INIA;576;36.506;1.1837;34.5003;41.3609;100;-3.40E+38;3.40E+38
483;QUC 3534-2018;576;36.3547;1.4383;34.0251;42.6373;100;-3.40E+38;3.40E+38
484;QUC 3632-2020;576;35.8893;1.0155;33.3184;39.8575;100;-3.40E+38;3.40E+38
485;QUC 3635-2020;585;36.2385;1.343;33.1054;40.2561;100;-3.40E+38;3.40E+38
486;QUC 3626-2020;594;35.0836;1.1;33.1133;39.6572;100;-3.40E+38;3.40E+38
487;QUC 4540-2021;594;34.6253;0.9105;33.1673;39.798;100;-3.40E+38;3.40E+38
488;QUC 3527-2022;585;35.6659;0.9578;33.9534;39.3398;100;-3.40E+38;3.40E+38
489;QUC 3677-2020;576;34.8533;0.7269;33.7906;39.1193;100;-3.40E+38;3.40E+38
490;QUC 3309-2019;576;35.986;1.1426;33.9251;41.9338;100;-3.40E+38;3.40E+38
491;QUC 3312-2019;585;35.9839;1.0233;34.4116;40.3358;100;-3.40E+38;3.40E+38
492;QUC 3546-2020;594;35.5041;1.3324;33.7196;40.8363;100;-3.40E+38;3.40E+38
493;QUC 3618-2020;594;34.6071;1.0528;33.08;39.4319;100;-3.40E+38;3.40E+38
494;QUC 3311-2019;594;34.6341;0.8859;33.2282;38.2108;100;-3.40E+38;3.40E+38
495;QUC 3316-2019;593;35.9159;1.8603;33.9719;42.7575;100;-3.40E+38;3.40E+38
496;QUC 3525-2022;585;35.2809;1.4343;32.9181;40.2584;100;-3.40E+38;3.40E+38
497;QUC 3678-2016  ;585;35.6616;1.1856;33.6529;39.5776;100;-3.40E+38;3.40E+38
498;QUC 3630-2020;594;35.5406;1.583;33.4657;40.3495;100;-3.40E+38;3.40E+38
499;QUC 3211-2020;594;35.3286;1.2339;33.4203;39.1021;100;-3.40E+38;3.40E+38
500;QUC 4605-2021;594;34.1344;1.566;31.3868;40.873;100;-3.40E+38;3.40E+38
501;QUC 3220-2020;594;34.2894;0.7804;32.5289;36.1209;100;-3.40E+38;3.40E+38
502;QUC 4562-2021;594;34.5963;0.6833;32.7934;35.6155;100;-3.40E+38;3.40E+38
503;QUC 3225-2020;594;34.5511;1.2905;32.4517;38.1339;100;-3.40E+38;3.40E+38
504;QUC 4537-2021;585;34.8179;1.3662;32.6953;39.5626;100;-3.40E+38;3.40E+38
505;QUC 3606-2021;585;35.2013;1.0964;32.8732;38.4943;100;-3.40E+38;3.40E+38
506;QUC 3607-2020;594;35.149;0.9619;33.34;39.0737;100;-3.40E+38;3.40E+38
507;QUC 3625-2020;594;35.3512;0.883;33.6016;38.1538;100;-3.40E+38;3.40E+38
508;QUC 4568-2021;594;35.1826;0.7777;33.4361;37.9899;100;-3.40E+38;3.40E+38
509;CBC 509 CHILE/SOMAT_3.1//BOOMER_18/LOTUS_4/6/ZAMPULLIN_2/GUANAY/5/NETTA_4/DUKEM_12//RASCON_19/3/SORA/2*PLATA_12/4/GREEN_18/FOCHA_1//AIRON_1/7/ZAKA/3/AJAIA_12/F3LOCAL(SEL.ETHIO.135.85)//PLATA_13/4/SOOTY_9/RASCON_37//WODUCK/CHAM_3/8/SELIM//SOUAI/FUMA_1;594;35.1483;0.9963;33.116;38.2062;100;-3.40E+38;3.40E+38
510;QUC 3448-2017  ;585;35.2208;1.0735;33.1804;38.7914;100;-3.40E+38;3.40E+38
511;QUC 3653-2020;576;34.7909;1.2244;32.625;39.5587;100;-3.40E+38;3.40E+38
512;QUC 3529-2022;576;35.67;1.1532;33.0563;39.9342;100;-3.40E+38;3.40E+38
513;QUC 3619-2020;585;35.1694;1.6456;32.2958;40.4248;100;-3.40E+38;3.40E+38
514;QUC 3517-2017;594;34.3381;1.0717;32.2074;37.3581;100;-3.40E+38;3.40E+38
515;QUC 3529-2017  ;594;35.3606;1.2517;32.9214;38.4183;100;-3.40E+38;3.40E+38
516;QUC 4596-2021;585;35.0159;1.136;32.8932;40.2666;100;-3.40E+38;3.40E+38
517;QUC 3603-2020;576;34.5835;0.9538;33.3798;38.5402;100;-3.40E+38;3.40E+38
518;QUC 3648-2020;576;36.1936;1.2164;33.3996;41.7728;100;-3.40E+38;3.40E+38
519;QUC 4547-2021;576;36.6093;1.0714;34.4306;41.2804;100;-3.40E+38;3.40E+38
520;QUC 4344-2021;576;37.0008;1.0324;34.8705;40.83;100;-3.40E+38;3.40E+38
521;QUC 3589-2020;585;37.5602;0.9173;35.7009;40.6767;100;-3.40E+38;3.40E+38
522;QUC 3658-2020;585;38.5335;0.9528;36.3736;42.2071;100;-3.40E+38;3.40E+38
523;QUC 3521-2020;576;38.5422;0.9586;36.6648;41.4709;100;-3.40E+38;3.40E+38
524;QUC 3210-2020;573;39.3718;1.0621;37.1978;42.8269;100;-3.40E+38;3.40E+38
525;QUC 4551-2021;576;38.8893;1.0298;37.0748;42.7006;100;-3.40E+38;3.40E+38
526;QUC 3306-2019;576;39.3234;0.8794;36.5409;42;100;-3.40E+38;3.40E+38
527;QUC 4545-2021;568;39.0983;1.1404;36.9253;42.8052;100;-3.40E+38;3.40E+38
528;QUC 3418-2020;549;38.6187;1.2439;36.2757;42.6121;100;-3.40E+38;3.40E+38
529;QUC 3598-2020;582;38.2617;1.1159;35.9315;42.7457;100;-3.40E+38;3.40E+38
530;QUC 3534-2020;585;37.2966;1.3754;34.3535;40.8375;100;-3.40E+38;3.40E+38
531;QUC 3526-2017  ;576;36.8854;0.8364;35.2349;39.3802;100;-3.40E+38;3.40E+38
532;QUC 3622-2021;574;37.5404;1.1596;35.582;42.5767;100;-3.40E+38;3.40E+38
533;QUC 3631-2020;576;36.5691;1.4269;34.0298;41.1038;100;-3.40E+38;3.40E+38
534;QUC 4597-2021;576;35.5558;1.0431;33.2355;40.7612;100;-3.40E+38;3.40E+38
535;QUC 4454-2021;584;36.3145;1.2323;34.0805;42.2754;100;-3.40E+38;3.40E+38
536;QUC 3409-2020;594;35.2555;1.3836;32.9614;40.3702;100;-3.40E+38;3.40E+38
537;QUC 3562-2020;594;34.8022;0.788;32.84;37.4163;100;-3.40E+38;3.40E+38
538;QUC 3517-2022;585;35.6959;1.6769;32.4477;42.7362;100;-3.40E+38;3.40E+38
539;QUC 3524-2022;576;35.263;1.0988;33.5047;39.9747;100;-3.40E+38;3.40E+38
540;QUC 3412-2020;576;35.853;1.4993;33.5601;41.2766;100;-3.40E+38;3.40E+38
541;QUC 3605-2020;585;35.2149;1.2453;33.0864;40.1615;100;-3.40E+38;3.40E+38
542;QUC 3628-2020;594;34.9651;0.7246;33.5399;38.3674;100;-3.40E+38;3.40E+38
543;QUC 3408-2020;594;35.7783;1.2205;33.5386;39.7906;100;-3.40E+38;3.40E+38
544;QUC 3561-2020;594;34.8233;0.7778;32.7106;36.6152;100;-3.40E+38;3.40E+38
545;QUC 3534-2022;594;35.5041;0.7557;33.948;37.6402;100;-3.40E+38;3.40E+38
546;QUC 3507-2020;585;36.5812;1.3208;33.4231;39.5246;100;-3.40E+38;3.40E+38
547;QUC 3517-2017  ;585;34.8632;0.9563;33.6015;38.7312;100;-3.40E+38;3.40E+38
548;QUC 3604-2020;594;36.07;1.3346;33.4219;39.9102;100;-3.40E+38;3.40E+38
549;QUC 3621-2020;594;35.7215;1.5327;33.0982;40.2395;100;-3.40E+38;3.40E+38
550;QUC 3679-2016  ;594;36.5596;2.279;32.6889;41.3905;100;-3.40E+38;3.40E+38
551;QUC 3602-2020;594;35.2712;1.2777;32.9287;40.0199;100;-3.40E+38;3.40E+38
552;QUC 3586-2016;594;35.6189;0.9794;33.7822;41.2163;100;-3.40E+38;3.40E+38
553;QUC 3531-2018;594;35.5556;1.2501;33.0071;39.6364;100;-3.40E+38;3.40E+38
554;QUC 3597-2020;585;33.9018;0.7452;32.4616;37.6153;100;-3.40E+38;3.40E+38
555;QUC 3404-2020;585;35.7366;1.4664;32.7036;39.3998;100;-3.40E+38;3.40E+38
556;QUC 3317-2019;594;34.3811;0.8272;32.2281;36.8413;100;-3.40E+38;3.40E+38
557;QUC 4480-2021;594;35.2788;1.1557;33.2904;38.9993;100;-3.40E+38;3.40E+38
558;QUC 3584-2018;594;35.5494;1.0433;33.4785;39.0454;100;-3.40E+38;3.40E+38
559;QUC 4423-2021;594;35.9258;1.2704;32.7275;39.1474;100;-3.40E+38;3.40E+38
560;QUC 4544-2021;585;35.2315;0.7944;33.1025;38.0818;100;-3.40E+38;3.40E+38
561;QUC 3629-2020;576;35.4044;0.6858;33.7113;37.0323;100;-3.40E+38;3.40E+38
562;QUC 3556-2018;576;34.9392;1.2856;33.0055;40.4385;100;-3.40E+38;3.40E+38
563;QUC 3489-2018  ;585;34.8644;0.8558;32.9922;36.9809;100;-3.40E+38;3.40E+38
564;QUC 3601-2020;594;34.2696;0.8063;32.4068;36.3484;100;-3.40E+38;3.40E+38
565;QUC 3207-2020;594;35.7573;1.3763;32.3731;39.4577;100;-3.40E+38;3.40E+38
566;QUC 4553-2021;585;36.0415;1.3271;33.1623;40.3553;100;-3.40E+38;3.40E+38
567;QUC 3410-2020;576;34.8738;0.7491;32.45;36.499;100;-3.40E+38;3.40E+38
568;QUC 3594-2020;576;34.523;0.7911;32.8668;37.0426;100;-3.40E+38;3.40E+38
569;QUC 3413-2020;576;34.9832;0.9135;32.8504;37.3317;100;-3.40E+38;3.40E+38
570;QUC 3401-2018;576;36.4228;1.0213;34.6375;40.7959;100;-3.40E+38;3.40E+38
571;QUC 3218-2020;583;37.7287;1.3745;34.9414;42.6678;100;-3.40E+38;3.40E+38
572;QUC 3328-2019;585;38.7318;1.1758;36.1551;42.8614;100;-3.40E+38;3.40E+38
573;QUC 3543-2020;576;38.2959;1.1044;35.5989;40.4576;100;-3.40E+38;3.40E+38
574;QUC 3643-2020;550;39.2158;1.34;36.8118;42.8848;100;-3.40E+38;3.40E+38
575;QUC 3518-2022;521;40.401;1.0965;38.334;42.8576;100;-3.40E+38;3.40E+38
576;QUC 3663-2020;576;36.4391;0.9304;35.269;40.7145;100;-3.40E+38;3.40E+38
577;QUC 3613-2017;576;37.2086;0.7571;35.8637;38.9264;100;-3.40E+38;3.40E+38
578;QUC 3305-2019;576;37.8523;1.1575;35.5995;41.3391;100;-3.40E+38;3.40E+38
