Parc.;Variedad ;Image Name;Intensity;Hue;Saturation;Lightness;a*;b*;u*;v*;GA;GGA;CSI
1;QUC 3608-2020;R-001_Plot-001;0.48861682;45.157536;0.29208124;56.812817;-2.8792658;33.48654;12.021583;37.614838;0.003205128;0;100
2;QUC 3516-2022;R-001_Plot-002;0.39084697;80.654655;0.13064814;45.23368;-9.717141;17.905571;-4.4538903;21.962109;0.464555053;0.081825038;82.38636364
3;QUC 3555-2020;R-001_Plot-003;0.39242855;52.55455;0.26232058;46.35634;-5.60791;26.632446;4.5649347;29.581964;0.053594771;0;100
4;QUC 4465-2021;R-001_Plot-004;0.40672883;49.934204;0.2983613;48.327026;-4.762056;29.905966;7.105689;32.716038;0.027637722;0;100
5;QUC 4667-2021;R-001_Plot-005;0.3761132;47.848427;0.24051553;43.86073;-3.7009087;23.760664;6.0143814;26.095373;0.015168331;0;100
6;QUC 3586-2016;R-001_Plot-006;0.4725592;61.624825;0.18885332;54.419956;-8.415391;24.990658;0.35334563;30.357637;0.125416204;0.076766556;38.79056047
7;QUC 3528-2017  ;R-001_Plot-007;0.37643087;81.686455;0.16999018;44.62203;-11.587005;20.83;-5.821258;25.045132;0.786512736;0.053142752;93.24324324
8;QUC 3536-2020;R-001_Plot-008;0.37420666;56.159893;0.2632283;44.552822;-6.644754;25.999067;2.7611647;28.780016;0.231079348;0;100
9;QUC 3220-2020;R-001_Plot-009;0.39071062;47.675667;0.2672413;45.870705;-3.7167673;26.459963;7.1554265;28.93927;0.016158315;1.82E-04;98.87640449
10;QUC 4559-2021;R-001_Plot-010;0.4429175;55.48343;0.16710347;50.483356;-6.0899215;21.444729;2.0866182;25.6999;0.065359477;0.043028322;34.16666667
11;QUC 3309-2019;R-001_Plot-011;0.40581596;57.049725;0.35021472;49.738617;-8.318713;34.518707;3.6333947;37.580116;0.24788631;0;100
12;QUC 3529-2017  ;R-001_Plot-012;0.37081575;59.147373;0.3063438;45.085106;-8.11629;29.207241;1.8384017;31.886072;0.425796006;0.001079331;99.74651458
13;QUC 3612-2020;R-001_Plot-013;0.50688386;46.506363;0.3263141;59.53685;-3.5286229;37.714954;12.863505;42.08771;0.009893866;0;100
14;QUC 3526-2017  ;R-001_Plot-014;0.42420077;49.925957;0.36562067;51.394054;-4.9198604;36.147747;9.304505;38.676327;0.022103387;0;100
15;QUC 3535-2022;R-001_Plot-015;0.4545517;48.217766;0.3430304;54.25628;-4.203961;36.147915;10.700874;39.41808;0.002473061;0;100
16;QUC 3528-2017;R-001_Plot-016;0.36058867;57.93433;0.3247655;44.09906;-7.691924;29.735134;2.5283778;31.928322;0.294992997;0;100
17;QUC 3448-2017  ;R-001_Plot-017;0.44001213;48.061863;0.36758876;53.01863;-3.9457018;37.135883;11.279165;39.758186;5.30E-04;0;100
18;QUC 4637-2021;R-001_Plot-018;0.47593465;48.483807;0.20816159;54.32377;-4.6232486;25.851046;6.2122083;30.422642;0.073179272;0.056372549;22.96650718
19;QUC 3609-2020;R-001_Plot-019;0.47871995;46.393867;0.18372452;54.069202;-3.897499;23.630335;6.3387938;28.058876;0.025334027;0.019434322;23.28767123
20;QUC 3622-2020;R-001_Plot-020;0.44285855;45.12098;0.3235531;52.304615;-2.4555569;33.487423;12.18832;36.31684;0.001214645;0;100
21;QUC 3314-2019;R-001_Plot-021;0.3403207;53.12117;0.28172922;40.7212;-5.3492875;25.139069;3.9858928;26.790394;0.091271907;0;100
22;QUC 3209-2020;R-001_Plot-022;0.45969164;60.641132;0.21871537;53.583973;-8.59791;27.08208;0.8768422;32.237473;0.155314757;0.070519436;54.59579181
23;QUC 3605-2020;R-001_Plot-023;0.39777324;48.73407;0.2793373;46.926888;-4.177586;27.853224;7.0928574;30.493921;0.092071611;0.031031543;66.2962963
24;QUC 4558-2021;R-001_Plot-024;0.3662984;51.749264;0.24894857;43.138634;-4.968952;24.188059;4.3492284;26.54163;0.140494459;0.002557545;98.17961165
25;QUC 3596-2020;R-001_Plot-025;0.35323754;51.777145;0.2989182;42.370514;-5.062829;26.94919;5.130405;28.675995;0.053448276;0;100
26;QUC 3527-2022;R-002_Plot-026;0.32242754;55.179276;0.25301915;38.358883;-5.5746207;22.36887;2.5658634;23.900724;0.284827586;0;100
27;QUC 3556-2020;R-002_Plot-027;0.3595139;56.420303;0.26948738;42.983868;-6.602732;25.668798;2.6039436;28.081823;0.267519182;0;100
28;QUC 3537-2022;R-002_Plot-028;0.39937952;55.58136;0.3191049;48.31935;-7.287088;31.602966;4.047682;34.6171;0.1543052;0.035464621;77.01657459
29;QUC 3642-2020;R-002_Plot-029;0.42457828;46.515457;0.19646466;48.48015;-3.6021123;22.51874;5.9791636;25.905006;0.063123495;0.048159615;23.70572207
30;QUC 3583-2021;R-002_Plot-030;0.39964005;48.5561;0.27581447;47.07091;-4.122599;27.678288;7.1209545;30.370714;0.027416276;0;100
31;QUC 3211-2020;R-002_Plot-031;0.50504404;36.684063;0.2982936;57.72673;2.585276;33.830322;20.721111;36.966545;3.47E-04;0;100
32;QUC 4344-2021;R-002_Plot-032;0.5290176;42.059002;0.2241677;59.67019;-2.0447466;28.958727;11.7419615;33.920696;0.041471456;0.030192608;27.19665272
33;QUC 4459-2021;R-002_Plot-033;0.48903516;45.534172;0.34341836;57.770523;-2.7016172;38.001434;14.042551;41.63877;0.003501401;0;100
34;QUC 4534-2021;R-002_Plot-034;0.4281098;41.13871;0.3570631;50.71961;0.445178;34.68126;16.804245;36.188538;5.30E-04;0;100
35;QUC 3408-2020;R-002_Plot-035;0.47269964;37.95655;0.31683296;54.678364;2.000829;33.78899;19.407734;36.270332;5.25E-04;0;100
36;QUC 3594-2020;R-002_Plot-036;0.5203813;37.405277;0.3209229;59.78095;2.753561;36.758896;22.390959;39.971737;1.77E-04;0;100
37;QUC 3559-2020;R-002_Plot-037;0.41013828;55.4473;0.17205775;47.01898;-5.828436;20.59365;1.9737473;24.206709;0.072905526;0.045632799;37.40831296
38;QUC 3546-2022;R-002_Plot-038;0.36968848;59.234352;0.33827502;45.49931;-8.522695;31.411356;2.0082655;33.84375;0.486058644;0;100
39;QUC 3502-2020;R-002_Plot-039;0.47288072;49.670055;0.34221762;56.44861;-5.2109194;37.422028;9.853121;41.31593;0.019068178;0;100
40;QUC 3658-2020;R-002_Plot-040;0.42868105;45.68501;0.34969312;51.190678;-2.5541651;34.71946;12.339461;37.00091;0.004317323;0;100
41;QUC 3448-2017;R-002_Plot-041;0.4527478;54.878075;0.22690803;52.60618;-6.785096;27.00853;3.4155564;31.601267;0.121641249;0.081336238;33.13432836
42;QUC 3306-2019;R-002_Plot-042;0.47862458;43.508118;0.3471644;56.44861;-1.2831175;37.40077;15.862421;40.454296;7.26E-04;0;100
43;QUC 3528-2020;R-002_Plot-043;0.46649492;51.654903;0.3345282;55.81384;-6.256744;36.6156;7.9345465;40.6936;0.033534909;0;100
44;QUEULE-INIA;R-002_Plot-044;0.4536372;46.359314;0.31192458;53.442677;-3.2715394;33.33756;11.030515;36.681667;5.50E-04;0;100
45;QUC 3454-2017  ;R-002_Plot-045;0.3994161;80.001686;0.10798812;45.608273;-8.6258335;16.140694;-3.7118618;20.025984;0.303921569;0.06381798;79.00182593
46;QUC 3328-2019;R-002_Plot-046;0.3529811;50.024483;0.30631632;42.309864;-4.3628564;27.28183;6.2150884;28.791101;0.0427303;0;100
47;QUC 3207-2020;R-002_Plot-047;0.43493947;44.140427;0.35204983;51.752224;-1.5890545;35.098415;13.995041;37.26781;0.001680672;0;100
48;QUC 3591-2020;R-002_Plot-048;0.43177852;49.768456;0.359735;52.1477;-4.9308167;36.18445;9.386125;38.94879;0.016806723;0;100
49;QUC 3590-2020;R-002_Plot-049;0.35996118;66.853905;0.1670081;41.872276;-7.4762397;18.839151;-1.1240305;21.875134;0.171945701;0.070701357;58.88157895
50;QUC 3301-2019;R-002_Plot-050;0.42984137;50.14621;0.3460436;51.738388;-5.1311703;35.03801;8.662724;37.961227;0.029034691;0;100
51;QUC 4551-2021;R-003_Plot-051;0.42931;42.972042;0.2844954;50.009388;-1.6112587;29.381456;11.701494;32.0724;0.031297134;0;100
52;QUC 3526-2017;R-003_Plot-052;0.3743198;77.44217;0.14628607;43.589195;-9.398666;18.426481;-3.8237038;22.140053;0.339177979;0.06561086;80.65591996
53;QUC 3628-2020;R-003_Plot-053;0.40985313;49.32182;0.24165481;47.746216;-4.4855566;25.6625;5.903676;28.838205;0.041456583;0.025023343;39.63963964
54;QUC 3607-2020;R-003_Plot-054;0.44133016;46.39147;0.27910906;51.56492;-3.3977945;29.98027;9.427177;33.34973;0.008590103;0;100
55;QUC 3305-2019;R-003_Plot-055;0.40521523;46.66679;0.28752583;47.71103;-3.3108058;28.670635;8.713297;31.219114;0.00554939;0;100
56;QUC 3492-2018;R-003_Plot-056;0.4373509;56.86385;0.17891037;50.169342;-6.5585837;22.350304;1.7810425;26.62852;0.130595634;0.063448021;51.41643059
57;QUC 3527-2020;R-003_Plot-057;0.42977312;52.747135;0.284038;50.92231;-6.199121;30.388428;5.4094605;34.10866;0.07165109;0.039032435;45.52429668
58;QUC 3619-2020;R-003_Plot-058;0.39905095;48.72727;0.28891814;47.218258;-4.2089186;28.644445;7.3577666;31.247072;0.009529045;0;100
59;QUC 3534-2018;R-003_Plot-059;0.39280668;55.766945;0.2875712;47.05095;-6.996076;28.83783;3.427427;31.918196;0.168119099;0;100
60;QUC 3312-2019;R-003_Plot-060;0.36675477;71.0738;0.14608532;42.435684;-7.8802814;17.728027;-2.0855484;20.983196;0.153957879;0.06989833;54.5990566
61;QUC 4535-2021;R-003_Plot-061;0.38117993;45.11316;0.32463223;45.38154;-2.2349763;29.788633;10.428896;31.273228;0.003597769;0;100
62;QUC 3702-2020;R-003_Plot-062;0.47611824;42.89195;0.29780757;55.314686;-1.5010748;33.016514;13.79316;36.5329;0.001259219;0;100
63;QUC 3617-2020;R-003_Plot-063;0.4136765;38.796963;0.31432205;48.277103;1.1383299;30.30652;15.953312;31.821709;5.40E-04;0;100
64;QUC 3653-2020;R-003_Plot-064;0.5160952;44.407677;0.21009749;58.286255;-3.2069693;27.336586;9.194507;32.3259;0.042602496;0.034937611;17.9916318
65;QUC 3532-2018;R-003_Plot-065;0.40844074;51.8082;0.29031157;48.55263;-5.5975704;29.581871;5.803052;32.673096;0.110227875;0.036565978;66.82692308
66;QUC 3593-2017;R-003_Plot-066;0.47376513;44.170406;0.37499863;56.451633;-1.4145255;39.473515;16.378159;42.122997;3.50E-04;0;100
67;QUC 3555-2017  ;R-003_Plot-067;0.48770365;45.283134;0.39933693;58.55574;-1.9822305;42.580547;16.821795;45.313744;0.001059883;0;100
68;QUC 4425-2021;R-003_Plot-068;0.50276864;39.66186;0.3576678;58.76085;1.7658615;39.261005;21.618153;41.965908;3.50E-04;0;100
69;QUC 4542-2021;R-003_Plot-069;0.52900034;39.68963;0.23632783;59.64245;-0.6351932;29.819395;14.265848;34.441383;0.041471456;0.03071317;25.94142259
70;QUC 3221-2020;R-003_Plot-070;0.55122775;35.96448;0.2961589;62.466187;3.3133595;35.97485;23.310474;39.849716;3.47E-04;0;100
71;QUC 3413-2020;R-003_Plot-071;0.45659658;36.052975;0.35004312;53.161663;4.1068397;35.275578;23.044134;36.59902;0;0;NaN
72;QUC 3210-2020;R-003_Plot-072;0.5580796;33.80422;0.22884923;61.928677;2.6721923;29.653147;19.560602;34.01908;0.029411765;0.02373581;19.29824561
73;QUC 3556-2018;R-003_Plot-073;0.5147024;39.983913;0.23420572;58.14211;-0.82385147;29.017105;13.510379;33.417942;0.059335038;0.045353794;23.56321839
74;QUC 3677-2020;R-003_Plot-074;0.44822118;39.25415;0.3461265;52.5758;1.6067097;34.870007;18.914503;36.648453;1.71E-04;0;100
75;QUC 3517-2017;R-003_Plot-075;0.4157611;46.152008;0.35125208;49.801018;-2.7452915;34.05415;11.658632;36.088875;0.012413793;0;100
76;QUC 3592-2020;R-004_Plot-076;0.444465;43.35014;0.36034805;52.85491;-0.9849085;36.262836;15.459422;38.39423;5.17E-04;0;100
77;QUC 3425-2020;R-004_Plot-077;0.3921034;39.131298;0.27699602;45.44048;0.2716761;26.394226;12.856;27.977766;0.034612106;0.014322251;58.62068966
78;LLEUQUE-INIA;R-004_Plot-078;0.33594772;56.798138;0.30609334;40.819733;-6.7339625;26.787973;2.6511133;28.41405;0.168286445;0.018755328;88.85511651
79;QUC 3522-2022;R-004_Plot-079;0.42106345;62.69098;0.20742607;49.23881;-8.384294;24.462942;0;28.822628;0.245098039;0.065359477;73.33333333
80;QUC 4592-2021;R-004_Plot-080;0.41671923;43.201416;0.28516507;48.64775;-1.6804664;28.758493;11.225493;31.205664;0.010237723;0;100
81;QUC 3603-2020;R-004_Plot-081;0.4550345;47.916763;0.3177985;53.8551;-4.123613;34.081356;10.058726;37.595325;0.018393198;0;100
82;QUC 3616-2020;R-004_Plot-082;0.54590875;40.7871;0.21733713;61.19759;-1.5460786;28.892365;12.596018;34.041927;0.038174562;0.034357106;10
83;QUC 3606-2020;R-004_Plot-083;0.5429164;40.428288;0.32172662;62.576923;0.5422826;38.54937;19.905764;42.728516;1.75E-04;0;100
84;QUC 4552-2021;R-004_Plot-084;0.46118236;42.04148;0.33660942;54.18866;-0.43128252;35.260845;16.12827;37.875374;8.83E-04;0;100
85;QUC 3555-2017  ;R-004_Plot-085;0.42725828;49.707615;0.339759;51.29252;-4.8412857;34.31801;8.803167;37.191727;0.023109244;1.75E-04;99.24242424
86;QUC 3582-2020;R-004_Plot-086;0.40290463;54.55644;0.20861733;46.78623;-5.927609;23.155989;2.839373;26.619102;0.073308603;0.048048048;34.45783133
87;QUC 3678-2020;R-004_Plot-087;0.5199273;45.64388;0.26605642;59.76989;-3.457878;32.851078;11.167762;37.885384;0.030659537;0.023707665;22.6744186
88;QUC 3625-2020;R-004_Plot-088;0.49894264;38.3694;0.30192643;57.330246;1.4695652;34.053288;19.010319;37.30343;1.80E-04;0;100
89;QUC 3401-2020;R-004_Plot-089;0.5120581;41.98431;0.30949175;59.274353;-0.78702396;35.913155;16.42523;39.89609;8.99E-04;0;100
90;QUC 3543-2020;R-004_Plot-090;0.47850755;40.618023;0.21415108;54.0886;-1.4137589;25.741602;10.912596;29.621412;0.062601187;0.053426875;14.65517241
91;QUC 3632-2021;R-004_Plot-091;0.4904771;35.369595;0.19254416;54.61792;0.53430283;23.832394;13.056321;27.457632;0.034132171;0.027051561;20.74468085
92;QUC 4600-2021;R-004_Plot-092;0.43611574;47.418255;0.30277598;51.45692;-3.7789402;31.694925;9.480219;34.867104;0.069535221;0;100
93;QUC 3584-2018;R-004_Plot-093;0.38499787;49.864655;0.26683003;45.389965;-4.5450225;26.332865;5.890235;28.871937;0.09675646;0;100
94;QUC 4605-2021;R-004_Plot-094;0.41702917;49.42674;0.29185688;49.339382;-4.6284966;29.939068;7.402484;32.990276;0.038116181;0;100
95;QUC 3521-2020;R-004_Plot-095;0.5097981;51.268494;0.20820826;58.124775;-5.9133925;27.565887;5.2277637;33.07307;0.062523122;0.047169811;24.55621302
96;QUC 3525-2022;R-004_Plot-096;0.43128285;50.254913;0.28339785;50.865536;-5.126895;30.17804;6.893178;33.695885;0.070107288;0;100
97;QUC 3326-2019;R-004_Plot-097;0.49162436;42.54574;0.30704087;57.102173;-1.1826961;34.623703;15.081753;38.308304;0.039589169;0;100
98;QUC 3317-2019;R-004_Plot-098;0.38893053;47.711502;0.27983224;45.854107;-3.7004075;27.300804;7.483716;29.650566;0.056395892;0.00690943;87.74834437
99;QUC 3547-2022;R-004_Plot-099;0.45303607;44.39891;0.21546865;51.68644;-2.8968904;25.111279;8.273492;28.85336;0.021116139;0.015837104;25
100;QUC 4598-2021;R-004_Plot-100;0.43498144;43.106403;0.32744718;51.278492;-1.2299589;33.080643;13.77042;35.433197;0.003205128;0;100
101;QUC 3518-2022;R-005_Plot-101;0.47692263;47.72241;0.3324769;56.506042;-4.10242;36.605686;11.260467;40.43092;0.009992459;0;100
102;QUC 3524-2022;R-005_Plot-102;0.42836806;59.222233;0.18934554;49.50632;-7.2166266;23.02222;1.0940986;27.283455;0.127262443;0.044117647;65.33333333
103;QUC 3414-2020;R-005_Plot-103;0.52769035;42.742104;0.33105856;61.407505;-0.985213;38.857895;17.461885;43.008945;7.47E-04;0;100
104;QUC 3544-2020;R-005_Plot-104;0.5207729;40.574642;0.29613405;59.819637;-0.071449235;35.005844;17.256058;39.09328;7.47E-04;0;100
105;QUC 3636-2020;R-005_Plot-105;0.40889573;50.54503;0.29659647;48.598324;-5.0779715;29.966476;6.693545;32.90444;0.033481317;0;100
106;QUC 3421-2020;R-005_Plot-106;0.45316994;59.282112;0.16020328;51.637886;-6.9722624;21.46227;0.8808976;26.081182;0.078061413;0.039030707;50
107;QUC 4454-2021;R-005_Plot-107;0.4459977;52.377052;0.2191422;51.557964;-5.78237;25.810917;4.340602;30.062044;0.061205791;0.016492578;73.05389222
108;QUC 3859-2021;R-005_Plot-108;0.4706676;46.338787;0.33338612;55.675022;-3.2174196;36.120163;12.346277;39.60374;0.018508338;0;100
109;QUC 3532-2022;R-005_Plot-109;0.4207938;53.19293;0.2522542;49.409973;-6.0475206;27.377329;4.421994;31.06809;0.078976035;0;100
110;QUC 3655-2020;R-005_Plot-110;0.4748162;55.244656;0.18627626;54.246628;-6.6353164;24.395124;2.6741438;29.39014;0.106935367;0.069172113;35.31409168
111;QUC 3534-2020;R-005_Plot-111;0.45130047;69.16257;0.19792563;52.784508;-10.539467;25.515442;-2.5194886;30.963388;0.280985789;0.090663788;67.73367478
112;QUC 3648-2020;R-005_Plot-112;0.48641396;47.83621;0.30892885;57.146713;-4.305337;35.160515;10.502536;39.44467;0.036877136;8.99E-04;97.56097561
113;QUC 4541-2021;R-005_Plot-113;0.4099567;47.80219;0.2773931;48.18859;-3.8916533;28.27735;7.770186;31.124262;0.02230617;0;100
114;QUC 3311-2019;R-005_Plot-114;0.40321884;61.61281;0.2765271;48.47251;-9.086236;29.091822;0.65314907;32.926304;0.432976827;0.034224599;92.09551256
115;QUC 3649-2020;R-005_Plot-115;0.5110435;45.259327;0.2768849;58.976135;-3.1473503;33.33882;11.761935;38.073536;0.060236707;0.046458223;22.87390029
116;QUC 3454-2020  ;R-005_Plot-116;0.46591535;45.254704;0.33840734;55.111168;-2.483327;36.116245;13.400304;39.27956;0.004551821;0;100
117;QUC 4483-2021;R-005_Plot-117;0.43993664;47.441845;0.3359406;52.42013;-3.701254;34.566494;10.70897;37.49078;0.010775481;0;100
118;QUC 3410-2020;R-005_Plot-118;0.5174214;46.474693;0.35554886;61.20825;-3.3399954;40.95935;14.4951;45.19601;0.004201681;0.003326331;20.83333333
119;QUC 3638-2020;R-005_Plot-119;0.5193807;45.65977;0.20350587;58.621384;-3.7933242;26.992722;8.188713;32.171318;0.04945341;0.038348083;22.45614035
120;QUC 4546-2021;R-005_Plot-120;0.5094175;46.776585;0.35844797;60.427933;-3.5173228;40.748978;14.051856;44.829502;0.026548673;0;100
121;QUC 4481-2021;R-005_Plot-121;0.40823102;48.94659;0.31957984;48.74259;-4.328413;31.512808;8.336781;34.06962;0.038174562;0;100
122;QUC 3409-2020;R-005_Plot-122;0.481915;46.699463;0.20029831;54.69743;-3.9817734;25.250729;6.932789;29.782549;0.057619539;0.04626763;19.70149254
123;QUC 3404-2020;R-005_Plot-123;0.42450297;35.69656;0.2957995;48.91261;2.7025752;29.1557;17.961304;30.702143;0.007502131;0.005285592;29.54545455
124;QUC 3741-2020;R-005_Plot-124;0.44434547;44.396923;0.28113222;51.741848;-2.4060478;30.09003;10.958801;33.285107;0.04057971;0.027280477;32.77310924
125;QUC 3528-2022;R-005_Plot-125;0.3493649;59.155888;0.24623585;41.610344;-6.956832;23.654276;1.3375276;26.078125;0.528275862;1.72E-04;99.96736292
126;QUC 3407-2020;R-006_Plot-126;0.44020894;41.342976;0.3212486;51.571877;-0.22501406;32.684883;15.183563;34.979485;8.62E-04;0;100
127;QUC 3631-2020;R-006_Plot-127;0.44759846;40.730595;0.30622017;52.10665;-0.08855601;31.859716;15.149963;34.408848;0.030520034;0;100
128;QUC 3401-2018;R-006_Plot-128;0.38537312;49.460552;0.2870497;45.70017;-4.3866854;27.779165;6.6599355;30.149296;0.082352941;0.01602728;80.53830228
129;QUC 3657-2020;R-006_Plot-129;0.4704812;58.122242;0.23493224;54.922268;-8.219712;28.845652;2.162964;34.098167;0.11627107;0.079463364;31.65680473
130;QUC 3311-2019;R-006_Plot-130;0.36053982;58.264114;0.28211468;43.42778;-7.360393;26.773579;1.9658183;29.27111;0.377754642;0;100
131;QUC 3626-2020;R-006_Plot-131;0.5706782;39.7103;0.2946319;64.942894;0.56318384;37.38265;19.7577;42.309837;0.006073226;0;100
132;QUC 4568-2021;R-006_Plot-132;0.46769944;63.209175;0.20247883;54.282;-9.1111765;26.174137;-0.18319656;31.61738;0.170744404;0.064202672;62.39837398
133;QUC 3622-2021;R-006_Plot-133;0.4680462;47.891823;0.26721334;54.42956;-4.310591;30.554535;8.537369;34.744125;0.025385154;0.011204482;55.86206897
134;QUC 3492-2018;R-006_Plot-134;0.3862437;60.187397;0.28818935;46.63684;-8.479844;28.883715;1.3247749;32.133472;0.568274157;1.77E-04;99.96891514
135;QUC 4323-2021;R-006_Plot-135;0.42207372;50.669945;0.31716555;50.42943;-5.276772;32.34516;7.4011164;35.42947;0.033088235;0;100
136;QUC 3594-2017  ;R-006_Plot-136;0.42894685;64.05127;0.23216796;50.691063;-9.463963;27.050943;-0.49606776;31.743448;0.249779191;0.037625861;84.93635078
137;QUC 3635-2020;R-006_Plot-137;0.4102888;50.936977;0.2923178;48.719856;-5.2449484;29.748499;6.385408;32.78782;0.018894831;0;100
138;QUC 3536-2022;R-006_Plot-138;0.4220113;51.48334;0.27692652;49.83034;-5.556664;29.26729;5.8531165;32.731308;0.062601187;7.20E-04;98.85057471
139;QUC 3646-202;R-006_Plot-139;0.53240263;43.413887;0.30527788;61.545055;-1.8080691;36.856987;15.437516;41.521683;0.007735204;0.001259219;83.72093023
140;QUC 3214-2020;R-006_Plot-140;0.48099008;52.205086;0.2038148;55.04517;-5.94529;25.998636;4.3726625;30.968977;0.087245908;0.064939737;25.56701031
141;QUC 3487-2018  ;R-006_Plot-141;0.44282094;80.732544;0.15203023;51.505737;-11.87746;21.83137;-5.836542;27.359474;0.597494553;0.083514887;86.02248557
142;QUC 4423-2021;R-006_Plot-142;0.49555632;44.081944;0.3331266;58.13922;-1.8661374;37.316578;15.134755;41.002754;0.012345679;0;100
143;QUC 3531-2018;R-006_Plot-143;0.40863028;59.63719;0.27004576;48.8296;-8.391611;28.728416;1.5291185;32.57155;0.510353674;0;100
144;QUC 4470-2021;R-006_Plot-144;0.4634566;49.80021;0.2557884;53.903873;-5.143445;29.549746;6.877097;33.889637;0.049477735;0.009895547;80
145;QUC 3313-2019;R-006_Plot-145;0.5134842;50.051918;0.19428217;58.16521;-5.4296126;26.292898;5.421889;31.730959;0.046984832;0.034961154;25.59055118
146;QUC 3679-2016;R-006_Plot-146;0.40968546;52.446968;0.29366034;48.803146;-5.9097886;29.97725;5.512497;33.13649;0.160562338;3.70E-04;99.76958525
147;QUC 4636-2021;R-006_Plot-147;0.47823152;38.677788;0.29713482;55.07347;1.1069939;32.55035;17.594883;35.512424;0.004481793;0;100
148;QUC 3572-2018;R-006_Plot-148;0.4846361;33.185257;0.28989226;55.03573;4.6753545;31.5701;22.763786;33.87973;3.73E-04;0;100
149;QUC 3635-2020;R-006_Plot-149;0.45972434;42.719734;0.21017241;52.198948;-2.3136983;24.797968;9.03972;28.538177;0.020927602;0.017533937;16.21621622
150;QUC 3419-2020;R-006_Plot-150;0.50872964;43.670025;0.31596774;59.22388;-1.8000239;36.533344;15.075035;40.63193;0.001319759;0;100
151;QUC 3581-2018;R-007_Plot-151;0.39933214;41.42241;0.31162047;46.90282;-0.41576886;29.550894;13.188662;31.1442;5.66E-04;0;100
152;QUC 3588-2020;R-007_Plot-152;0.4624745;55.84829;0.19893008;53.19816;-6.8450475;25.059813;2.592975;29.885021;0.078242836;0.059200603;24.3373494
153;QUC 4539-2021;R-007_Plot-153;0.43342185;63.175472;0.17628723;50.009388;-7.9646025;22.35583;-0.20624845;26.874395;0.099159664;0.045751634;53.8606403
154;QUC 3507-2020;R-007_Plot-154;0.44567966;53.705376;0.28377664;52.77108;-6.766604;31.358765;5.0722375;35.5409;0.11914099;0.001680672;98.58934169
155;QUC 3501-2020;R-007_Plot-155;0.3906381;58.805977;0.25479794;46.45826;-7.6171627;26.473656;1.6861686;29.860119;0.408435072;0.002404735;99.41123188
156;QUC 3595-2020;R-007_Plot-156;0.42479578;81.23383;0.12386012;48.8296;-10.168673;18.509151;-4.828315;23.226555;0.329078801;0.070292268;78.63968522
157;QUC 3319-2020;R-007_Plot-157;0.44374403;69.149155;0.16432345;51.204742;-9.2963705;22.11099;-2.141947;27.100554;0.157045996;0.051493495;67.21120187
158;QUC 3598-2020;R-007_Plot-158;0.49701348;45.11539;0.38166165;59.257538;-2.067448;41.70511;16.4936;44.89622;9.16E-04;0;100
159;QUC 3597-2020;R-007_Plot-159;0.41940188;56.239822;0.25404882;49.51002;-7.148615;27.728745;2.9807558;31.622047;0.21768337;0.001452433;99.33277731
160;QUC 3679-2016  ;R-007_Plot-160;0.3853511;92.14178;0.11887866;44.957176;-11.672786;17.492418;-7.2073503;21.850155;0.624727669;0.110203341;82.35977913
161;QUC 3634-2020;R-007_Plot-161;0.48607138;57.155224;0.17488408;55.333412;-7.11723;23.933413;1.8295798;29.21713;0.077352042;0.051627991;33.25581395
162;QUC 3418-2020;R-007_Plot-162;0.43673253;66.5775;0.18186748;50.673206;-9.058322;23.238382;-1.3732717;28.067577;0.228278467;0.033998921;85.10638298
163;CBC 509 CHILE/SOMAT_3.1//BOOMER_18/LOTUS_4/6/ZAMPULLIN_2/GUANAY/5/NETTA_4/DUKEM_12//RASCON_19/3/SORA/2*PLATA_12/4/GREEN_18/FOCHA_1//AIRON_1/7/ZAKA/3/AJAIA_12/F3LOCAL(SEL.ETHIO.135.85)//PLATA_13/4/SOOTY_9/RASCON_37//WODUCK/CHAM_3/8/SELIM//SOUAI/FUMA_1;R-007_Plot-163;0.42012402;52.261246;0.2441256;49.137924;-5.6623063;26.619131;4.6737957;30.24987;0.061341968;0;100
164;QUC 3310-2020;R-007_Plot-164;0.37088;59.509045;0.2428543;44.04626;-7.343641;24.56049;1.2547615;27.540127;0.518181818;0;100
165;QUC 3656-2020;R-007_Plot-165;0.45581135;59.64819;0.19330835;52.59268;-7.7510753;24.559563;1.0649716;29.462523;0.102808691;0.054054054;47.42268041
166;QUC 4533-2021;R-007_Plot-166;0.35752323;52.1075;0.27080923;42.482147;-5.105448;25.2855;4.5053596;27.340006;0.096113445;0;100
167;QUC 3589-2020;R-007_Plot-167;0.40683523;52.21859;0.23917353;47.573822;-5.476793;25.560654;4.438563;28.901957;0.112700936;5.30E-04;99.52978056
168;QUC 3536-2018;R-007_Plot-168;0.44037572;61.58307;0.242369;51.996933;-9.054763;28.303467;0.6047886;33.103832;0.50017507;0.020483193;95.90479524
169;QUC 3558-2018;R-007_Plot-169;0.44416866;78.876656;0.13930726;51.20826;-10.758563;20.506317;-4.8225765;25.757965;0.352247094;0.073919833;79.01477833
170;QUC 3522-2020;R-007_Plot-170;0.44743085;55.45592;0.27082723;52.875;-7.396508;30.543558;3.8662553;34.984486;0.142287003;0;100
171;QUC 35783-2020;R-007_Plot-171;0.5257608;43.69983;0.3969155;62.48939;-0.7906177;44.767227;19.996683;48.019848;5.21E-04;0;100
172;QUC 3313-2020;R-007_Plot-172;0.43437168;70.974945;0.18407589;50.73031;-10.309365;23.666956;-2.9549096;28.73259;0.415548676;0.072067423;82.65728477
173;QUC 3529-2017;R-007_Plot-173;0.36065772;85.26689;0.13926762;42.309864;-10.606662;17.854908;-5.6270947;21.568932;0.654049446;0.112872975;82.74244004
174;QUC 3545-2020;R-007_Plot-174;0.4018127;61.14529;0.24199712;47.64446;-8.308678;26.250753;0.70045996;30.086405;0.177493606;0.039727195;77.61767531
175;QUC 3519-2022;R-007_Plot-175;0.3999207;53.679256;0.24135906;46.938915;-5.93403;25.515837;3.7331574;28.804113;0.101724138;0;100
176;QUC 4628-2021;R-008_Plot-176;0.37482086;54.894302;0.2449925;44.248158;-6.060831;24.596613;3.0525212;27.376442;0.213275862;0;100
177;QUC 4222-2021;R-008_Plot-177;0.43614355;55.321712;0.19729298;50.2888;-6.403689;23.761509;2.5729778;27.986988;0.135208866;0.044501279;67.08701135
178;QUC 4548-2021;R-008_Plot-178;0.45340803;73.72783;0.17283684;52.73077;-11.025004;23.65313;-3.9246893;29.232908;0.367604433;0.109803922;70.12987013
179;QUC 3534-2018  ;R-008_Plot-179;0.41604534;84.8393;0.14041024;48.514503;-11.807544;20.041912;-6.4371543;25.034163;0.716718266;0.130546956;81.78545716
180;QUC 3663-2020;R-008_Plot-180;0.4772923;51.39453;0.22047102;54.897007;-5.744454;27.270567;5.1703496;32.11848;0.123720285;0;100
181;QUC 3526-2022;R-008_Plot-181;0.42363015;60.951847;0.24556822;50.151203;-8.659026;27.662605;0.8422847;32.013775;0.628492105;0.001908728;99.69630039
182;QUC 4614-2021;R-008_Plot-182;0.46842706;59.843754;0.16341168;53.36026;-7.3492584;22.364956;0.77376306;27.350151;0.104806524;0.05413847;48.34437086
183;QUC 3573-2020;R-008_Plot-183;0.41808942;71.24198;0.16255301;48.47251;-9.315193;21.089067;-2.6236386;25.607775;0.351190476;0.039565826;88.7337986
184;QUC 3533-2022;R-008_Plot-184;0.37219596;62.172577;0.2208255;43.971302;-7.7262616;23.17249;0.22564784;26.362492;0.707472178;0.006006006;99.15106117
185;QUC 4553-2021;R-008_Plot-185;0.4088302;59.570923;0.24427569;48.37304;-7.9554343;26.663042;1.3828832;30.559303;0.50087535;0.00140056;99.72037749
186;QUC 4224-2021;R-008_Plot-186;0.40471545;58.589397;0.21906298;47.40049;-7.2211447;24.361408;1.5152634;28.112064;0.201731143;0.048931284;75.74430823
187;QUC 3315-2019;R-008_Plot-187;0.40410313;55.33472;0.27105772;48.022446;-6.8123746;28.171108;3.5228944;31.571615;0.235828877;0.011586453;95.08692366
188;QUC 3309-2020;R-008_Plot-188;0.39869472;61.16209;0.28353298;48.057293;-8.960906;29.354181;0.89524066;33.013058;0.650836481;5.40E-04;99.91708126
189;QUC 3531-2022;R-008_Plot-189;0.49253932;48.551785;0.31570995;58.014797;-4.7297816;36.187454;10.313326;40.6407;0.023745278;0;100
190;QUC 3610-2020;R-008_Plot-190;0.47218987;64.09478;0.2051965;54.88437;-9.529256;26.69257;-0.5595373;32.318287;0.194639324;0.101277208;47.96672828
191;QUC 3534-2022;R-008_Plot-191;0.42956415;74.95506;0.18532008;50.49054;-11.442149;23.901289;-4.443056;29.126398;0.714415396;0.147240378;79.39008895
192;QUC 3517-2017  ;R-008_Plot-192;0.47171175;55.01831;0.32674807;56.599552;-8.048249;36.673294;5.347355;41.34659;0.200254176;0;100
193;QUC 3416-2020;R-008_Plot-193;0.5106031;54.419872;0.2902528;60.09759;-7.9067326;35.6274;5.483933;41.382374;0.161993769;0;100
194;QUC 3558-2020;R-008_Plot-194;0.45628583;53.36318;0.22393954;52.83146;-6.286149;26.79533;4.069343;31.35093;0.059739784;0.021806854;63.49693252
195;QUC 4562-2021;R-008_Plot-195;0.48975337;68.7937;0.16007006;56.034836;-9.77457;23.446812;-2.176473;29.36224;0.156307806;0.065482797;58.10650888
196;QUC 4537-2021;R-008_Plot-196;0.44795308;48.785477;0.28848076;52.666847;-4.584857;31.361324;8.278065;35.069542;0.077691454;0;100
197;QUC 3409-2020;R-008_Plot-197;0.4533175;53.146473;0.29010916;53.685486;-6.657851;32.25586;5.6247444;36.530884;0.118207283;0;100
198;QUC 3630-2020;R-008_Plot-198;0.40965247;49.855896;0.27189165;48.238647;-4.7583437;28.04125;6.4347253;31.10703;0.065359477;0;100
199;QUC 3624-2020;R-008_Plot-199;0.4338672;56.12205;0.18371922;49.84133;-6.411452;22.565031;2.063287;26.749517;0.095211161;0.051847662;45.54455446
200;QUC 3509-2017 ;R-008_Plot-200;0.36104262;58.421616;0.24158132;42.83746;-6.8664975;23.88465;1.6058465;26.564348;0.483220211;0;100
201;QUC 3679-2020;R-009_Plot-201;0.3593384;60.27697;0.22946602;42.5517;-7.190107;23.055214;0.85327274;25.828276;0.57861991;0;100
202;QUC 3493-2018;R-009_Plot-202;0.3983808;87.4397;0.11513525;46.027924;-10.550316;17.226734;-5.8440223;21.549833;0.439668175;0.100113122;77.22984563
203;QUC 3509-2017;R-009_Plot-203;0.37191072;86.23193;0.13545322;43.544445;-10.899414;18.029997;-5.9587126;22.010937;0.547712418;0.099906629;81.75929083
204;QUC 3614-2020;R-009_Plot-204;0.42931035;52.528633;0.26227748;50.479763;-5.9613347;28.590422;5.068785;32.383842;0.083286648;0.004855275;94.17040359
205;QUC 4540-2021;R-009_Plot-205;0.38875958;58.4582;0.25232035;46.18025;-7.4447913;26.155043;1.797938;29.479399;0.463374029;3.70E-04;99.92015968
206;QUC 3772-2021;R-009_Plot-206;0.45110035;81.28634;0.13286585;51.92818;-11.174635;20.310886;-5.4758053;25.749384;0.37236404;0.081761006;78.04272231
207;QUC 3417-2020;R-009_Plot-207;0.4786197;61.606007;0.18993843;55.095467;-8.5071535;25.356688;0.39250377;30.860748;0.076965366;0.040315191;47.61904762
208;QUC 3584-2020;R-009_Plot-208;0.48111403;51.73445;0.2937622;56.683804;-6.2921343;33.980354;7.035256;38.72766;0.061389042;1.83E-04;99.70149254
209;QUC 3618-2020;R-009_Plot-209;0.47446117;49.956654;0.3249036;56.345608;-5.388548;36.090233;9.113214;40.23265;0.02432825;0;100
210;QUC 3489-2018  ;R-009_Plot-210;0.44797444;58.52689;0.27839088;53.323936;-8.7107725;31.506266;2.3301215;36.205574;0.419571532;0;100
211;QUC 4480-2021;R-009_Plot-211;0.468214;67.75058;0.18900359;54.333397;-10.100578;25.307579;-1.9352368;30.980482;0.153444864;0.064040295;58.26494725
212;QUC 3513-2020;R-009_Plot-212;0.36662164;65.2912;0.21096414;43.34223;-8.271888;22.3925;-0.8235261;25.618263;0.831084727;0.019427955;97.66233766
213;QUC 3632-2020;R-009_Plot-213;0.43744126;47.061954;0.24621904;50.68035;-3.7902257;27.180067;7.711223;30.73472;0.022126282;0;100
214;QUC 3601-2020;R-009_Plot-214;0.49892727;50.23635;0.31475645;58.877144;-5.741253;36.69175;9.038123;41.51857;0.006060606;0;100
215;QUC 4597-2021;R-009_Plot-215;0.41760793;82.92936;0.10566813;47.65622;-9.38752;16.654781;-4.531505;20.987764;0.290937997;0.080904434;72.191864
216;QUC 3543-2022;R-009_Plot-216;0.4335661;74.28723;0.16872436;50.497723;-10.652595;22.512098;-3.883737;27.626867;0.337359944;0.099089636;70.62791905
217;QUC 3224-2020;R-009_Plot-217;0.46798357;51.06982;0.29262686;55.158237;-5.8415465;33.08;7.252849;37.458195;0.02490726;1.77E-04;99.29078014
218;QUC 4557-2021;R-009_Plot-218;0.39746094;55.45898;0.22774887;46.55174;-6.340035;24.471977;2.749249;27.855455;0.267156863;0.004901961;98.16513761
219;QUC 3581-2020;R-009_Plot-219;0.43237695;79.28043;0.13173151;49.749638;-10.244877;19.371317;-4.580424;24.268866;0.279194864;0.066458442;76.19639528
220;QUC 3637-2020;R-009_Plot-220;0.4291025;49.802822;0.2645458;50.277958;-4.865557;28.49613;6.609487;32.031498;0.015443345;0;100
221;QUC 3661-2020;R-009_Plot-221;0.47878233;51.370667;0.32243055;56.926445;-6.1820836;36.311447;8.050293;40.748928;0.022557696;0;100
222;QUC 3613-2017 ;R-009_Plot-222;0.39283928;65.26043;0.22053593;46.490807;-8.933313;24.40206;-0.8876285;28.273724;0.89370485;0.00997592;98.88375674
223;QUC 3561-2020;R-009_Plot-223;0.40667483;86.98482;0.112481534;46.842567;-10.449524;17.208223;-5.726246;21.636295;0.434953112;0.088320546;79.69423755
224;QUC 3627-2020;R-009_Plot-224;0.45163906;46.3254;0.26455158;52.457424;-3.4726634;29.314024;9.144162;32.996872;0.011764706;0;100
225;QUC 4543-2021;R-009_Plot-225;0.4245781;50.653324;0.23026472;49.287273;-5.0683284;25.588228;5.1440177;29.230345;0.076034483;0;100
226;QUC 3423-2020;R-010_Plot-226;0.33499798;56.417393;0.24603301;39.793068;-6.0197997;22.6856;2.1643052;24.617044;0.303103448;0;100
227;QUC 3117-2020;R-010_Plot-227;0.46077108;59.29028;0.15642422;52.379406;-7.0006313;21.402496;0.83850145;26.147694;0.129752771;0.031884058;75.42706965
228;QUC 3422-2020;R-010_Plot-228;0.46506175;70.480095;0.15117967;53.27765;-9.481501;21.785393;-2.4964602;27.158365;0.195396419;0.075532822;61.34380454
229;QUC 3611-2020;R-010_Plot-229;0.37976536;58.174232;0.25931132;45.254845;-7.295221;26.177212;1.961506;29.237818;0.472996216;0;100
230;QUC 3212-2020;R-010_Plot-230;0.42424142;50.004906;0.2639975;49.745964;-4.9139285;28.214052;6.392874;31.663235;0.040777373;0;100
231;QUC 3672-2018  ;R-010_Plot-231;0.40797362;56.192238;0.26566154;48.42664;-7.1054683;28.045456;3.0880468;31.623648;0.248308173;0;100
232;QUC 3406-2020;R-010_Plot-232;0.46450344;58.195923;0.14447898;52.49467;-6.5636415;20.384258;1.032602;25.040638;0.108623981;0.044941871;58.62619808
233;QUC 3606-2021;R-010_Plot-233;0.42797828;52.08048;0.27279037;50.472576;-5.817349;29.32114;5.5444036;32.99352;0.100840336;0.00245098;97.56944444
234;QUC 3316-2019;R-010_Plot-234;0.40347967;55.92625;0.28444928;48.227104;-7.1689415;29.22833;3.4014537;32.599663;0.240770182;0;100
235;UC-1218;R-010_Plot-235;0.44619286;76.29938;0.14327538;51.37657;-10.312247;20.76073;-4.1005454;25.96138;0.368347339;0.083158263;77.42395437
236;QUC 3529-2022;R-010_Plot-236;0.4065009;83.55619;0.13025314;47.114788;-10.7074175;18.63796;-5.498815;23.185602;0.571453807;0.140081258;75.48686244
237;QUC 4255-2021;R-010_Plot-237;0.4124328;57.75918;0.2204482;48.238647;-7.131309;24.781446;1.8400549;28.663654;0.387522282;0.010695187;97.2401104
238;QUC 3223-2020;R-010_Plot-238;0.55252004;45.982723;0.26979065;63.32078;-3.7725568;34.882988;11.788963;40.62045;0.005396654;0;100
239;QUC 3218-2020;R-010_Plot-239;0.5162033;52.19084;0.28188968;60.32177;-6.813851;34.90432;6.886975;40.57131;0.017988847;0.001618996;91
240;QUC 3546-2020;R-010_Plot-240;0.43312326;78.96236;0.15306193;50.357388;-11.238199;21.405958;-5.127143;26.61412;0.423637345;0.082568807;80.50955414
241;QUC 4538-2021;R-010_Plot-241;0.39383075;57.04955;0.24255586;46.494873;-6.9414897;25.5494;2.3011098;28.924719;0.351670298;5.45E-04;99.84512132
242;QUC 4561-2021;R-010_Plot-242;0.40493143;59.073067;0.27525532;48.46105;-8.212302;28.86716;1.8092135;32.559647;0.39070443;0.004538853;98.83828996
243;QUC 3562-2020;R-010_Plot-243;0.4075574;58.073627;0.24180216;48.0921;-7.446531;26.293264;1.950805;30.06347;0.426424776;0;100
244;QUC 3420-2020;R-010_Plot-244;0.41405836;65.12295;0.15525907;47.573822;-7.609488;19.9123;-0.75866044;23.968866;0.184900128;0.049294484;73.33994054
245;QUC 3532-2018  ;R-010_Plot-245;0.4106783;83.40366;0.13102293;47.585606;-10.796366;18.843388;-5.539495;23.486246;0.655752867;0.089530152;86.34696756
246;QUC 3213-2020;R-010_Plot-246;0.47395417;49.511814;0.27617544;55.373955;-5.1090374;31.809874;7.8971453;36.252472;0.041065483;0;100
247;QUC 3662-2020;R-010_Plot-247;0.42083988;51.07763;0.27732974;49.672413;-5.369716;29.190435;6.083774;32.586926;0.095051354;0;100
248;QUC 4255-2021;R-010_Plot-248;0.47732365;62.596478;0.19625169;55.14883;-8.909163;25.968048;0.058554407;31.547567;0.269281046;0.069281046;74.27184466
249;QUC 3523-2022;R-010_Plot-249;0.40111968;80.74127;0.1436758;46.69749;-10.595179;19.445187;-5.027039;23.90482;0.644042232;0.137254902;78.68852459
250;QUC 3639-2020;R-010_Plot-250;0.38942668;56.4801;0.3347463;47.51484;-7.660149;32.220615;3.6491902;34.94187;0.353506787;1.89E-04;99.94666667
251;QUC 4596-2021;R-011_Plot-251;0.39870986;47.672726;0.30309147;47.293655;-3.6710246;29.563633;8.46949;31.926727;0.018665158;0;100
252;QUC 4544-2021;R-011_Plot-252;0.4915807;50.966064;0.21254396;56.248398;-5.648059;27.14688;5.342869;32.25101;0.094268477;0.064102564;32
253;QUC 3585-2020;R-011_Plot-253;0.43448517;69.11068;0.17758852;50.479763;-9.543927;22.943573;-2.173285;27.836515;0.2;0.077310924;61.34453782
254;QUC 3454-2017;R-011_Plot-254;0.39562222;58.56565;0.22380382;46.4664;-7.1515236;24.301437;1.5458106;27.83748;0.445378151;0.004668534;98.95178197
255;QUC 3225-2020;R-011_Plot-255;0.47021517;51.5934;0.2911957;55.430016;-6.1167026;33.144993;6.889382;37.642204;0.053644099;0;100
256;QUC 3615-2020;R-011_Plot-256;0.4399583;68.48424;0.19883192;51.509224;-10.140481;25.029404;-2.1775339;30.16378;0.262856086;0.044950055;82.89936664
257;QUC 3633-2020;R-011_Plot-257;0.40937504;77.69317;0.12687337;47.04296;-9.2301035;18.026426;-3.7500532;22.284925;0.236393623;0.085394906;63.87596899
258;QUC 3448-2017  ;R-011_Plot-258;0.40068462;56.532337;0.2579022;47.49515;-7.037697;27.057798;2.7709966;30.515776;0.293018142;1.83E-04;99.93746091
259;QUC 3328-2019  ;R-011_Plot-259;0.39158657;59.724766;0.3168878;47.726673;-8.806868;31.325865;1.7476907;34.519077;0.474219317;0;100
260;QUC 3623-2020;R-011_Plot-260;0.4081042;54.15051;0.25008374;48.030193;-6.250268;26.648092;3.7722282;30.131102;0.205156137;0;100
261;QUC 3586-2020;R-011_Plot-261;0.41600397;78.77747;0.14633316;48.292473;-10.5102;20.111519;-4.648668;24.828026;0.28440367;0.083288361;70.71473751
262;QUC 3678-2016;R-011_Plot-262;0.35522047;64.866066;0.24361861;42.58873;-8.646803;24.207132;-0.7118499;27.116346;0.826587516;0.010433531;98.73775843
263;QUC 3424-2020;R-011_Plot-263;0.41824636;57.35788;0.26835984;49.716564;-7.7035484;28.922276;2.6311479;32.83143;0.293398093;3.60E-04;99.87737584
264;QUC 3208-2020;R-011_Plot-264;0.44541168;56.4279;0.2744007;52.794575;-7.795298;30.825281;3.3819811;35.291595;0.24402852;0;100
265;QUC 3531-2018  ;R-011_Plot-265;0.40224588;91.935326;0.12593341;47.03497;-12.522199;18.751202;-7.8807545;23.614027;0.772831655;0.138844727;82.03428571
266;QUC 3678-2016  ;R-011_Plot-266;0.38523877;96.71309;0.1100139;44.957176;-12.178087;17.007349;-8.0604725;21.44763;0.739845938;0.133228291;81.99242783
267;QUC 3604-2020;R-011_Plot-267;0.4577842;49.905975;0.2671048;53.485455;-5.1631927;30.226313;7.071269;34.400414;0.054054054;0;100
268;QUC 3517-2022;R-011_Plot-268;0.41723812;60.55763;0.24800771;49.45077;-8.463347;27.48116;1.0179892;31.645784;0.540791317;0.00192577;99.6438977
269;QUC 3411-2020;R-011_Plot-269;0.41660467;79.758354;0.14379716;48.353874;-10.649704;19.97095;-4.8941264;24.723436;0.418879056;0.075828562;81.89726595
270;QUC 4550-2021;R-011_Plot-270;0.42574096;64.71796;0.27921504;51.338074;-10.698435;30.902973;-0.85091066;35.55922;0.693735901;0.009023078;98.69934967
271;QUC 3412-2020;R-011_Plot-271;0.3885626;52.61597;0.22511196;45.339363;-5.346135;23.60535;3.7471797;26.608995;0.150615999;0.003123373;97.92626728
272;QUC 4549-2021;R-011_Plot-272;0.43754697;61.414104;0.2463966;51.752224;-9.044074;28.482403;0.6732314;33.205967;0.530443756;0.00378397;99.28664073
273;QUC 3555-2017;R-011_Plot-273;0.38144398;73.38671;0.19010377;45.09787;-10.158995;22.035606;-3.4633198;26.0183;0.788235294;0.030179028;96.17131733
274;QUC 3548-2022;R-011_Plot-274;0.34850386;97.3534;0.12866628;41.39425;-12.782751;17.447546;-8.563393;21.385288;0.806820119;0.095822677;88.12341505
275;QUC 4595-2021;R-011_Plot-275;0.38077846;57.45209;0.19341946;44.230656;-6.24262;21.178522;1.5205117;24.312267;0.435689655;0.005344828;98.77324891
276;QUC 3593-2020;R-012_Plot-276;0.44577554;49.485058;0.29455996;52.59268;-4.895512;31.817562;7.9769053;35.505226;0.006034483;0;100
277;QUC 3599-2020;R-012_Plot-277;0.43846014;53.10659;0.28694773;51.972885;-6.466843;31.16477;5.3791857;35.104565;0.168115942;0;100
278;QUC 3613-2017;R-012_Plot-278;0.42619732;85.46346;0.13943619;49.65032;-12.154369;20.384874;-6.780615;25.635765;0.675021313;0.095140665;85.9055317
279;QUC 3742-2020;R-012_Plot-279;0.45742217;63.26164;0.2008689;53.135098;-8.943119;25.578253;-0.21728672;30.783754;0.357929137;0.059855521;83.27727054
280;QUC 3613-2020;R-012_Plot-280;0.4197528;51.38817;0.2787791;49.598698;-5.497888;29.282852;5.9255233;32.673424;0.066458442;0;100
281;QUC 3643-2020;R-012_Plot-281;0.5086417;47.82979;0.3030575;59.456062;-4.448078;35.904305;10.782143;40.72502;0.010064203;0;100
282;QUC 3530-2022;R-012_Plot-282;0.3882614;95.12701;0.098576486;44.84587;-10.951193;15.871275;-6.9009657;20.05015;0.583203193;0.076696165;86.84915204
283;QUC 3669-2020;R-012_Plot-283;0.46979758;65.89544;0.2399373;55.523254;-11.011467;29.965807;-1.432185;35.824352;0.272934174;0.044117647;83.83579217
284;QUC 3629-2020;R-012_Plot-284;0.45510173;52.509247;0.26772588;53.422916;-6.2501297;30.403372;5.5309815;34.76396;0.135135135;0;100
285;QUC 3621-2020;R-012_Plot-285;0.3950452;57.388775;0.2528488;46.8305;-7.2118235;26.44242;2.26446;29.846447;0.320378151;1.75E-04;99.94535519
286;QUC 3220-2020;R-012_Plot-286;0.42713788;78.24411;0.15552622;49.716564;-11.02568;21.347765;-4.860911;26.40403;0.45239357;0.163045398;63.95939086
287;QUC 4545-2021;R-012_Plot-287;0.4529803;77.5393;0.15423036;52.467587;-11.304269;22.17027;-4.9037313;27.758884;0.562388592;0.086809269;84.56418384
288;QUC 3526-2017;R-012_Plot-288;0.35651758;62.82915;0.23208034;42.412426;-7.865491;23.27378;0.009637282;26.113518;0.762007555;3.60E-04;99.95278565
289;QUC 4547-2021;R-012_Plot-289;0.44709292;59.56214;0.26137584;52.97527;-8.818408;30.09327;1.6479716;34.897144;0.443245188;0.004137435;99.06655844
290;QUC 3593-2017;R-012_Plot-290;0.42297116;65.544624;0.18331921;49.134182;-8.584064;22.703838;-0.9613023;27.16658;0.25849973;0.036877136;85.73416841
291;QUC 4636-2021;R-012_Plot-291;0.3991739;53.73164;0.21290725;46.39307;-5.692813;23.260744;3.1888707;26.588638;0.209513435;0.001270879;99.39341421
292;QUC 3679-2020;R-012_Plot-292;0.41316947;60.053516;0.25367516;49.070496;-8.343883;27.694225;1.2436492;31.719194;0.538852578;0.00308642;99.42722372
293;QUC 3414-2020;R-012_Plot-293;0.45919368;54.433685;0.29209185;54.49033;-7.3237486;32.89147;4.93355;37.42612;0.136155397;0;100
294;QUC 3213-2020;R-012_Plot-294;0.48517957;44.98533;0.28703249;56.339542;-2.8110206;32.843746;11.836442;36.920254;0.003115265;0;100
295;QUC 3493-2018;R-012_Plot-295;0.4479644;66.9088;0.15359247;51.30654;-8.463106;21.143322;-1.3645049;25.989323;0.204772475;0.063448021;69.01535682
296;QUC 4667-2021;R-012_Plot-296;0.38259745;51.8608;0.2398535;44.854446;-5.1264234;24.380291;4.3152704;27.150448;0.161857196;0;100
297;QUC 3555-2017  ;R-012_Plot-297;0.5299993;43.867477;0.33566964;61.881584;-1.7467377;39.575356;16.581663;43.908035;1.87E-04;0;100
298;QUC 3326-2019;R-012_Plot-298;0.538774;37.561398;0.20220536;59.932716;-0.22568882;26.801556;13.6211195;31.4755;0.021475257;0.018487395;13.91304348
299;QUC 3548-2022;R-012_Plot-299;0.43019155;47.483944;0.23315519;49.716564;-3.9371467;25.80442;6.8905735;29.297754;0.074660633;0.053167421;28.78787879
300;QUC 3646-202;R-012_Plot-300;0.50574464;38.347305;0.24376965;57.185272;0.24259791;29.279415;15.1704445;33.243652;0.013763198;0;100
301;QUC 3545-2020;R-013_Plot-301;0.45407537;34.14984;0.25918263;51.502254;2.855774;27.646505;17.908102;29.971655;1.89E-04;0;100
302;QUC 3223-2020;R-013_Plot-302;0.50395656;36.651936;0.2288875;56.623642;0.8153959;27.691063;15.329325;31.512224;0.010935143;0.009049774;17.24137931
303;QUC 3533-2022;R-013_Plot-303;0.44020677;60.445904;0.13663363;49.844994;-6.5925965;18.977123;0.32085985;23.19752;0.031185808;0.022782446;26.94610778
304;QUC 35783-2020;R-013_Plot-304;0.5350018;37.377426;0.25943762;60.38169;1.2271786;31.94549;18.119091;36.18847;3.73E-04;0;100
305;QUC 3532-2022;R-013_Plot-305;0.40556684;52.022762;0.23532516;47.357006;-5.3735023;25.186832;4.4305716;28.495792;0.041435442;0;100
306;QUC 3532-2018  ;R-013_Plot-306;0.38266465;57.344124;0.22008425;44.88016;-6.609572;23.29881;1.8483716;26.470495;0.367554569;0.003699593;98.99345747
307;QUC 3309-2020;R-013_Plot-307;0.35694733;58.38878;0.21173686;41.891235;-6.4123726;21.516184;1.3172698;24.159306;0.390874107;0.041781198;89.31082982
308;QUC 3208-2020;R-013_Plot-308;0.46310374;50.441017;0.32622886;55.158237;-5.54686;35.560234;8.572284;39.48804;0.082462892;0;100
309;QUC 4533-2021;R-013_Plot-309;0.36474577;59.160572;0.26259416;43.656197;-7.4647207;25.67693;1.4602722;28.429628;0.409222948;1.82E-04;99.95563443
310;QUC 3519-2022;R-013_Plot-310;0.39569947;64.89088;0.20604664;46.51113;-8.53435;23.338558;-0.7296494;27.226627;0.829883805;0.011982571;98.55611464
311;QUC 3595-2020;R-013_Plot-311;0.42779994;93.34888;0.08552021;48.662945;-10.330061;15.601692;-6.25969;20.175934;0.14570966;0.045331894;68.88888889
312;QUC 3772-2021;R-013_Plot-312;0.4127011;53.897865;0.21051049;47.863224;-5.8630295;23.706911;3.1993465;27.343237;0.236733225;0;100
313;QUC 3632-2021;R-013_Plot-313;0.43933797;41.71521;0.28687972;51.02143;-0.91710293;29.966427;13.064547;32.68832;5.40E-04;0;100
314;QUC 3526-2022;R-013_Plot-314;0.39816856;63.485218;0.23574787;47.265896;-8.832589;25.75014;-0.2286191;29.650055;0.758110517;7.13E-04;99.90594874
315;QUC 3117-2020;R-013_Plot-315;0.49488103;46.8895;0.20439452;56.153976;-4.1433663;26.167751;7.164885;30.97964;0.060766649;0.050874404;16.27906977
316;QUC 4470-2021;R-013_Plot-316;0.50611377;64.42504;0.18354964;58.066933;-9.552439;26.091915;-0.721745;32.33884;0.088235294;0.044117647;50
317;QUC 3407-2020;R-013_Plot-317;0.48983052;48.28652;0.30473357;57.492294;-4.5768967;35.043827;10.081315;39.495075;0.054054054;0;100
318;QUC 4598-2021;R-013_Plot-318;0.47226548;51.498722;0.31190914;56.025654;-6.163921;35.03398;7.545602;39.423553;0.034838936;0;100
319;QUC 3655-2020;R-013_Plot-319;0.49461174;61.29122;0.179394;56.56338;-8.3993435;24.97924;0.4476885;30.731497;0.167621031;0.083463474;50.20703934
320;QUC 3623-2020;R-013_Plot-320;0.4469441;47.989292;0.28069216;52.35223;-4.1903477;30.572456;8.544448;34.225395;0.032448378;0.011625889;64.17112299
321;QUC 3454-2020  ;R-013_Plot-321;0.5201532;42.72405;0.3151613;60.32722;-1.2144995;36.986244;16.28063;41.184715;6.94E-04;0;100
322;QUC 3610-2020;R-013_Plot-322;0.41977406;54.899967;0.27108198;49.75331;-6.8441863;29.008495;3.8958783;32.74509;0.206398349;3.44E-04;99.83333333
323;QUC 3310-2020;R-013_Plot-323;0.3776851;71.55344;0.21003455;44.969994;-10.204269;23.31969;-3.058918;27.183767;0.776811594;0.047911338;93.83230904
324;QUC 3657-2020;R-013_Plot-324;0.4326303;83.78635;0.15167588;50.58737;-12.549856;21.67095;-6.8217034;27.163124;0.234100597;0.062574595;73.27021122
325;QUC 3313-2020;R-013_Plot-325;0.38634214;60.62147;0.22109032;45.495113;-7.542319;23.77753;0.7643593;27.218788;0.583103448;0.002413793;99.58604376
326;QUC 3592-2020;R-014_Plot-326;0.38653663;50.222378;0.26087785;45.49931;-4.6596274;25.997097;5.614139;28.632124;0.017586207;0;100
327;QUC 3662-2020;R-014_Plot-327;0.40910956;49.95571;0.2114197;47.234146;-4.6134853;23.303514;4.7762094;26.595459;0.040920716;0.017220801;57.91666667
328;QUC 3633-2020;R-014_Plot-328;0.425643;72.472855;0.14252543;48.923912;-9.02332;19.683748;-2.7791994;24.228472;0.209207161;0.091730605;56.15321923
329;QUC 4628-2021;R-014_Plot-329;0.4192985;51.28544;0.2743252;49.465595;-5.404698;28.891504;5.9082894;32.28283;0.116787066;1.72E-04;99.85272459
330;QUC 4637-2021;R-014_Plot-330;0.417106;52.798294;0.23278242;48.64775;-5.7512307;25.59703;4.1290116;29.231527;0.206663196;0;100
331;QUC 3528-2017;R-014_Plot-331;0.32735562;68.96725;0.2244398;39.25225;-8.819337;21.66291;-1.9281294;24.113434;0.943085199;0.024986986;97.35050598
332;QUC 4543-2021;R-014_Plot-332;0.44383204;85.76846;0.11621946;50.93294;-11.166257;18.725395;-6.1117215;23.949162;0.270345306;0.095436405;64.69833119
333;QUC 3328-2019  ;R-014_Plot-333;0.41124022;61.79529;0.21012998;48.15003;-8.048626;24.179602;0.32075953;28.264204;0.095238095;0.042892157;54.96323529
334;QUC 3423-2020;R-014_Plot-334;0.38701496;55.565933;0.3041994;46.64898;-6.997882;29.719194;3.6953957;32.537964;0.158982512;0;100
335;QUC 4542-2021;R-014_Plot-335;0.5112883;46.92881;0.31981736;59.946484;-3.866293;37.45219;12.291071;42.053066;0.004551821;0;100
336;QUC 3536-2022;R-014_Plot-336;0.44620514;53.147137;0.20115238;51.313553;-5.8729343;24.3521;3.618445;28.64826;0.103338633;0.080021198;22.56410256
337;QUC 3530-2022;R-014_Plot-337;0.37360922;55.31609;0.26549768;44.466087;-6.3888803;26.075243;3.1387308;28.77357;0.263814617;0;100
338;QUC 3214-2020;R-014_Plot-338;0.50593764;42.519295;0.32558948;58.94788;-0.9164102;37.071747;16.618551;40.818535;3.60E-04;0;100
339;QUC 3224-2020;R-014_Plot-339;0.49226284;42.37548;0.2989958;57.02186;-1.1853139;33.95273;14.815463;37.711315;5.40E-04;0;100
340;QUC 3594-2017  ;R-014_Plot-340;0.46997264;64.30896;0.18688977;54.259495;-9.073081;24.906952;-0.6288451;30.374203;0.097859327;0.053786652;45.03676471
341;QUC 3501-2020;R-014_Plot-341;0.38967776;54.525154;0.23516673;45.746014;-6.0421233;24.58475;3.1634207;27.71617;0.194444444;0;100
342;QUC 4465-2021;R-014_Plot-342;0.40115985;54.66625;0.25518024;47.372826;-6.385299;26.727255;3.5670435;30.06842;0.120733479;7.26E-04;99.39849624
343;QUC 3590-2020;R-014_Plot-343;0.38132402;52.767124;0.26257813;45.11913;-5.55791;26.0724;4.3455772;28.777138;0.09052593;1.83E-04;99.79757085
344;QUC 3417-2020;R-014_Plot-344;0.4341793;46.75775;0.26535606;50.594532;-3.5784795;28.52521;8.528402;31.873648;0.056074766;0.030053143;46.40522876
345;QUC 3593-2020;R-014_Plot-345;0.4433694;44.001972;0.29145056;51.755684;-2.1173608;30.823286;11.666058;33.861473;7.40E-04;0;100
346;QUC 3555-2020;R-014_Plot-346;0.49681547;34.812943;0.26090163;56.123463;2.7388008;29.929691;19.191982;33.08488;1.85E-04;0;100
347;QUC 3559-2020;R-014_Plot-347;0.50489205;26.680136;0.20360458;55.454903;5.5688095;24.358994;21.078604;27.071732;5.60E-04;0;100
348;QUC 3422-2020;R-014_Plot-348;0.5250538;28.058466;0.12152189;56.81581;1.1702712;18.104025;11.4875965;21.675528;0.003174603;0.002427638;23.52941176
349;QUC 3636-2020;R-014_Plot-349;0.44276905;35.28267;0.24763793;50.25988;1.8277599;26.318054;15.665857;28.71329;0.007730015;0.005844646;24.3902439
350;QUC 3573-2020;R-014_Plot-350;0.44321787;34.4738;0.24267799;50.17297;2.140805;25.853516;15.935954;28.206871;5.66E-04;0;100
351;QUC 3492-2018;R-015_Plot-351;0.3969568;39.112286;0.26583552;45.841652;0.08944929;25.84471;12.423188;27.640057;0.001319759;0;100
352;QUC 4558-2021;R-015_Plot-352;0.43423292;31.431591;0.2266435;48.753956;3.2270126;23.869257;16.580294;25.864052;0.001131222;0;100
353;QUC 3616-2020;R-015_Plot-353;0.550454;31.912504;0.14476341;59.88587;0.6878725;21.261549;12.466635;25.556906;0.020354809;0.016246499;20.18348624
354;QUC 3609-2020;R-015_Plot-354;0.45368195;29.195572;0.21370143;50.479763;4.106569;23.44987;17.907887;25.618668;5.60E-04;0;100
355;QUC 3535-2022;R-015_Plot-355;0.46194234;40.89377;0.27293652;53.19816;-0.6732933;29.944468;13.6511135;33.152454;5.55E-04;0;100
356;QUC 3502-2020;R-015_Plot-356;0.55815035;37.100704;0.18598253;61.6321;-0.36379302;25.951666;13.152638;30.930662;0.047354791;0.038290788;19.140625
357;QUC 3586-2020;R-015_Plot-357;0.48094878;34.039528;0.27839828;54.592438;3.6773055;30.530897;20.722857;33.076378;5.50E-04;0;100
358;QUC 3409-2020;R-015_Plot-358;0.42050064;40.108803;0.281483;48.727436;-0.14709893;28.363901;13.355628;30.57285;3.67E-04;0;100
359;QUC 3679-2016;R-015_Plot-359;0.3691007;51.309616;0.2899167;44.02864;-4.99609;27.217546;5.4560003;29.347462;0.056100218;0;100
360;QUC 4595-2021;R-015_Plot-360;0.45659438;42.474632;0.26162905;52.602802;-1.6377842;28.917995;11.739268;32.299576;0.022694263;0.012890341;43.2
361;QUC 3859-2021;R-015_Plot-361;0.4884015;37.277256;0.29378587;55.958252;1.9831549;32.631958;19.091312;35.615833;5.40E-04;0;100
362;QUC 4459-2021;R-015_Plot-362;0.44267568;49.50837;0.29241592;52.216015;-4.8750625;31.463177;7.84546;35.09893;0.048389998;0;100
363;QUC 3313-2019;R-015_Plot-363;0.51704156;39.662075;0.27572042;58.995903;0.121639974;32.836475;16.613438;36.92828;7.20E-04;0;100
364;QUC 3411-2020;R-015_Plot-364;0.4643664;48.432507;0.2132026;53.1683;-4.5170774;25.784296;6.269503;30.111523;0.121746881;0.080748663;33.6749634
365;QUC 3678-2020;R-015_Plot-365;0.51516384;48.707546;0.23745334;59.032585;-5.000368;30.29471;7.755295;35.680668;0.127362657;0.096272743;24.41054092
366;QUC 3209-2020;R-015_Plot-366;0.47104597;45.891163;0.33710313;55.727528;-2.914088;36.391937;12.910974;39.776165;7.00E-04;0;100
367;QUC 3522-2022;R-015_Plot-367;0.47950163;51.001022;0.33617646;57.223793;-6.0375752;37.490562;8.705416;41.776928;0.052464229;0;100
368;QUC 3634-2020;R-015_Plot-368;0.53787786;39.207195;0.2139563;60.168816;-0.80414337;28.063938;13.301437;32.88511;0.080532213;0.065826331;18.26086957
369;QUC 3669-2020;R-015_Plot-369;0.52270573;45.269558;0.3298236;61.165604;-2.7700467;38.80595;14.615633;43.290104;0.08728093;0.06125282;29.82107356
370;QUC 3401-2020;R-015_Plot-370;0.46095955;50.344166;0.2993815;54.435963;-5.435447;33.17216;7.828005;37.262283;0.007287871;0;100
371;QUC 4425-2021;R-015_Plot-371;0.49180043;46.351856;0.3218779;57.796772;-3.391486;36.409367;12.41645;40.481205;0.001041124;0;100
372;QUC 3513-2020;R-015_Plot-372;0.37126163;58.984024;0.23865777;43.988956;-7.136859;24.240454;1.4216297;27.205984;0.483316133;0.002235982;99.53736655
373;QUC 3315-2019;R-015_Plot-373;0.44532442;53.059414;0.19895172;51.17661;-5.8344555;24.125666;3.5760236;28.397007;0.104859335;0.067348679;35.77235772
374;QUC 3596-2020;R-015_Plot-374;0.35509756;50.13017;0.27267706;42.089542;-4.3758945;25.111006;5.426099;26.94997;0.016538789;0;100
375;QUC 4222-2021;R-015_Plot-375;0.43504623;45.670204;0.24150646;50.234554;-3.2187054;26.538359;8.262861;29.937717;0.009827586;0;100
376;QUC 4255-2021;R-016_Plot-376;0.38916564;51.30531;0.2148577;45.170094;-4.8820715;22.774431;4.069694;25.726273;0.083275862;0.002586207;96.89440994
377;QUC 3546-2022;R-016_Plot-377;0.32990053;61.78868;0.2887466;40.168003;-8.006573;25.648243;0.51857466;27.548176;0.694458653;0.007331628;98.94426712
378;QUC 3606-2020;R-016_Plot-378;0.5573836;44.04736;0.20022213;62.37582;-3.2965755;28.043907;9.630032;33.781967;0.046888321;0.031372549;33.09090909
379;QUC 3582-2020;R-016_Plot-379;0.43981397;48.32788;0.30867332;52.055264;-4.2582316;32.4885;9.111571;35.79533;0.003611971;0;100
380;QUC 4541-2021;R-016_Plot-380;0.44743037;42.868473;0.3076371;52.32843;-1.3104962;32.208763;13.454219;35.019688;6.94E-04;0;100
381;QUC 3661-2020;R-016_Plot-381;0.53633493;41.174614;0.34873426;62.432648;0.4888166;40.76197;20.627;44.547215;6.94E-04;0;100
382;QUC 3509-2017 ;R-016_Plot-382;0.44637838;45.365837;0.31439734;52.5758;-2.6728678;32.99217;11.714065;36.02886;0.004858581;0;100
383;QUC 3301-2019;R-016_Plot-383;0.54744405;43.266266;0.22538179;61.721573;-2.684007;30.013569;11.3614855;35.471363;0.058473389;0.044117647;24.5508982
384;QUC 3555-2017  ;R-016_Plot-384;0.4842857;46.323654;0.35199755;57.492294;-3.1483994;38.5358;13.506839;42.08419;0.0063593;0;100
385;QUC 3406-2020;R-016_Plot-385;0.48359653;36.203884;0.28586024;55.214638;2.4765596;31.5743;19.350546;34.403156;3.50E-04;0;100
386;QUC 3544-2020;R-016_Plot-386;0.55599684;38.96559;0.23253697;62.305965;-0.30163172;30.564095;15.327615;35.610237;0.065536124;0.05370076;18.05929919
387;QUC 4614-2021;R-016_Plot-387;0.524386;34.83046;0.19755423;58.147884;0.98042136;25.519213;14.764235;29.640526;0.060071301;0.046524064;22.55192878
388;QUC 3635-2020;R-016_Plot-388;0.4499131;41.673058;0.3059652;52.454033;-0.6440472;32.071377;14.426316;34.79708;8.99E-04;0;100
389;QUC 3448-2017;R-016_Plot-389;0.4474553;46.69298;0.33685172;53.19816;-3.3097045;35.01656;11.54054;38.001877;8.99E-04;0;100
390;QUC 3425-2020;R-016_Plot-390;0.47896895;28.212173;0.1679421;52.5758;2.9110806;20.626534;15.017878;23.431002;0.001079331;7.20E-04;33.33333333
391;QUC 4323-2021;R-016_Plot-391;0.49189654;34.53546;0.24502993;55.36772;2.4131665;28.29921;17.92307;31.49298;0.01325345;0.01016703;23.28767123
392;QUC 3588-2020;R-016_Plot-392;0.48506108;39.078915;0.31509107;56.11736;1.2451462;34.501152;18.684208;37.41877;5.45E-04;0;100
393;QUC 3547-2022;R-016_Plot-393;0.44590616;37.367756;0.29096496;51.352077;1.6800413;30.138416;17.09425;32.37496;1.83E-04;0;100
394;QUC 4546-2021;R-016_Plot-394;0.5078111;34.185802;0.26104623;57.214905;3.210252;30.381874;20.237164;33.634922;5.50E-04;0;100
395;QUC 3614-2020;R-016_Plot-395;0.49068093;33.818962;0.18469244;54.41355;1.0317822;22.99865;13.418703;26.492071;0.022382538;0.016648169;25.61983471
396;QUC 3528-2017  ;R-016_Plot-396;0.34808192;53.962944;0.25591028;41.302517;-5.5427217;23.884352;3.326127;25.931833;0.196263411;0;100
397;QUC 3448-2017  ;R-016_Plot-397;0.49182355;35.105812;0.25238687;55.517044;2.2714105;29.002956;18.015545;32.20494;3.73E-04;0;100
398;QUC 3639-2020;R-016_Plot-398;0.4826293;31.464745;0.16522819;53.178257;1.3949912;20.843624;12.891077;24.0483;0.006722689;0.00410831;38.88888889
399;QUC 3572-2018;R-016_Plot-399;0.4408433;36.303265;0.15291983;49.002922;-0.76336217;18.854784;8.5301695;21.830505;0.044871795;0.036199095;19.32773109
400;QUC 3649-2020;R-016_Plot-400;0.4134554;38.100815;0.24859983;47.349094;0.32364798;25.28855;12.70603;27.452808;0.016402715;0;100
401;QUC 3419-2020;R-017_Plot-401;0.46960545;32.855686;0.2546745;52.968594;3.5965734;27.868412;19.304188;30.337603;7.54E-04;0;100
402;QUC 4535-2021;R-017_Plot-402;0.51096743;27.497696;0.1706782;55.823074;3.5804396;21.861898;16.879433;25.034683;0.00245098;0.00188537;23.07692308
403;QUC 3556-2020;R-017_Plot-403;0.5092909;36.024845;0.2719614;57.720886;2.3376756;31.654526;19.455402;35.092064;3.73E-04;0;100
404;QUC 3615-2020;R-017_Plot-404;0.5244306;26.57836;0.20495224;57.454056;5.9018903;25.208939;22.194761;28.176773;5.60E-04;0;100
405;QUC 3220-2020;R-017_Plot-405;0.4898665;27.69253;0.2222014;54.198326;5.6975155;25.44735;21.641617;27.878485;0;0;NaN
406;QUC 4224-2021;R-017_Plot-406;0.5026555;27.803205;0.15844071;54.881207;2.8209481;20.583525;15.043655;23.736778;0.018312986;0.014798372;19.19191919
407;QUC 3421-2020;R-017_Plot-407;0.5182615;28.08029;0.21863359;57.125935;5.570863;26.356659;22.169273;29.315243;0;0;NaN
408;QUC 3528-2020;R-017_Plot-408;0.56062144;35.462013;0.27265698;63.019325;3.009513;34.151966;22.1382;38.40594;0;0;NaN
409;QUC 4539-2021;R-017_Plot-409;0.5237696;32.33917;0.26096636;58.66983;4.562718;30.886387;22.74401;34.1184;3.63E-04;0;100
410;QUC 3622-2020;R-017_Plot-410;0.49328136;31.756443;0.21996832;54.925426;3.2310245;25.879665;18.09508;28.948677;0.002360203;0.001815541;23.07692308
411;QUC 3543-2022;R-017_Plot-411;0.52567834;32.979774;0.24312979;58.703987;3.5059445;29.46355;20.470192;33.030376;5.40E-04;0;100
412;QUC 3672-2018  ;R-017_Plot-412;0.5400833;36.16722;0.26906264;60.919495;2.2975547;32.921837;20.26563;36.97075;1.80E-04;0;100
413;QUC 3527-2020;R-017_Plot-413;0.4931284;40.36499;0.28860444;56.73186;-0.10353777;32.840755;16.025145;36.438698;1.80E-04;0;100
414;QUC 3311-2019;R-017_Plot-414;0.4360312;47.486965;0.30420208;51.47785;-3.8074117;31.810661;9.481632;34.975945;0.053297683;0.007486631;85.95317726
415;QUC 3581-2020;R-017_Plot-415;0.47805202;39.81755;0.20145851;53.79322;-1.2557187;24.54446;10.618936;28.377287;0.02685038;0.015191662;43.42105263
416;QUC 3608-2020;R-017_Plot-416;0.54797107;36.320263;0.267357;61.729458;2.1945052;33.16101;20.288706;37.391605;5.25E-04;0;100
417;QUC 3516-2022;R-017_Plot-417;0.44443312;51.208366;0.27317727;52.23648;-5.6339755;30.159737;6.2551675;34.131104;0.04345522;0;100
418;QUC 3531-2018  ;R-017_Plot-418;0.45343852;66.40958;0.16375148;52.092953;-8.729789;22.255863;-1.2677462;27.291607;0.485819328;0.138305322;71.53153153
419;QUC 3531-2022;R-017_Plot-419;0.3997943;54.984123;0.26060176;47.333263;-6.5367737;27.09137;3.4816062;30.406847;0.204060385;0.003296894;98.38435374
420;QUC 3591-2020;R-017_Plot-420;0.4439502;50.456818;0.2976634;52.535263;-5.3566422;32.07944;7.383922;35.80776;0.04233906;0;100
421;QUC 4550-2021;R-017_Plot-421;0.4356868;51.834496;0.2475003;50.879738;-5.680853;27.640154;5.148835;31.575138;0.120943953;0;100
422;QUC 4600-2021;R-017_Plot-422;0.40280548;52.371647;0.24195802;47.18248;-5.5112534;25.594599;4.3768888;28.848763;0.093051256;3.44E-04;99.63031423
423;QUC 3741-2020;R-017_Plot-423;0.46755266;59.247566;0.12994313;52.572426;-6.502596;19.206278;0.61253124;23.81576;0.127024723;0.06683717;47.38255034
424;QUC 3537-2022;R-017_Plot-424;0.41919133;53.524788;0.24983096;49.22015;-6.1512055;27.150599;4.176593;30.841562;0.087297528;3.41E-04;99.609375
425;QUC 4559-2021;R-017_Plot-425;0.39684317;46.88335;0.24540532;46.17614;-3.461352;25.072191;7.027043;27.74792;0.041724138;0;100
426;QUC 3642-2020;R-018_Plot-426;0.36546835;47.667095;0.21273041;42.277157;-3.5980427;21.25016;5.090642;23.475924;0.051896552;0;100
427;QUC 3424-2020;R-018_Plot-427;0.41351077;49.442036;0.24830258;48.26557;-4.565676;26.374874;6.0960035;29.611526;0.039386189;0;100
428;QUC 3420-2020;R-018_Plot-428;0.4515084;53.602314;0.16254467;51.232857;-5.68255;21.269957;2.6222324;25.572363;0.159931799;0.028132992;82.40938166
429;QUC 4481-2021;R-018_Plot-429;0.3841456;56.379013;0.24815637;45.4531;-6.691873;25.437542;2.5499754;28.527285;0.283625731;0;100
430;QUC 4549-2021;R-018_Plot-430;0.471364;48.118084;0.27390504;54.925426;-4.4312487;31.330708;8.692573;35.57843;0.012667014;0;100
431;QUC 3319-2020;R-018_Plot-431;0.52364933;41.15421;0.3045283;60.332672;-0.31745103;35.997093;17.310858;40.13985;8.68E-04;0;100
432;QUC 3742-2020;R-018_Plot-432;0.4138912;50.45011;0.26590985;48.659145;-5.017218;27.86032;6.0284996;31.106686;0.031060212;0.001908728;93.8547486
433;QUC 3611-2020;R-018_Plot-433;0.50274396;42.907646;0.2577778;57.53343;-2.0126252;30.922192;12.417251;35.31352;0.019782913;0.005602241;71.68141593
434;QUC 3454-2017  ;R-018_Plot-434;0.46414444;48.16644;0.27254343;54.11768;-4.392864;30.842184;8.497246;34.941357;0.015721604;0;100
435;QUC 3529-2017;R-018_Plot-435;0.41238698;49.79382;0.30338532;49.036728;-4.773217;30.611984;7.4028053;33.50217;0.053571429;0;100
436;QUC 3528-2022;R-018_Plot-436;0.505255;41.919224;0.25363398;57.636063;-1.5346899;30.553179;13.008625;34.896645;0.022257552;0.018018018;19.04761905
437;QUC 3613-2020;R-018_Plot-437;0.48407003;31.699162;0.25607342;54.39113;4.491381;28.520905;21.130072;31.047958;0;0;NaN
438;QUC 3523-2022;R-018_Plot-438;0.49377528;42.743713;0.29936576;57.232674;-1.410065;34.114502;14.553353;37.953312;0.001079331;0;100
439;QUC 3624-2020;R-018_Plot-439;0.50840175;29.177843;0.23090523;56.363808;5.3196917;27.149035;22.050444;29.989616;5.40E-04;0;100
440;QUC 3656-2020;R-018_Plot-440;0.57216054;33.39034;0.24661487;63.57235;3.6575768;31.911255;22.276085;36.28979;1.80E-04;0;100
441;QUC 4592-2021;R-018_Plot-441;0.52466077;30.108997;0.16322142;57.353863;2.084933;21.943989;14.75199;25.648348;0.014887436;0.011801017;20.73170732
442;QUC 4557-2021;R-018_Plot-442;0.49918076;33.722507;0.26359183;56.290962;3.547823;30.136395;20.55829;33.13586;3.63E-04;0;100
443;QUC 3536-2020;R-018_Plot-443;0.50121987;34.31222;0.25939077;56.515102;3.0419362;29.943222;19.712923;33.117687;1.83E-04;0;100
444;QUC 3617-2020;R-018_Plot-444;0.45300266;34.130764;0.25812817;51.373074;2.822215;27.506536;17.784536;29.824072;1.83E-04;0;100
445;QUC 3454-2017;R-018_Plot-445;0.48985204;38.631798;0.18830335;54.754566;-0.9875188;23.763409;10.750964;27.722809;0.064927858;0.045135035;30.48433048
446;QUC 3584-2020;R-018_Plot-446;0.54838514;33.66075;0.23812246;61.05077;3.02729;30.090746;20.227793;34.19452;1.85E-04;0;100
447;LLEUQUE-INIA;R-018_Plot-447;0.43832302;45.477997;0.32320094;51.83169;-2.6417525;33.22561;11.762511;36.006508;0.001120448;0;100
448;QUC 3613-2017 ;R-018_Plot-448;0.3778881;47.83699;0.2127254;43.674038;-3.7246144;21.83399;5.2315407;24.327364;0.054901961;0;100
449;QUC 4561-2021;R-018_Plot-449;0.4256933;51.353584;0.14490736;48.06116;-4.750911;18.70584;2.73558;22.301456;0.108597285;0.042609351;60.76388889
450;QUC 3314-2019;R-018_Plot-450;0.35150906;37.94524;0.24454224;40.443466;0.21463689;21.942032;10.522311;22.95466;7.54E-04;0;100
451;QUC 4483-2021;R-019_Plot-451;0.38480493;34.985912;0.2379207;43.83413;1.5014747;22.834959;13.07396;24.248579;0.003393665;0;100
452;QUC 3212-2020;R-019_Plot-452;0.43720984;40.111244;0.16165799;48.954037;-1.8287756;19.716562;7.3709097;22.8991;0.049585219;0.024698341;50.19011407
453;QUC 4534-2021;R-019_Plot-453;0.38535488;58.589615;0.13582116;43.825256;-5.609302;16.952517;0.6789059;20.03785;0.18636788;0.034173669;81.66332665
454;QUC 3526-2017;R-019_Plot-454;0.35752574;50.831898;0.23306412;41.853306;-4.5186796;22.541185;4.2809677;24.709406;0.096358543;0;100
455;QUC 3492-2018;R-019_Plot-455;0.39567685;49.555405;0.21044987;45.716846;-4.3656807;22.60159;4.7600083;25.58286;0.054753977;0;100
456;QUC 3585-2020;R-019_Plot-456;0.46173096;41.90612;0.16916305;51.7626;-2.389403;21.35483;7.4362097;25.101383;0.027376989;0.014613393;46.62162162
457;QUC 3702-2020;R-019_Plot-457;0.4295348;41.585426;0.19170862;48.624947;-1.947314;21.947662;8.134233;25.059769;0.006963533;3.67E-04;94.73684211
458;QUC 3581-2018;R-019_Plot-458;0.4158262;31.564682;0.23641723;46.90282;3.3318334;23.808935;16.5059;25.410887;3.67E-04;0;100
459;QUC 3555-2017;R-019_Plot-459;0.4523002;45.682514;0.2933187;52.928513;-3.0122983;31.662312;10.756026;35.07042;0.014705882;0;100
460;QUC 3416-2020;R-019_Plot-460;0.4865124;42.51744;0.14990216;54.11122;-2.8390794;20.59739;6.569547;24.776451;0.03848947;0.026143791;32.0754717
461;QUC 3558-2020;R-019_Plot-461;0.37331;39.695587;0.2083618;42.593357;-1.0007141;20.670477;8.509405;22.518217;0.0046771;0;100
462;QUC 3638-2020;R-019_Plot-462;0.43487725;43.506493;0.28775686;50.71604;-1.8415577;29.98776;11.658975;32.82072;0.013491635;0;100
463;QUC 3558-2018;R-019_Plot-463;0.50500906;41.168877;0.28407133;58.017696;-0.6760176;33.16823;15.405232;37.163704;3.60E-04;0;100
464;QUC 3599-2020;R-019_Plot-464;0.46754074;35.676914;0.2514881;52.99195;1.8149878;27.840012;16.564196;30.692652;0.007308378;0.004812834;34.14634146
465;QUC 3487-2018  ;R-019_Plot-465;0.49190485;45.548794;0.20440131;55.739872;-3.5921938;25.928312;7.8582525;30.55734;0.04345522;0.03197315;26.42276423
466;QUC 3637-2020;R-019_Plot-466;0.49116755;35.291435;0.2544914;55.492203;2.2333817;29.161877;18.020447;32.353626;1.75E-04;0;100
467;QUC 3536-2018;R-019_Plot-467;0.4114927;55.99234;0.21472675;47.925453;-6.5172353;24.153467;2.4511402;27.897755;0.253488783;0;100
468;QUC 3532-2018;R-019_Plot-468;0.41981497;62.568413;0.14640194;47.92157;-6.9757004;19.225592;-0.15481478;23.222181;0.512605042;0.095588235;81.35245902
469;QUC 3678-2016;R-019_Plot-469;0.33859864;66.952415;0.18448758;39.762444;-7.5885973;19.237785;-1.1671573;21.845688;0.766961652;0.062120423;91.90045249
470;QUC 3509-2017;R-019_Plot-470;0.3686767;60.83843;0.18170244;42.83746;-6.636969;19.960346;0.46119252;22.966818;0.629012667;0.002949853;99.53103448
471;QUC 4538-2021;R-019_Plot-471;0.38681087;52.846252;0.20290959;44.815834;-5.229424;21.878988;3.2193012;24.892561;0.140378275;0.002949853;97.8986403
472;QUC 3583-2021;R-019_Plot-472;0.39725366;53.82412;0.17174846;45.52449;-5.294191;19.969948;2.4052432;23.232143;0.252321981;0;100
473;QUC 3526-2017;R-019_Plot-473;0.40120712;63.46656;0.12825793;45.591534;-6.470972;17.105598;-0.39236015;20.621632;0.507075874;0.101619778;79.9596503
474;QUC 3627-2020;R-019_Plot-474;0.4000475;53.867477;0.23623228;46.882748;-5.9449944;25.136444;3.5729449;28.453562;0.20630861;0;100
475;QUC 4552-2021;R-019_Plot-475;0.37055063;53.638206;0.20990151;43.147713;-5.33419;21.714592;2.924441;24.411354;0.241724138;1.72E-04;99.92867332
476;QUC 3612-2020;R-020_Plot-476;0.49520445;43.47956;0.26903385;56.96822;-2.1745162;31.614922;12.392354;35.847153;8.62E-04;0;100
477;UC-1218;R-020_Plot-477;0.4503757;51.315643;0.27142906;52.868305;-5.7230225;30.333729;6.237784;34.45885;0.057630009;0;100
478;QUC 3522-2020;R-020_Plot-478;0.49239948;52.767303;0.20521069;56.3274;-6.247219;26.66957;4.2701483;31.92571;0.170502984;0.056095482;67.1
479;QUC 3221-2020;R-020_Plot-479;0.5516234;43.517036;0.27767628;63.103153;-2.2460601;35.28204;14.301203;40.60367;0.00120399;0;100
480;QUC 4548-2021;R-020_Plot-480;0.4580013;51.569626;0.27755904;53.838825;-5.9397264;31.304567;6.35173;35.597416;0.091098386;0;100
481;QUC 3534-2018  ;R-020_Plot-481;0.41537103;66.37653;0.19211972;48.51832;-8.914646;23.178717;-1.2551066;27.563639;0.651743883;0.053791428;91.74653887
482;QUEULE-INIA;R-020_Plot-482;0.45188406;57.019413;0.18603373;51.87997;-6.8584833;23.563034;1.9135576;28.185059;0.289953149;0.110359188;61.93895871
483;QUC 3534-2018;R-020_Plot-483;0.45880845;61.604088;0.1626125;52.399776;-7.6269784;22.026806;0.20813861;26.90235;0.299544818;0.099264706;66.86148451
484;QUC 3632-2020;R-020_Plot-484;0.5067403;33.71441;0.2502222;56.90554;3.1614304;29.319931;19.679008;32.601208;8.83E-04;0;100
485;QUC 3635-2020;R-020_Plot-485;0.46154663;39.378155;0.27617508;53.051945;0.22948174;30.019678;15.034251;32.994457;0.0017507;0;100
486;QUC 3626-2020;R-020_Plot-486;0.60745245;33.865833;0.21290672;66.702614;2.2867634;30.103569;19.576355;35.405533;0.004239534;0.001059883;75
487;QUC 4540-2021;R-020_Plot-487;0.45704475;39.55704;0.26785648;52.4642;-0.029205237;29.129683;14.229499;32.121822;0.010338681;0.006417112;37.93103448
488;QUC 3527-2022;R-020_Plot-488;0.38484517;44.786095;0.2138676;44.26565;-2.7423987;21.983866;6.708104;24.400242;0.032559813;0;100
489;QUC 3677-2020;R-020_Plot-489;0.47251105;38.342525;0.27726197;54.13705;0.88782007;30.545616;16.364895;33.57862;7.20E-04;0;100
490;QUC 3309-2019;R-020_Plot-490;0.33463964;54.936512;0.22684711;39.387154;-5.4090624;21.255083;2.4517038;23.170912;0.228818133;0.0046771;97.95597484
491;QUC 3312-2019;R-020_Plot-491;0.43414763;50.108437;0.17264438;49.354256;-4.6760364;21.216562;3.9547498;25.007696;0.062999274;0.022694263;63.97694524
492;QUC 3546-2020;R-020_Plot-492;0.44613802;41.918304;0.27558815;51.620525;-1.1872853;29.450012;12.524783;32.444366;0.002178649;0;100
493;QUC 3618-2020;R-020_Plot-493;0.42511162;45.577637;0.25621623;49.357975;-3.044935;27.1985;8.700182;30.296568;0.003115265;0;100
494;QUC 3311-2019;R-020_Plot-494;0.38993153;55.905025;0.12293202;44.01983;-5.0371165;15.961206;1.044791;18.9643;0.171156313;0.083195895;51.39186296
495;QUC 3316-2019;R-020_Plot-495;0.39455414;55.130253;0.12083858;44.466087;-4.9219613;15.920095;1.1953132;18.965708;0.246207917;0.093044765;62.20886551
496;QUC 3525-2022;R-020_Plot-496;0.4056251;50.8179;0.23502547;47.277794;-4.9788613;25.061785;4.939055;28.287931;0.060488346;5.55E-04;99.08256881
497;QUC 3678-2016  ;R-020_Plot-497;0.38329387;48.194546;0.27045673;45.11913;-3.8484921;26.332037;6.857064;28.665682;0.026704015;0;100
498;QUC 3630-2020;R-020_Plot-498;0.51257896;27.691761;0.18900257;56.187508;4.3645844;23.510014;18.88942;26.60081;0.00130719;0;100
499;QUC 3211-2020;R-020_Plot-499;0.5042881;29.562683;0.17710716;55.380188;2.8085587;22.398346;15.9152565;25.675207;0.003770739;0.001319759;65
500;QUC 4605-2021;R-020_Plot-500;0.39712712;40.3047;0.28880262;46.25408;-0.15903;27.655735;12.792936;29.342346;5.66E-04;0;100
501;QUC 3220-2020;R-021_Plot-501;0.43368378;30.599792;0.23846245;48.74638;4.0867066;24.666414;18.212908;26.420374;3.77E-04;0;100
502;QUC 4562-2021;R-021_Plot-502;0.45964718;44.8262;0.2041381;52.256935;-3.1778572;24.483883;7.6424074;28.421558;0.059954751;0.035444947;40.88050314
503;QUC 3225-2020;R-021_Plot-503;0.53840613;37.59232;0.22085345;60.17429;0.18861166;28.533344;15.03589;33.134663;7.47E-04;0;100
504;QUC 4537-2021;R-021_Plot-504;0.45087352;41.59761;0.3012398;52.481133;-0.6728544;31.745193;14.263848;34.534264;9.34E-04;0;100
505;QUC 3606-2021;R-021_Plot-505;0.47685626;39.774296;0.2874505;54.906483;0.2176475;31.802536;15.91534;35.011845;5.55E-04;0;100
506;QUC 3607-2020;R-021_Plot-506;0.530371;35.41863;0.22849125;59.24071;1.5880278;28.638588;17.16932;32.76225;0.003144654;3.70E-04;88.23529412
507;QUC 3625-2020;R-021_Plot-507;0.56614417;31.07973;0.21632564;62.29043;3.9509876;28.445923;21.074913;32.62786;0.006047279;0.001099505;81.81818182
508;QUC 4568-2021;R-021_Plot-508;0.5072075;39.872242;0.29475188;58.271866;0.3470192;34.055603;17.367617;37.785942;1.83E-04;0;100
509;CBC 509 CHILE/SOMAT_3.1//BOOMER_18/LOTUS_4/6/ZAMPULLIN_2/GUANAY/5/NETTA_4/DUKEM_12//RASCON_19/3/SORA/2*PLATA_12/4/GREEN_18/FOCHA_1//AIRON_1/7/ZAKA/3/AJAIA_12/F3LOCAL(SEL.ETHIO.135.85)//PLATA_13/4/SOOTY_9/RASCON_37//WODUCK/CHAM_3/8/SELIM//SOUAI/FUMA_1;R-021_Plot-509;0.50407106;35.963364;0.2982098;57.536366;3.095798;33.670742;21.438538;36.668674;3.63E-04;0;100
510;QUC 3448-2017  ;R-021_Plot-510;0.5016834;41.946983;0.24636233;57.146713;-1.6588298;29.73575;12.444821;34.06089;0.032135076;0.016521423;48.58757062
511;QUC 3653-2020;R-021_Plot-511;0.47207367;41.7176;0.2540934;54.0886;-1.3856344;28.972458;12.277903;32.634277;1.80E-04;0;100
512;QUC 3529-2022;R-021_Plot-512;0.3962299;44.183483;0.2517221;45.994892;-2.353449;25.269592;8.675361;27.661709;0.029141932;0;100
513;QUC 3619-2020;R-021_Plot-513;0.47558844;39.00847;0.2781933;54.55418;0.50786227;30.868048;15.9557085;34.043674;0.001798885;0;100
514;QUC 3517-2017;R-021_Plot-514;0.5307889;41.07625;0.3083272;61.146935;-0.19560586;36.72037;17.871899;40.9481;7.13E-04;0;100
515;QUC 3529-2017  ;R-021_Plot-515;0.43813506;50.542;0.20885354;50.404232;-5.023365;24.439686;4.82659;28.385199;0.069599011;0.007242537;89.59390863
516;QUC 4596-2021;R-021_Plot-516;0.45771384;42.10308;0.29601216;53.201473;-1.0181828;31.759771;13.825846;34.80681;0.00210084;0;100
517;QUC 3603-2020;R-021_Plot-517;0.48873052;45.023808;0.29656774;56.88761;-2.7814531;33.87554;12.324315;37.95079;7.07E-04;0;100
518;QUC 3648-2020;R-021_Plot-518;0.5846069;38.8766;0.24107736;65.3768;-0.041345168;32.65327;16.893408;38.165985;0.00192577;0;100
519;QUC 4547-2021;R-021_Plot-519;0.52147996;44.65269;0.29174405;60.286316;-2.7154915;35.175148;13.256655;39.93019;0.007461392;0;100
520;QUC 4344-2021;R-021_Plot-520;0.47283205;44.96203;0.29102862;55.064037;-2.734817;32.513996;11.7025175;36.295464;0.002082249;0;100
521;QUC 3589-2020;R-021_Plot-521;0.400184;47.402164;0.22448593;46.282745;-3.7211425;23.704927;6.139132;26.59143;0.043553705;0.003817456;91.23505976
522;QUC 3658-2020;R-021_Plot-522;0.40951753;51.991737;0.28354222;48.579292;-5.661186;29.131186;5.553801;32.31078;0.106983144;0;100
523;QUC 3521-2020;R-021_Plot-523;0.48152387;51.654484;0.19361252;54.881207;-5.6905007;25.064827;4.355077;29.976978;0.111849957;0.019778346;82.31707317
524;QUC 3210-2020;R-021_Plot-524;0.47381803;44.600967;0.28764695;55.079754;-2.5544093;32.24076;11.874419;36.024014;0.030008525;0;100
525;QUC 4551-2021;R-021_Plot-525;0.4110442;58.15307;0.26279378;48.863586;-7.7958746;28.15465;2.1731915;31.96483;0.408965517;0.001206897;99.70489039
526;QUC 3306-2019;R-022_Plot-526;0.4187553;49.58151;0.24991006;48.878677;-4.6625223;26.7749;6.1526365;30.130875;0.051034483;0;100
527;QUC 4545-2021;R-022_Plot-527;0.4833642;44.08236;0.30929875;56.415318;-2.102337;34.553432;13.565993;38.263844;0.002898551;0;100
528;QUC 3418-2020;R-022_Plot-528;0.5016361;43.207195;0.22767198;56.956287;-2.4754026;28.196182;10.560229;32.745293;0.018073316;6.82E-04;96.22641509
529;QUC 3598-2020;R-022_Plot-529;0.4953365;30.99343;0.27046955;55.671932;5.6260033;30.184809;23.767944;32.59188;1.72E-04;0;100
530;QUC 3534-2020;R-022_Plot-530;0.42582107;54.172264;0.28749412;50.658916;-6.765851;30.581324;4.6348476;34.318764;0.081554746;0;100
531;QUC 3526-2017  ;R-022_Plot-531;0.40806842;52.338085;0.28301793;48.434288;-5.773432;29.038008;5.3475947;32.215645;0.018393198;0;100
532;QUC 3622-2021;R-022_Plot-532;0.48640203;43.59458;0.23374021;55.473557;-2.5532308;28.09348;10.28492;32.362057;0.059170571;0.014749263;75.07331378
533;QUC 3631-2020;R-022_Plot-533;0.52968526;34.402897;0.2286858;59.07205;2.1713002;28.507318;18.004248;32.479477;0.00297619;0;100
534;QUC 4597-2021;R-022_Plot-534;0.51012355;38.712025;0.3284549;58.96766;1.900704;37.029247;21.034382;40.168972;1.77E-04;0;100
535;QUC 4454-2021;R-022_Plot-535;0.5251364;38.1138;0.31571704;60.29723;2.0795717;36.67162;21.350628;40.18341;3.50E-04;0;100
536;QUC 3409-2020;R-022_Plot-536;0.48189783;46.690674;0.21405566;54.925426;-3.9557092;26.461073;7.4858394;30.99064;0.038509097;0.005476064;85.77981651
537;QUC 3562-2020;R-022_Plot-537;0.44602847;44.39624;0.2145828;50.92231;-2.8864737;24.734764;8.080696;28.343458;0.016399287;0.007308378;55.43478261
538;QUC 3517-2022;R-022_Plot-538;0.42068887;48.10198;0.23843795;48.803146;-4.1017323;25.831852;6.596794;29.15405;0.043712898;0;100
539;QUC 3524-2022;R-022_Plot-539;0.4642364;47.810627;0.28807157;54.355858;-4.1918173;32.114082;9.292739;36.072998;0.003058104;0;100
540;QUC 3412-2020;R-022_Plot-540;0.38681903;36.289337;0.29245234;44.78147;2.0221682;26.913057;15.545429;27.891594;3.60E-04;0;100
541;QUC 3605-2020;R-022_Plot-541;0.5261215;29.365602;0.21747315;58.04956;4.7711797;26.728434;21.178246;30.01367;5.45E-04;0;100
542;QUC 3628-2020;R-022_Plot-542;0.5068094;30.47759;0.2533667;56.602562;5.411142;29.184593;23.114372;31.927242;1.82E-04;0;100
543;QUC 3408-2020;R-022_Plot-543;0.47561097;31.88375;0.25252175;53.47559;4.180924;27.857723;20.260292;30.312487;1.83E-04;0;100
544;QUC 3561-2020;R-022_Plot-544;0.46897805;39.40796;0.26226246;53.656044;-0.028214216;29.240599;14.397177;32.495945;1.83E-04;0;100
545;QUC 3534-2022;R-022_Plot-545;0.3954036;47.2197;0.13848108;44.52249;-3.5802798;16.923594;3.4700186;19.743217;0.12782094;0.044580096;65.12301013
546;QUC 3507-2020;R-022_Plot-546;0.53307533;36.109005;0.26746482;60.157867;2.2617972;32.417595;19.917929;36.348694;5.55E-04;0;100
547;QUC 3517-2017  ;R-022_Plot-547;0.48486066;43.290085;0.29796332;56.30615;-1.7376482;33.563946;13.743273;37.310097;0.001120448;0;100
548;QUC 3604-2020;R-022_Plot-548;0.48097256;31.914593;0.24866927;53.997982;4.0656204;27.786453;20.11136;30.381908;5.60E-04;0;100
549;QUC 3621-2020;R-022_Plot-549;0.45931843;37.41728;0.20171732;51.627472;-0.20965679;23.567543;11.591292;26.823717;0.006033183;1.89E-04;96.875
550;QUC 3679-2016  ;R-022_Plot-550;0.41179037;41.153187;0.287741;47.94876;-0.6038162;28.467657;12.631785;30.55807;5.66E-04;0;100
551;QUC 3602-2020;R-023_Plot-551;0.44786203;40.11894;0.23439062;51.063824;-0.8546945;26.02067;11.610906;29.1634;0.00245098;0;100
552;QUC 3586-2016;R-023_Plot-552;0.42283988;50.58229;0.16776961;48.08437;-4.695631;20.429888;3.5414276;24.017443;0.191742081;0.038273002;80.03933137
553;QUC 3531-2018;R-023_Plot-553;0.34485736;58.485394;0.25228387;41.152218;-6.8297367;23.799635;1.5363503;26.062845;0.478431373;5.60E-04;99.88290398
554;QUC 3597-2020;R-023_Plot-554;0.4437866;42.121964;0.26691782;51.26095;-1.398535;28.658897;11.867684;31.705023;3.73E-04;0;100
555;QUC 3404-2020;R-023_Plot-555;0.4244541;38.087517;0.2388075;48.422813;0.16480777;25.076958;12.493369;27.529793;9.25E-04;0;100
556;QUC 3317-2019;R-023_Plot-556;0.33778372;51.030773;0.23150897;39.598557;-4.397604;21.47221;3.9062133;23.223019;0.115427303;0.019422863;83.17307692
557;QUC 4480-2021;R-023_Plot-557;0.43526182;48.65573;0.18198329;49.543304;-4.3358603;21.943108;4.751559;25.687847;0.083379146;0.016492578;80.21978022
558;QUC 3584-2018;R-023_Plot-558;0.36861333;40.914093;0.22163546;42.309864;-1.2746049;21.488478;8.4265;23.255419;0.001282756;0;100
559;QUC 4423-2021;R-023_Plot-559;0.50750786;31.44128;0.22202396;56.397144;3.5631292;26.620752;19.080978;29.864893;5.45E-04;0;100
560;QUC 4544-2021;R-023_Plot-560;0.5036114;37.67116;0.19959122;56.269688;-0.3410762;25.19231;12.459421;29.266684;0.00308642;1.82E-04;94.11764706
561;QUC 3629-2020;R-023_Plot-561;0.39597902;41.536182;0.23560983;45.54965;-1.3984457;23.811451;9.444708;26.07293;0.008814535;0;100
562;QUC 3556-2018;R-023_Plot-562;0.4335028;43.50265;0.22792596;49.694496;-2.3667562;25.164652;8.922322;28.390364;0.002698327;0;100
563;QUC 3489-2018  ;R-023_Plot-563;0.40297416;51.67256;0.20702547;46.596344;-5.0728574;22.817368;3.8994381;26.100437;0.121784494;0;100
564;QUC 3601-2020;R-023_Plot-564;0.54766303;38.08725;0.20018822;60.8631;-0.53374857;27.027645;13.317107;31.926014;0.002139037;3.57E-04;83.33333333
565;QUC 3207-2020;R-023_Plot-565;0.51785237;36.342888;0.22243422;57.950977;0.8611984;27.672873;15.510801;31.741076;0.001059883;0;100
566;QUC 4553-2021;R-023_Plot-566;0.42148486;48.121372;0.2678631;49.34682;-4.0982714;28.193455;7.5383563;31.383371;0.114495798;0;100
567;QUC 3410-2020;R-023_Plot-567;0.4694254;43.958195;0.2759061;54.34944;-2.2991881;30.931738;11.690927;34.64194;0.001059883;0;100
568;QUC 3594-2020;R-023_Plot-568;0.5288243;42.63291;0.27977192;60.63667;-1.6395586;34.201065;14.581932;38.918316;0.00262605;0;100
569;QUC 3413-2020;R-023_Plot-569;0.42828298;48.07242;0.16709459;48.525948;-4.070116;20.40546;4.437679;23.948404;0.084504598;0.030192608;64.27104723
570;QUC 3401-2018;R-023_Plot-570;0.37547326;46.236126;0.23381382;43.589195;-3.1414354;23.125248;6.5394177;25.361698;0.010931806;0;100
571;QUC 3218-2020;R-023_Plot-571;0.5150649;48.38169;0.30705607;60.286316;-4.8094363;36.698032;10.599475;41.704556;8.68E-04;0;100
572;QUC 3328-2019;R-023_Plot-572;0.3631231;53.945286;0.24109793;42.800743;-5.606228;23.632406;3.2433653;26.096909;0.206742346;0;100
573;QUC 3543-2020;R-023_Plot-573;0.41709137;49.51141;0.14358383;47.038963;-4.2690144;18.198078;3.1559956;21.539663;0.146121057;0.071270247;51.2252042
574;QUC 3643-2020;R-023_Plot-574;0.39849868;48.189342;0.24108946;46.39307;-3.979134;24.94256;6.2554817;27.784058;0.046206309;0;100
575;QUC 3518-2022;R-023_Plot-575;0.35962704;58.152737;0.2001009;42;-6.237502;20.78527;1.2856967;23.486923;0.399310345;0.002586207;99.35233161
576;QUC 3663-2020;R-024_Plot-576;0.43487087;45.991615;0.2520671;50.40063;-3.2976391;27.411097;8.499271;30.779684;0.063103448;0;100
577;QUC 3613-2017;R-024_Plot-577;0.33980754;63.338707;0.22001767;40.308575;-7.458027;21.580765;-0.12744056;24.048513;0.799658994;0.00170503;99.78678038
578;QUC 3305-2019;R-024_Plot-578;0.3952259;43.80816;0.28214478;46.26637;-1.9560022;27.421375;10.0829935;29.511036;0.012787724;0;100
