Parc.;Variedad  ; ;Area;Mean;Min;Max
1;QUC 3608-2020;1;702;19.349;18.91;20.37
2;QUC 3516-2022;2;693;18.892;18.52;20.807
3;QUC 3555-2020;3;693;19.342;18.683;19.861
4;QUC 4465-2021;4;702;19.5;18.811;21.502
5;QUC 4667-2021;5;693;19.233;18.894;20.057
6;QUC 3586-2016;6;684;19.574;19.194;20.345
7;QUC 3528-2017  ;7;684;18.958;18.564;19.495
8;QUC 3536-2020;8;693;19.01;18.551;19.803
9;QUC 3220-2020;9;684;19.206;18.82;20.22
10;QUC 4559-2021;10;684;19.511;19.17;20.421
11;QUC 3309-2019;11;684;18.965;18.612;19.544
12;QUC 3529-2017  ;12;666;18.801;18.43;19.751
13;QUC 3612-2020;13;675;19.389;18.97;20.965
14;QUC 3526-2017  ;14;684;18.804;18.061;19.485
15;QUC 3535-2022;15;666;19.598;18.931;20.459
16;QUC 3528-2017;16;666;19.899;19.278;20.617
17;QUC 3448-2017  ;17;666;19.239;18.912;19.72
18;QUC 4637-2021;18;657;19.703;19.025;20.432
19;QUC 3609-2020;19;666;19.695;19.172;20.286
20;QUC 3622-2020;20;666;19.666;19.147;20.4
21;QUC 3314-2019;21;648;19.343;18.82;19.873
22;QUC 3209-2020;22;648;19.586;19.062;20.432
23;QUC 3605-2020;23;657;19.475;19.166;19.796
24;QUC 4558-2021;24;648;19.156;18.797;19.765
25;QUC 3596-2020;25;540;19.042;18.387;20.17
26;QUC 3527-2022;26;540;19.105;18.63;20.528
27;QUC 3556-2020;27;648;19.122;18.684;19.713
28;QUC 3537-2022;28;657;19.397;18.68;20.035
29;QUC 3642-2020;29;648;19.377;19.007;19.931
30;QUC 3583-2021;30;648;19.718;19.202;20.945
31;QUC 3211-2020;31;666;19.569;19.074;21.139
32;QUC 4344-2021;32;666;19.684;19.008;21.44
33;QUC 4459-2021;33;657;19.44;18.922;20.34
34;QUC 4534-2021;34;666;19.477;18.841;20.367
35;QUC 3408-2020;35;666;19.125;18.642;20.113
36;QUC 3594-2020;36;666;19.39;18.513;20.27
37;QUC 3559-2020;37;684;18.876;18.143;20.063
38;QUC 3546-2022;38;675;19.028;18.634;19.833
39;QUC 3502-2020;39;666;19.146;18.741;19.866
40;QUC 3658-2020;40;684;18.787;18.406;19.852
41;QUC 3448-2017;41;684;18.873;18.366;19.524
42;QUC 3306-2019;42;684;18.886;18.263;19.537
43;QUC 3528-2020;43;693;18.757;18.337;19.215
44;QUEULE-INIA;44;684;19.341;18.789;20.426
45;QUC 3454-2017  ;45;684;19.06;18.765;19.476
46;QUC 3328-2019;46;693;19.353;19.092;19.954
47;QUC 3207-2020;47;702;19.313;18.66;19.957
48;QUC 3591-2020;48;693;19.178;18.626;19.734
49;QUC 3590-2020;49;693;18.931;17.746;19.393
50;QUC 3301-2019;50;702;19.068;18.553;20.372
51;QUC 4551-2021;51;702;20.615;19.825;22.696
52;QUC 3526-2017;52;693;19.509;18.967;20.415
53;QUC 3628-2020;53;693;19.577;19.095;21.351
54;QUC 3607-2020;54;702;20.143;19.387;21.021
55;QUC 3305-2019;55;693;19.686;19.322;20.466
56;QUC 3492-2018;56;684;20.03;19.546;22.559
57;QUC 3527-2020;57;684;19.774;19.311;20.926
58;QUC 3619-2020;58;693;19.868;19.438;21.083
59;QUC 3534-2018;59;684;20.151;19.521;20.742
60;QUC 3312-2019;60;684;19.632;19.061;20.73
61;QUC 4535-2021;61;684;20.148;19.544;21.583
62;QUC 3702-2020;62;666;19.909;19.392;21.001
63;QUC 3617-2020;63;675;20.119;19.377;21.36
64;QUC 3653-2020;64;684;20.435;19.497;23.639
65;QUC 3532-2018;65;666;20.378;19.622;21.489
66;QUC 3593-2017;66;666;19.885;19.353;20.761
67;QUC 3555-2017  ;67;666;19.882;19.267;20.877
68;QUC 4425-2021;68;657;20.108;19.685;21.272
69;QUC 4542-2021;69;666;20.42;19.781;23.01
70;QUC 3221-2020;70;666;20.84;20.013;23.784
71;QUC 3413-2020;71;648;19.832;19.163;20.896
72;QUC 3210-2020;72;648;20.185;19.636;21.817
73;QUC 3556-2018;73;657;19.939;19.233;21.347
74;QUC 3677-2020;74;648;19.935;19.371;21.136
75;QUC 3517-2017;75;540;20.044;19.38;21.842
76;QUC 3592-2020;76;540;19.531;18.969;21.687
77;QUC 3425-2020;77;648;19.271;18.907;20.454
78;LLEUQUE-INIA;78;657;18.99;18.605;19.895
79;QUC 3522-2022;79;648;19.165;18.738;19.937
80;QUC 4592-2021;80;648;20.85;19.824;23.921
81;QUC 3603-2020;81;666;20.647;19.899;22.466
82;QUC 3616-2020;82;666;20.116;19.446;22.029
83;QUC 3606-2020;83;657;19.982;19.465;21.655
84;QUC 4552-2021;84;666;19.941;19.497;20.828
85;QUC 3555-2017  ;85;666;19.556;18.793;21.199
86;QUC 3582-2020;86;666;19.834;18.979;22.075
87;QUC 3678-2020;87;684;19.97;19.285;21.417
88;QUC 3625-2020;88;675;20.178;19.503;21.312
89;QUC 3401-2020;89;666;20.19;19.568;22.888
90;QUC 3543-2020;90;684;19.813;19.416;20.701
91;QUC 3632-2021;91;684;20.291;19.454;21.971
92;QUC 4600-2021;92;684;19.67;19.302;20.569
93;QUC 3584-2018;93;693;19.874;19.177;21.509
94;QUC 4605-2021;94;684;19.769;19.084;21.014
95;QUC 3521-2020;95;684;19.697;19.315;20.849
96;QUC 3525-2022;96;693;19.958;19.433;21.926
97;QUC 3326-2019;97;702;20.626;19.802;22.211
98;QUC 3317-2019;98;693;19.434;19.056;19.977
99;QUC 3547-2022;99;693;19.889;19.524;21.011
100;QUC 4598-2021;100;702;19.799;19.451;20.353
101;QUC 3518-2022;101;702;19.823;18.98;21.409
102;QUC 3524-2022;102;693;19.672;19.089;20.744
103;QUC 3414-2020;103;693;20.245;19.631;22.221
104;QUC 3544-2020;104;702;20.668;20.182;22.048
105;QUC 3636-2020;105;693;20.809;20.419;21.881
106;QUC 3421-2020;106;684;21.223;20.439;22.4
107;QUC 4454-2021;107;684;20.84;19.851;24.215
108;QUC 3859-2021;108;693;20.342;19.452;21.719
109;QUC 3532-2022;109;684;19.693;19.191;20.757
110;QUC 3655-2020;110;684;20.533;19.714;22.721
111;QUC 3534-2020;111;684;20.668;19.711;21.639
112;QUC 3648-2020;112;666;21.518;20.254;25.757
113;QUC 4541-2021;113;675;20.777;19.71;22.756
114;QUC 3311-2019;114;684;20.268;19.276;22.203
115;QUC 3649-2020;115;666;20.458;19.572;23.08
116;QUC 3454-2020  ;116;666;20.396;19.684;22.401
117;QUC 4483-2021;117;666;20.711;19.886;22.153
118;QUC 3410-2020;118;657;20.386;19.547;21.806
119;QUC 3638-2020;119;666;21.727;20.324;26.461
120;QUC 4546-2021;120;666;21.802;20.927;23.525
121;QUC 4481-2021;121;648;22.123;20.503;25.398
122;QUC 3409-2020;122;648;21.647;20.563;23.575
123;QUC 3404-2020;123;657;21.556;20.474;23.362
124;QUC 3741-2020;124;648;20.107;19.397;21.226
125;QUC 3528-2022;125;540;19.453;18.699;20.832
126;QUC 3407-2020;126;540;19.715;19.061;20.743
127;QUC 3631-2020;127;648;19.913;19.067;21.182
128;QUC 3401-2018;128;657;19.964;19.318;22.974
129;QUC 3657-2020;129;648;19.901;19.264;20.761
130;QUC 3311-2019;130;648;19.998;19.222;20.705
131;QUC 3626-2020;131;666;20.747;19.762;24.122
132;QUC 4568-2021;132;666;20.427;19.399;23.514
133;QUC 3622-2021;133;657;20.414;19.677;21.972
134;QUC 3492-2018;134;666;19.373;18.862;20.079
135;QUC 4323-2021;135;666;20.159;19.205;21.635
136;QUC 3594-2017  ;136;666;19.552;18.683;20.59
137;QUC 3635-2020;137;684;19.539;18.586;21.384
138;QUC 3536-2022;138;675;19.632;18.747;21.482
139;QUC 3646-202;139;666;20.122;19.387;22.612
140;QUC 3214-2020;140;684;19.819;19.28;20.801
141;QUC 3487-2018  ;141;684;19.452;19.206;19.951
142;QUC 4423-2021;142;684;20.2;19.486;21.234
143;QUC 3531-2018;143;693;19.765;19.273;20.434
144;QUC 4470-2021;144;684;20.11;19.623;22.158
145;QUC 3313-2019;145;684;20.107;19.532;21.616
146;QUC 3679-2016;146;693;19.552;18.831;20.652
147;QUC 4636-2021;147;702;20.392;19.927;21.344
148;QUC 3572-2018;148;693;20.546;19.53;24.408
149;QUC 3635-2020;149;693;20.018;19.525;22.858
150;QUC 3419-2020;150;702;20.129;19.176;20.998
151;QUC 3581-2018;151;702;20.246;19.883;21.93
152;QUC 3588-2020;152;693;21.329;20.471;22.818
153;QUC 4539-2021;153;693;20.665;19.879;22.562
154;QUC 3507-2020;154;702;20.157;19.752;21.415
155;QUC 3501-2020;155;693;20.217;19.821;20.967
156;QUC 3595-2020;156;684;20.781;20.21;22.067
157;QUC 3319-2020;157;684;20.508;20.145;21.47
158;QUC 3598-2020;158;693;20.151;19.524;21.455
159;QUC 3597-2020;159;684;20.412;19.946;21.618
160;QUC 3679-2016  ;160;684;19.547;19.304;20.124
161;QUC 3634-2020;161;684;20.275;19.813;21.892
162;QUC 3418-2020;162;666;19.511;19.117;20.231
163;CBC 509 CHILE/SOMAT_3.1//BOOMER_18/LOTUS_4/6/ZAMPULLIN_2/GUANAY/5/NETTA_4/DUKEM_12//RASCON_19/3/SORA/2*PLATA_12/4/GREEN_18/FOCHA_1//AIRON_1/7/ZAKA/3/AJAIA_12/F3LOCAL(SEL.ETHIO.135.85)//PLATA_13/4/SOOTY_9/RASCON_37//WODUCK/CHAM_3/8/SELIM//SOUAI/FUMA_1;163;675;19.615;19.121;21.009
164;QUC 3310-2020;164;684;19.713;19.151;20.953
165;QUC 3656-2020;165;666;19.549;19.065;20.769
166;QUC 4533-2021;166;666;19.818;19.238;20.754
167;QUC 3589-2020;167;666;19.928;19.599;21.045
168;QUC 3536-2018;168;657;20.712;19.868;22.377
169;QUC 3558-2018;169;666;20.465;19.976;21.134
170;QUC 3522-2020;170;666;20.128;19.424;21.513
171;QUC 35783-2020;171;648;20.583;20.044;22.035
172;QUC 3313-2020;172;648;20.858;20.311;21.507
173;QUC 3529-2017;173;657;20.696;20.278;21.585
174;QUC 3545-2020;174;648;20.348;19.794;21.251
175;QUC 3519-2022;175;540;20.967;20.102;22.428
176;QUC 4628-2021;176;540;20.449;19.865;21.235
177;QUC 4222-2021;177;648;20.629;19.785;23.16
178;QUC 4548-2021;178;657;20.727;20.044;22.883
179;QUC 3534-2018  ;179;648;20.256;19.547;23.312
180;QUC 3663-2020;180;648;19.802;19.324;20.293
181;QUC 3526-2022;181;666;19.827;18.984;20.927
182;QUC 4614-2021;182;666;20.825;19.713;24.846
183;QUC 3573-2020;183;657;20.036;19.195;22.588
184;QUC 3533-2022;184;666;19.739;19.304;20.391
185;QUC 4553-2021;185;666;20.355;19.563;21.774
186;QUC 4224-2021;186;657;21.253;19.193;26.529
187;QUC 3315-2019;187;684;19.832;19.143;23.547
188;QUC 3309-2020;188;675;19.769;19.097;20.703
189;QUC 3531-2022;189;666;20.286;19.505;23.918
190;QUC 3610-2020;190;684;20.226;19.464;22.717
191;QUC 3534-2022;191;684;20.036;19.539;22.429
192;QUC 3517-2017  ;192;684;19.863;19.52;20.417
193;QUC 3416-2020;193;693;19.998;19.578;21.09
194;QUC 3558-2020;194;684;20.453;19.469;23.946
195;QUC 4562-2021;195;684;20.766;19.78;24.024
196;QUC 4537-2021;196;693;20.333;19.836;21.255
197;QUC 3409-2020;197;702;20.555;19.72;22.003
198;QUC 3630-2020;198;693;20.014;19.38;23.091
199;QUC 3624-2020;199;693;20.56;19.736;24.219
200;QUC 3509-2017 ;200;702;19.957;19.55;20.785
201;QUC 3679-2020;201;702;20.034;19.09;21.033
202;QUC 3493-2018;202;693;20.096;19.211;22.968
203;QUC 3509-2017;203;693;20.623;19.703;23.533
204;QUC 3614-2020;204;702;20.103;19.833;21.389
205;QUC 4540-2021;205;693;19.909;19.607;20.498
206;QUC 3772-2021;206;684;20.706;19.859;25.138
207;QUC 3417-2020;207;684;20.216;19.6;23.462
208;QUC 3584-2020;208;693;20.36;19.808;21.789
209;QUC 3618-2020;209;684;20.018;19.654;20.753
210;QUC 3489-2018  ;210;684;20.274;19.627;22.608
211;QUC 4480-2021;211;684;21.102;20.351;23.417
212;QUC 3513-2020;212;666;20.76;20.125;21.614
213;QUC 3632-2020;213;675;20.106;19.401;21.15
214;QUC 3601-2020;214;684;20.407;19.537;24.098
215;QUC 4597-2021;215;666;20.284;19.356;24.069
216;QUC 3543-2022;216;666;20.036;19.421;20.706
217;QUC 3224-2020;217;666;19.935;19.584;20.459
218;QUC 4557-2021;218;657;20.522;19.743;22.563
219;QUC 3581-2020;219;666;20.965;19.97;23.953
220;QUC 3637-2020;220;666;20.3;19.771;21.224
221;QUC 3661-2020;221;648;20.263;19.658;21.243
222;QUC 3613-2017 ;222;648;21.399;20.446;24.517
223;QUC 3561-2020;223;657;20.858;20.221;22.462
224;QUC 3627-2020;224;648;20.823;20.221;21.976
225;QUC 4543-2021;225;540;20.98;20.466;21.867
226;QUC 3423-2020;226;540;20.785;20.126;21.887
227;QUC 3117-2020;227;648;21.319;20.382;24.403
228;QUC 3422-2020;228;657;20.793;20.013;22.63
229;QUC 3611-2020;229;648;20.647;19.57;23.497
230;QUC 3212-2020;230;648;20.23;19.628;21.867
231;QUC 3672-2018  ;231;666;20.451;19.583;22.249
232;QUC 3406-2020;232;666;20.464;19.054;23.79
233;QUC 3606-2021;233;657;19.982;19.332;21.975
234;QUC 3316-2019;234;666;19.984;19.478;20.846
235;UC-1218;235;666;20.271;19.523;21.427
236;QUC 3529-2022;236;666;20.327;19.333;23.482
237;QUC 4255-2021;237;684;20.391;19.327;23.952
238;QUC 3223-2020;238;675;20.518;19.551;22.52
239;QUC 3218-2020;239;666;20.5;19.708;23.689
240;QUC 3546-2020;240;684;20.446;19.73;22.859
241;QUC 4538-2021;241;684;20.487;19.797;23.176
242;QUC 4561-2021;242;684;20.081;19.121;20.721
243;QUC 3562-2020;243;693;20.06;19.593;21.187
244;QUC 3420-2020;244;684;20.146;19.351;22.978
245;QUC 3532-2018  ;245;684;20.216;19.348;22.893
246;QUC 3213-2020;246;693;20.33;19.937;21.38
247;QUC 3662-2020;247;702;20.165;19.56;21.703
248;QUC 4255-2021;248;693;20.593;19.362;23.12
249;QUC 3523-2022;249;693;20.241;19.538;22.822
250;QUC 3639-2020;250;702;20.581;19.59;22.087
251;QUC 4596-2021;251;702;21.378;20.19;23.363
252;QUC 4544-2021;252;693;21.501;20.481;24.931
253;QUC 3585-2020;253;693;21.388;20.149;24.13
254;QUC 3454-2017;254;702;20.524;19.878;21.719
255;QUC 3225-2020;255;693;20.746;20.2;22.453
256;QUC 3615-2020;256;684;21.065;20.268;24.03
257;QUC 3633-2020;257;684;21.512;20.32;23.907
258;QUC 3448-2017  ;258;693;20.996;20.363;22.237
259;QUC 3328-2019  ;259;684;21.27;20.601;23.07
260;QUC 3623-2020;260;684;21.965;21.04;24.635
261;QUC 3586-2020;261;684;21.442;20.499;24.203
262;QUC 3678-2016;262;666;21.282;20.025;24.271
263;QUC 3424-2020;263;675;21.041;20.2;23.03
264;QUC 3208-2020;264;684;22.145;20.867;24.135
265;QUC 3531-2018  ;265;666;21.854;20.933;25.696
266;QUC 3678-2016  ;266;666;21.387;20.437;23.021
267;QUC 3604-2020;267;666;20.799;20.14;22.399
268;QUC 3517-2022;268;657;20.354;19.773;22.011
269;QUC 3411-2020;269;666;21.682;19.896;25.821
270;QUC 4550-2021;270;666;22.035;20.911;26.389
271;QUC 3412-2020;271;648;21.519;20.528;24.493
272;QUC 4549-2021;272;648;22.209;21.208;24.601
273;QUC 3555-2017;273;657;21.741;20.463;23.736
274;QUC 3548-2022;274;648;22.922;21.648;25.892
275;QUC 4595-2021;275;519;23.863;22.371;26.48
276;QUC 3593-2020;276;540;22.638;21.115;26.003
277;QUC 3599-2020;277;648;21.868;20.709;25.095
278;QUC 3613-2017;278;657;21.201;19.874;23.141
279;QUC 3742-2020;279;648;21.136;20.013;23.731
280;QUC 3613-2020;280;648;21.466;20.047;24.056
281;QUC 3643-2020;281;666;21.47;19.998;26.373
282;QUC 3530-2022;282;666;20.843;19.413;23.433
283;QUC 3669-2020;283;657;20.537;19.559;22.422
284;QUC 3629-2020;284;666;20.875;20.209;22.533
285;QUC 3621-2020;285;666;21.508;20.682;23.033
286;QUC 3220-2020;286;666;21.865;20.789;25.165
287;QUC 4545-2021;287;684;21.842;20.983;24.903
288;QUC 3526-2017;288;675;20.955;20.089;23.031
289;QUC 4547-2021;289;666;21.771;20.402;25.933
290;QUC 3593-2017;290;684;20.862;20.06;23.392
291;QUC 4636-2021;291;684;21.516;20.433;24.086
292;QUC 3679-2020;292;684;20.619;20.187;21.884
293;QUC 3414-2020;293;693;20.635;19.852;22.887
294;QUC 3213-2020;294;684;21.777;20.184;25.58
295;QUC 3493-2018;295;684;20.589;19.849;22.556
296;QUC 4667-2021;296;693;21.212;20.094;23.585
297;QUC 3555-2017  ;297;702;20.972;20.153;22.208
298;QUC 3326-2019;298;693;21.462;20.173;24.399
299;QUC 3548-2022;299;693;20.795;19.99;23.58
300;QUC 3646-202;300;702;21.315;20.516;23.769
301;QUC 3545-2020;301;699;21.965;20.937;26.445
302;QUC 3223-2020;302;684;23.021;21.649;26.521
303;QUC 3533-2022;303;693;21.62;20.828;25.431
304;QUC 35783-2020;304;702;22.747;21.624;25.613
305;QUC 3532-2022;305;693;21.712;21.072;24.03
306;QUC 3532-2018  ;306;684;21.773;21.199;22.928
307;QUC 3309-2020;307;684;21.913;21.064;24.151
308;QUC 3208-2020;308;693;21.247;20.568;22.458
309;QUC 4533-2021;309;684;20.862;20.403;22.071
310;QUC 3519-2022;310;684;20.542;20.072;21.498
311;QUC 3595-2020;311;684;22.291;21.245;24.38
312;QUC 3772-2021;312;661;23.629;22.079;26.563
313;QUC 3632-2021;313;675;22.555;21.744;24.839
314;QUC 3526-2022;314;684;21.559;20.689;22.37
315;QUC 3117-2020;315;666;21.957;20.984;24.115
316;QUC 4470-2021;316;666;21.152;20.739;21.782
317;QUC 3407-2020;317;666;20.956;20.434;22.063
318;QUC 4598-2021;318;657;21.051;20.47;21.907
319;QUC 3655-2020;319;666;20.91;20.234;22.164
320;QUC 3623-2020;320;666;20.68;20.044;21.248
321;QUC 3454-2020  ;321;648;21.22;20.414;23.002
322;QUC 3610-2020;322;648;21.187;20.505;22.181
323;QUC 3310-2020;323;657;21.423;20.599;22.676
324;QUC 3657-2020;324;648;21.976;21.243;23.311
325;QUC 3313-2020;325;540;22.083;21.39;22.817
326;QUC 3592-2020;326;540;21.693;21.122;23.824
327;QUC 3662-2020;327;648;21.815;20.888;25.298
328;QUC 3633-2020;328;657;21.144;20.488;24.116
329;QUC 4628-2021;329;648;20.914;20.395;22.084
330;QUC 4637-2021;330;648;21.217;20.607;22.252
331;QUC 3528-2017;331;666;20.717;20.154;21.65
332;QUC 4543-2021;332;666;20.866;20.233;21.872
333;QUC 3328-2019  ;333;657;20.861;20.43;22.372
334;QUC 3423-2020;334;666;20.654;20.226;21.643
335;QUC 4542-2021;335;666;21.359;20.627;23.748
336;QUC 3536-2022;336;666;21.473;20.749;22.731
337;QUC 3530-2022;337;684;21.4;20.632;22.707
338;QUC 3214-2020;338;675;21.317;20.695;23.915
339;QUC 3224-2020;339;666;21.523;20.737;23.82
340;QUC 3594-2017  ;340;684;20.812;20.391;21.731
341;QUC 3501-2020;341;684;20.833;20.427;21.731
342;QUC 4465-2021;342;684;20.798;20.43;22.919
343;QUC 3590-2020;343;693;21.428;20.784;23.931
344;QUC 3417-2020;344;684;21.173;20.547;22.751
345;QUC 3593-2020;345;684;21.492;20.929;22.473
346;QUC 3555-2020;346;693;21.202;20.735;24.943
347;QUC 3559-2020;347;702;21.779;20.705;24
348;QUC 3422-2020;348;684;22.302;20.954;26.341
349;QUC 3636-2020;349;679;22.312;20.837;26.503
350;QUC 3573-2020;350;674;22.897;21.162;26.535
351;QUC 3492-2018;351;702;22.716;21.211;26.087
352;QUC 4558-2021;352;693;23.042;21.574;25.892
353;QUC 3616-2020;353;693;22.988;21.558;25.977
354;QUC 3609-2020;354;702;23.349;21.958;25.488
355;QUC 3535-2022;355;693;22.129;21.387;25.98
356;QUC 3502-2020;356;684;22.191;21.417;24.45
357;QUC 3586-2020;357;684;22.963;21.76;25.88
358;QUC 3409-2020;358;693;22.333;21.402;24.1
359;QUC 3679-2016;359;684;20.913;20.297;21.657
360;QUC 4595-2021;360;684;21.626;20.864;26.106
361;QUC 3859-2021;361;684;21.895;20.814;25.826
362;QUC 4459-2021;362;666;21.778;20.488;24.918
363;QUC 3313-2019;363;675;21.489;20.698;24.372
364;QUC 3411-2020;364;684;22.824;21.361;25.344
365;QUC 3678-2020;365;666;22.931;21.359;26.451
366;QUC 3209-2020;366;666;22.612;21.333;24.877
367;QUC 3522-2022;367;666;21.614;20.882;23.317
368;QUC 3634-2020;368;657;22.207;20.905;26.357
369;QUC 3669-2020;369;666;22.662;21.181;25.759
370;QUC 3401-2020;370;666;22.626;21.709;24.561
371;QUC 4425-2021;371;648;21.926;20.937;24.341
372;QUC 3513-2020;372;648;22.196;21.333;25.113
373;QUC 3315-2019;373;657;22.521;21.483;24.98
374;QUC 3596-2020;374;639;22.693;21.412;26.526
375;QUC 4222-2021;375;532;23.344;21.745;26.489
376;QUC 4255-2021;376;540;22.602;21.3;26.354
377;QUC 3546-2022;377;648;22.285;21.175;25.413
378;QUC 3606-2020;378;644;22.834;21.698;26.553
379;QUC 3582-2020;379;648;22.262;20.937;26.248
380;QUC 4541-2021;380;646;21.84;20.899;26.21
381;QUC 3661-2020;381;666;22.096;21.058;25.306
382;QUC 3509-2017 ;382;666;21.792;20.385;25.988
383;QUC 3301-2019;383;651;21.837;20.836;26.551
384;QUC 3555-2017  ;384;666;21.259;20.902;22.313
385;QUC 3406-2020;385;666;21.187;20.595;22.24
386;QUC 3544-2020;386;666;21.604;20.782;25.015
387;QUC 4614-2021;387;684;21.562;20.46;25.355
388;QUC 3635-2020;388;675;21.336;20.043;23.043
389;QUC 3448-2017;389;666;20.907;20.289;22.712
390;QUC 3425-2020;390;684;22.32;21.226;25.926
391;QUC 4323-2021;391;684;22.279;21.152;24.748
392;QUC 3588-2020;392;684;22.032;21.352;23.358
393;QUC 3547-2022;393;693;21.62;20.46;23.379
394;QUC 4546-2021;394;678;22.732;21.613;26.563
395;QUC 3614-2020;395;684;22.1;20.81;25.977
396;QUC 3528-2017  ;396;693;21.414;20.614;24.261
397;QUC 3448-2017  ;397;702;22.226;20.783;25.786
398;QUC 3639-2020;398;690;22.205;20.725;26.184
399;QUC 3572-2018;399;693;21.973;20.389;26.552
400;QUC 3649-2020;400;664;23.166;21.275;26.558
401;QUC 3419-2020;401;702;22.174;21.182;24.934
402;QUC 4535-2021;402;693;22.29;21.228;24.855
403;QUC 3556-2020;403;693;21.696;20.579;24.418
404;QUC 3615-2020;404;702;22.115;21.19;24.715
405;QUC 3220-2020;405;693;22.917;21.841;25.457
406;QUC 4224-2021;406;657;24.205;22.279;26.562
407;QUC 3421-2020;407;684;23.731;22.315;26.178
408;QUC 3528-2020;408;693;22.244;21.157;23.782
409;QUC 4539-2021;409;684;22.512;21.669;24.673
410;QUC 3622-2020;410;684;23.312;22.162;25.422
411;QUC 3543-2022;411;684;22.96;21.771;24.953
412;QUC 3672-2018  ;412;666;22.798;21.598;26.166
413;QUC 3527-2020;413;675;22.714;21.635;25.086
414;QUC 3311-2019;414;684;21.933;21.328;23.413
415;QUC 3581-2020;415;666;22.826;21.471;25.218
416;QUC 3608-2020;416;666;22.265;21.44;23.586
417;QUC 3516-2022;417;658;21.81;21.157;26.325
418;QUC 3531-2018  ;418;657;22.802;21.749;23.723
419;QUC 3531-2022;419;661;22.798;21.133;26.564
420;QUC 3591-2020;420;616;23.108;21.602;26.564
421;QUC 4550-2021;421;648;23.547;22.47;25.653
422;QUC 4600-2021;422;648;22.599;21.813;24.32
423;QUC 3741-2020;423;657;22.898;22.174;25.17
424;QUC 3537-2022;424;643;23.477;22.174;26.518
425;QUC 4559-2021;425;540;23.379;22.441;24.701
426;QUC 3642-2020;426;540;22.358;21.76;23.608
427;QUC 3424-2020;427;648;22.327;21.372;25.832
428;QUC 3420-2020;428;657;22.171;21.245;23.677
429;QUC 4481-2021;429;648;22.411;21.11;25.031
430;QUC 4549-2021;430;648;22.566;21.256;26.438
431;QUC 3319-2020;431;666;22.031;20.68;23.975
432;QUC 3742-2020;432;666;22.161;20.672;25.363
433;QUC 3611-2020;433;657;21.97;20.916;25.042
434;QUC 3454-2017  ;434;666;21.575;20.856;22.298
435;QUC 3529-2017;435;666;21.721;20.945;22.738
436;QUC 3528-2022;436;666;22.23;21.335;24.093
437;QUC 3613-2020;437;677;23.016;21.36;26.438
438;QUC 3523-2022;438;675;21.459;20.94;22.022
439;QUC 3624-2020;439;666;22.436;21.495;24.515
440;QUC 3656-2020;440;684;22.163;20.965;24.454
441;QUC 4592-2021;441;684;22.742;21.396;26.19
442;QUC 4557-2021;442;684;21.878;21.401;23.304
443;QUC 3536-2020;443;693;21.779;21.046;23.07
444;QUC 3617-2020;444;684;22.034;20.986;24.033
445;QUC 3454-2017;445;684;22.28;20.976;26.289
446;QUC 3584-2020;446;685;22.589;21.522;26.38
447;LLEUQUE-INIA;447;702;21.167;20.25;22.951
448;QUC 3613-2017 ;448;693;20.748;19.804;23.038
449;QUC 4561-2021;449;685;21.948;19.967;26.311
450;QUC 3314-2019;450;702;21.717;20.346;24.959
451;QUC 4483-2021;451;652;24.368;22.749;26.541
452;QUC 3212-2020;452;635;24.383;22.076;26.519
453;QUC 4534-2021;453;683;23.218;21.534;26.376
454;QUC 3526-2017;454;698;22.712;21.305;26.477
455;QUC 3492-2018;455;693;22.343;21.364;25.55
456;QUC 3585-2020;456;684;22.518;21.566;25.58
457;QUC 3702-2020;457;676;23.634;22.235;26.548
458;QUC 3581-2018;458;689;23.515;21.86;26.551
459;QUC 3555-2017;459;684;22.06;21.444;23.613
460;QUC 3416-2020;460;684;22.955;21.776;25.855
461;QUC 3558-2020;461;684;22.483;21.401;24.275
462;QUC 3638-2020;462;666;22.788;21.863;24.754
463;QUC 3558-2018;463;675;22.496;21.287;24.542
464;QUC 3599-2020;464;680;23.967;22.365;26.484
465;QUC 3487-2018  ;465;666;23.392;22.115;25.713
466;QUC 3637-2020;466;666;23.827;22.557;26.487
467;QUC 3536-2018;467;666;22.432;21.878;23.428
468;QUC 3532-2018;468;657;22.325;21.311;25.396
469;QUC 3678-2016;469;666;22.537;21.006;26.544
470;QUC 3509-2017;470;666;22.954;21.901;25.205
471;QUC 4538-2021;471;640;23.943;22.614;26.539
472;QUC 3583-2021;472;619;24.356;22.855;26.508
473;QUC 3526-2017;473;656;24.199;22.8;26.56
474;QUC 3627-2020;474;622;24.422;23.285;26.52
475;QUC 4552-2021;475;537;23.867;22.779;26.257
476;QUC 3612-2020;476;540;22.38;21.7;24.119
477;UC-1218;477;640;22.67;20.978;26.561
478;QUC 3522-2020;478;657;22.704;21.249;26.062
479;QUC 3221-2020;479;647;22.946;21.354;26.418
480;QUC 4548-2021;480;648;22.469;21.397;25.273
481;QUC 3534-2018  ;481;666;21.947;21.024;24.965
482;QUEULE-INIA;482;661;23.005;21.094;26.527
483;QUC 3534-2018;483;657;22.189;21.208;25.292
484;QUC 3632-2020;484;666;22.642;21.353;26.507
485;QUC 3635-2020;485;655;22.825;21.162;26.343
486;QUC 3626-2020;486;663;23.044;21.173;26.548
487;QUC 4540-2021;487;684;22.564;20.856;25.878
488;QUC 3527-2022;488;675;21.836;20.853;24.646
489;QUC 3677-2020;489;666;22.312;20.933;26.302
490;QUC 3309-2019;490;684;21.59;20.46;24.028
491;QUC 3312-2019;491;684;21.996;21.133;24.313
492;QUC 3546-2020;492;684;22.171;20.413;24.806
493;QUC 3618-2020;493;693;22.108;20.559;25.522
494;QUC 3311-2019;494;684;22.039;20.765;24.922
495;QUC 3316-2019;495;684;22.06;20.916;24.479
496;QUC 3525-2022;496;693;21.652;20.797;23.405
497;QUC 3678-2016  ;497;702;21.288;20.775;24.512
498;QUC 3630-2020;498;693;21.692;20.392;24.53
499;QUC 3211-2020;499;693;22.5;21.08;25.461
500;QUC 4605-2021;500;702;21.467;20.778;23.151
501;QUC 3220-2020;501;685;23.076;21.899;26.547
502;QUC 4562-2021;502;587;24.067;22.303;26.555
503;QUC 3225-2020;503;681;22.971;21.59;26.517
504;QUC 4537-2021;504;638;22.981;21.697;26.54
505;QUC 3606-2021;505;671;23.06;21.936;26.529
506;QUC 3607-2020;506;676;23.522;21.904;26.498
507;QUC 3625-2020;507;684;22.909;21.886;26.286
508;QUC 4568-2021;508;682;23.388;22.462;26.495
509;CBC 509 CHILE/SOMAT_3.1//BOOMER_18/LOTUS_4/6/ZAMPULLIN_2/GUANAY/5/NETTA_4/DUKEM_12//RASCON_19/3/SORA/2*PLATA_12/4/GREEN_18/FOCHA_1//AIRON_1/7/ZAKA/3/AJAIA_12/F3LOCAL(SEL.ETHIO.135.85)//PLATA_13/4/SOOTY_9/RASCON_37//WODUCK/CHAM_3/8/SELIM//SOUAI/FUMA_1;509;681;23.312;22.242;26.271
510;QUC 3448-2017  ;510;683;23.32;22.242;26.012
511;QUC 3653-2020;511;680;23.504;22.099;26.521
512;QUC 3529-2022;512;666;22.935;21.78;26.51
513;QUC 3619-2020;513;675;22.695;21.961;24.266
514;QUC 3517-2017;514;684;23.045;21.97;26.456
515;QUC 3529-2017  ;515;666;23.291;22.273;25.44
516;QUC 4596-2021;516;666;22.623;22.044;23.716
517;QUC 3603-2020;517;666;23.834;22.82;25.815
518;QUC 3648-2020;518;651;23.595;22.415;26.51
519;QUC 4547-2021;519;662;23.26;21.975;26.541
520;QUC 4344-2021;520;666;22.6;21.792;26.242
521;QUC 3589-2020;521;648;22.798;21.794;24.963
522;QUC 3658-2020;522;648;22.931;21.984;25.82
523;QUC 3521-2020;523;657;22.936;21.589;24.788
524;QUC 3210-2020;524;648;23.374;22.104;26.515
525;QUC 4551-2021;525;540;23.128;22.592;24.281
526;QUC 3306-2019;526;540;22.319;21.768;23.531
527;QUC 4545-2021;527;645;22.45;21.463;26.564
528;QUC 3418-2020;528;657;22.359;21.367;24.98
529;QUC 3598-2020;529;648;22.673;21.701;25.958
530;QUC 3534-2020;530;648;22.539;22.04;23.57
531;QUC 3526-2017  ;531;666;22.502;21.76;24.632
532;QUC 3622-2021;532;630;23.666;22.291;26.482
533;QUC 3631-2020;533;613;23.792;22.727;26.561
534;QUC 4597-2021;534;666;23.846;23.05;24.99
535;QUC 4454-2021;535;666;23.074;22.271;24.417
536;QUC 3409-2020;536;666;23.389;22.559;25.389
537;QUC 3562-2020;537;679;23.671;22.668;26.542
538;QUC 3517-2022;538;675;22.475;21.884;23.9
539;QUC 3524-2022;539;662;22.479;21.69;26.309
540;QUC 3412-2020;540;677;23.632;22.507;26.56
541;QUC 3605-2020;541;684;22.995;22.208;25.044
542;QUC 3628-2020;542;684;23.306;22.296;25.971
543;QUC 3408-2020;543;687;23.402;22.58;26.412
544;QUC 3561-2020;544;678;23.038;22.163;26.528
545;QUC 3534-2022;545;680;23.157;21.642;26.482
546;QUC 3507-2020;546;671;23.374;22.129;26.564
547;QUC 3517-2017  ;547;702;22.947;21.951;26.343
548;QUC 3604-2020;548;693;22.464;21.311;25.011
549;QUC 3621-2020;549;678;22.92;21.368;26.39
550;QUC 3679-2016  ;550;689;21.972;20.711;26.416
551;QUC 3602-2020;551;655;22.256;20.919;26.476
552;QUC 3586-2016;552;686;22.581;20.425;26.561
553;QUC 3531-2018;553;693;22.223;20.89;24.908
554;QUC 3597-2020;554;702;22.643;21.426;25.485
555;QUC 3404-2020;555;691;23.99;22.624;26.217
556;QUC 3317-2019;556;681;23.179;22.019;26.228
557;QUC 4480-2021;557;676;24.021;22.467;26.56
558;QUC 3584-2018;558;693;23.048;22.325;25.845
559;QUC 4423-2021;559;674;24.226;22.79;26.522
560;QUC 4544-2021;560;683;23.579;22.165;26.484
561;QUC 3629-2020;561;683;23.273;21.823;26.513
562;QUC 3556-2018;562;663;21.93;20.99;25.77
563;QUC 3489-2018  ;563;675;21.736;21.042;23.527
564;QUC 3601-2020;564;683;22.829;21.623;26.553
565;QUC 3207-2020;565;666;22.406;21.163;25.879
566;QUC 4553-2021;566;666;22.253;21.398;25.284
567;QUC 3410-2020;567;666;21.965;21.302;23.801
568;QUC 3594-2020;568;657;22.314;21.489;25.289
569;QUC 3413-2020;569;666;22.128;20.848;25.258
570;QUC 3401-2018;570;666;21.476;20.721;23.412
571;QUC 3218-2020;571;648;21.61;21.089;22.884
572;QUC 3328-2019;572;648;22.568;21.683;24.511
573;QUC 3543-2020;573;657;22.768;21.82;25.125
574;QUC 3643-2020;574;617;23.872;22.33;26.518
575;QUC 3518-2022;575;540;22.562;21.98;24.388
576;QUC 3663-2020;576;529;22.637;21.799;25.884
577;QUC 3613-2017;577;648;21.908;21.174;25.425
578;QUC 3305-2019;578;657;22.737;21.815;25.257
