Parc.;Variedad ; ;Area;Mean;StdDev;Min;Max;%Area;MinThr;MaxThr
1;QUC 3608-2020;1;527;26.4458;0.5228;25.3868;27.7007;100;-3.40E+38;3.40E+38
2;QUC 3516-2022;2;527;26.4434;0.7925;25.1105;28.8664;100;-3.40E+38;3.40E+38
3;QUC 3555-2020;3;527;25.9882;0.2853;25.1833;27.1848;100;-3.40E+38;3.40E+38
4;QUC 4465-2021;4;534;26.202;0.3236;25.5471;27.3823;100;-3.40E+38;3.40E+38
5;QUC 4667-2021;5;544;26.4905;0.4596;25.7663;28.5223;100;-3.40E+38;3.40E+38
6;QUC 3586-2016;6;541;27.1744;0.716;26.0514;30.5447;100;-3.40E+38;3.40E+38
7;QUC 3528-2017  ;7;544;26.0829;0.7641;25.1721;28.9333;100;-3.40E+38;3.40E+38
8;QUC 3536-2020;8;544;26.4098;0.6126;25.7526;30.39;100;-3.40E+38;3.40E+38
9;QUC 3220-2020;9;544;26.668;0.6915;25.9303;30.2594;100;-3.40E+38;3.40E+38
10;QUC 4559-2021;10;550;27.267;0.7481;26.0463;30.6801;100;-3.40E+38;3.40E+38
11;QUC 3309-2019;11;561;26.3729;0.3669;25.8085;27.9431;100;-3.40E+38;3.40E+38
12;QUC 3529-2017  ;12;561;25.8443;0.4728;25.2156;28.2619;100;-3.40E+38;3.40E+38
13;QUC 3612-2020;13;561;26.3395;0.7573;25.4157;29.7831;100;-3.40E+38;3.40E+38
14;QUC 3526-2017  ;14;558;26.4454;1.0678;25.0554;30.5948;100;-3.40E+38;3.40E+38
15;QUC 3535-2022;15;561;25.8895;0.4583;25.2008;28.2728;100;-3.40E+38;3.40E+38
16;QUC 3528-2017;16;568;25.6716;0.3623;25.0143;28.3249;100;-3.40E+38;3.40E+38
17;QUC 3448-2017  ;17;578;26.1882;0.3879;25.6466;28.8685;100;-3.40E+38;3.40E+38
18;QUC 4637-2021;18;567;27.7575;0.7921;26.4797;30.2351;100;-3.40E+38;3.40E+38
19;QUC 3609-2020;19;561;27.5831;0.94;26.5615;30.6439;100;-3.40E+38;3.40E+38
20;QUC 3622-2020;20;574;27.1391;0.8103;26.2923;30.5657;100;-3.40E+38;3.40E+38
21;QUC 3314-2019;21;570;26.8852;0.8617;26.0113;30.6603;100;-3.40E+38;3.40E+38
22;QUC 3209-2020;22;561;26.9686;0.8911;25.7474;30.6723;100;-3.40E+38;3.40E+38
23;QUC 3605-2020;23;580;26.5194;0.9318;25.5729;30.578;100;-3.40E+38;3.40E+38
24;QUC 4558-2021;24;592;26.6861;0.9357;25.127;30.6334;100;-3.40E+38;3.40E+38
25;QUC 3596-2020;25;611;27.2485;0.6957;26.0988;30.5676;100;-3.40E+38;3.40E+38
26;QUC 3527-2022;26;612;26.7229;0.5301;25.8333;28.7416;100;-3.40E+38;3.40E+38
27;QUC 3556-2020;27;612;26.2971;0.5697;25.3488;28.5865;100;-3.40E+38;3.40E+38
28;QUC 3537-2022;28;612;26.8458;0.6365;25.7909;29.5049;100;-3.40E+38;3.40E+38
29;QUC 3642-2020;29;595;27.8062;0.5749;26.6723;29.9558;100;-3.40E+38;3.40E+38
30;QUC 3583-2021;30;590;28.2783;0.909;26.9979;30.5804;100;-3.40E+38;3.40E+38
31;QUC 3211-2020;31;595;27.9307;0.4472;27.1938;29.6398;100;-3.40E+38;3.40E+38
32;QUC 4344-2021;32;577;28.7123;0.6707;27.6645;30.5481;100;-3.40E+38;3.40E+38
33;QUC 4459-2021;33;595;28.3394;0.5451;27.4491;30.1666;100;-3.40E+38;3.40E+38
34;QUC 4534-2021;34;593;28.0264;0.6499;27.0996;30.6858;100;-3.40E+38;3.40E+38
35;QUC 3408-2020;35;577;27.8213;0.9039;26.6829;30.5912;100;-3.40E+38;3.40E+38
36;QUC 3594-2020;36;578;27.9114;0.4789;27.0236;30.1318;100;-3.40E+38;3.40E+38
37;QUC 3559-2020;37;578;27.148;0.8185;26.0408;29.7701;100;-3.40E+38;3.40E+38
38;QUC 3546-2022;38;570;26.4389;0.5022;25.7084;28.8309;100;-3.40E+38;3.40E+38
39;QUC 3502-2020;39;561;26.3754;0.5319;25.5364;28.7583;100;-3.40E+38;3.40E+38
40;QUC 3658-2020;40;561;26.9349;0.6183;25.9642;29.2336;100;-3.40E+38;3.40E+38
41;QUC 3448-2017;41;552;27.2673;0.6497;26.2296;29.3745;100;-3.40E+38;3.40E+38
42;QUC 3306-2019;42;544;27.0045;0.3143;26.3887;28.069;100;-3.40E+38;3.40E+38
43;QUC 3528-2020;43;544;26.7737;0.438;25.8007;27.89;100;-3.40E+38;3.40E+38
44;QUEULE-INIA;44;544;27.1621;0.4331;26.5552;29.0877;100;-3.40E+38;3.40E+38
45;QUC 3454-2017  ;45;544;26.9751;0.5994;26.2698;29.2624;100;-3.40E+38;3.40E+38
46;QUC 3328-2019;46;544;26.8454;0.4982;26.207;28.9568;100;-3.40E+38;3.40E+38
47;QUC 3207-2020;47;534;26.9432;0.3471;26.2152;29.2661;100;-3.40E+38;3.40E+38
48;QUC 3591-2020;48;527;26.584;0.4795;25.6401;29.2402;100;-3.40E+38;3.40E+38
49;QUC 3590-2020;49;527;26.6001;0.765;25.5952;29.6263;100;-3.40E+38;3.40E+38
50;QUC 3301-2019;50;527;26.6945;0.5037;25.9052;27.8815;100;-3.40E+38;3.40E+38
51;QUC 4551-2021;51;527;27.3015;0.6579;26.1729;30.2058;100;-3.40E+38;3.40E+38
52;QUC 3526-2017;52;527;25.9308;0.7395;24.7561;28.2031;100;-3.40E+38;3.40E+38
53;QUC 3628-2020;53;527;26.2154;0.8118;25.234;28.5617;100;-3.40E+38;3.40E+38
54;QUC 3607-2020;54;534;26.4248;0.5892;25.5911;29.7;100;-3.40E+38;3.40E+38
55;QUC 3305-2019;55;544;26.1382;0.3687;25.4345;28.3418;100;-3.40E+38;3.40E+38
56;QUC 3492-2018;56;544;26.9989;0.7387;25.8948;29.2666;100;-3.40E+38;3.40E+38
57;QUC 3527-2020;57;544;26.2897;0.6342;25.0505;29.0106;100;-3.40E+38;3.40E+38
58;QUC 3619-2020;58;544;26.0765;0.3482;25.3759;27.7533;100;-3.40E+38;3.40E+38
59;QUC 3534-2018;59;544;26.3044;0.2575;25.3933;26.9677;100;-3.40E+38;3.40E+38
60;QUC 3312-2019;60;552;26.4871;0.65;25.4204;28.6586;100;-3.40E+38;3.40E+38
61;QUC 4535-2021;61;561;26.8797;0.4398;26.1346;28.2593;100;-3.40E+38;3.40E+38
62;QUC 3702-2020;62;554;26.9062;0.9829;26.0616;30.6064;100;-3.40E+38;3.40E+38
63;QUC 3617-2020;63;570;26.4952;0.5111;25.7537;29.1055;100;-3.40E+38;3.40E+38
64;QUC 3653-2020;64;578;27.1836;0.7456;26.1653;29.6666;100;-3.40E+38;3.40E+38
65;QUC 3532-2018;65;578;26.3282;0.7614;25.4279;30.6324;100;-3.40E+38;3.40E+38
66;QUC 3593-2017;66;586;26.1677;0.43;25.4305;27.5205;100;-3.40E+38;3.40E+38
67;QUC 3555-2017  ;67;595;26.539;0.4605;25.6749;28.3525;100;-3.40E+38;3.40E+38
68;QUC 4425-2021;68;595;27.3152;0.4764;26.3701;28.9029;100;-3.40E+38;3.40E+38
69;QUC 4542-2021;69;595;27.6498;0.436;26.9067;29.7127;100;-3.40E+38;3.40E+38
70;QUC 3221-2020;70;543;28.3223;0.7954;27.241;30.6364;100;-3.40E+38;3.40E+38
71;QUC 3413-2020;71;586;27.7443;0.877;26.6003;30.6456;100;-3.40E+38;3.40E+38
72;QUC 3210-2020;72;592;28.1824;0.8259;26.8449;30.5293;100;-3.40E+38;3.40E+38
73;QUC 3556-2018;73;612;27.0793;0.769;25.9693;29.7419;100;-3.40E+38;3.40E+38
74;QUC 3677-2020;74;612;27.2013;0.5438;26.4674;29.0641;100;-3.40E+38;3.40E+38
75;QUC 3517-2017;75;612;27.2625;0.6005;26.2436;29.2281;100;-3.40E+38;3.40E+38
76;QUC 3592-2020;76;607;27.7698;0.7267;26.6941;30.6888;100;-3.40E+38;3.40E+38
77;QUC 3425-2020;77;612;27.6566;0.9124;26.3181;29.9313;100;-3.40E+38;3.40E+38
78;LLEUQUE-INIA;78;612;26.5226;0.4414;25.7038;28.0997;100;-3.40E+38;3.40E+38
79;QUC 3522-2022;79;592;27.2404;0.9616;25.5228;30.6818;100;-3.40E+38;3.40E+38
80;QUC 4592-2021;80;557;28.2484;1.1277;26.4968;30.6422;100;-3.40E+38;3.40E+38
81;QUC 3603-2020;81;595;27.2919;0.8329;26.0617;30.1426;100;-3.40E+38;3.40E+38
82;QUC 3616-2020;82;579;27.9979;0.8623;26.4349;30.6864;100;-3.40E+38;3.40E+38
83;QUC 3606-2020;83;569;28.0756;0.8938;26.7897;30.6851;100;-3.40E+38;3.40E+38
84;QUC 4552-2021;84;595;27.5521;0.9133;26.3911;30.1675;100;-3.40E+38;3.40E+38
85;QUC 3555-2017  ;85;580;26.5933;0.9961;25.4791;30.6864;100;-3.40E+38;3.40E+38
86;QUC 3582-2020;86;576;27.0879;0.9987;25.7536;30.5795;100;-3.40E+38;3.40E+38
87;QUC 3678-2020;87;575;28.0559;0.9513;26.4784;30.6692;100;-3.40E+38;3.40E+38
88;QUC 3625-2020;88;570;27.5892;0.9567;26.4322;30.4097;100;-3.40E+38;3.40E+38
89;QUC 3401-2020;89;560;27.4171;0.9816;26.421;30.5681;100;-3.40E+38;3.40E+38
90;QUC 3543-2020;90;561;27.0542;0.5381;26.3284;29.4217;100;-3.40E+38;3.40E+38
91;QUC 3632-2021;91;505;28.4357;0.8765;26.9774;30.6788;100;-3.40E+38;3.40E+38
92;QUC 4600-2021;92;544;26.5754;0.6204;25.5232;29.8712;100;-3.40E+38;3.40E+38
93;QUC 3584-2018;93;544;26.4537;0.3789;25.7916;27.9733;100;-3.40E+38;3.40E+38
94;QUC 4605-2021;94;544;26.5633;0.9802;25.3227;30.478;100;-3.40E+38;3.40E+38
95;QUC 3521-2020;95;544;26.6807;0.7602;25.2259;28.9577;100;-3.40E+38;3.40E+38
96;QUC 3525-2022;96;521;26.7362;1.1156;25.3523;30.5509;100;-3.40E+38;3.40E+38
97;QUC 3326-2019;97;516;27.6677;0.8387;26.5262;30.6602;100;-3.40E+38;3.40E+38
98;QUC 3317-2019;98;525;26.9251;0.7725;25.559;30.3805;100;-3.40E+38;3.40E+38
99;QUC 3547-2022;99;527;27.4102;0.6481;26.2983;29.8746;100;-3.40E+38;3.40E+38
100;QUC 4598-2021;100;524;27.3647;0.7772;25.8025;30.1489;100;-3.40E+38;3.40E+38
101;QUC 3518-2022;101;526;25.9606;0.813;23.3914;27.2194;100;-3.40E+38;3.40E+38
102;QUC 3524-2022;102;527;25.7831;0.4645;24.9438;28.1304;100;-3.40E+38;3.40E+38
103;QUC 3414-2020;103;527;25.9134;0.5616;24.4373;26.8525;100;-3.40E+38;3.40E+38
104;QUC 3544-2020;104;534;26.5572;0.4718;25.763;28.8346;100;-3.40E+38;3.40E+38
105;QUC 3636-2020;105;544;26.2747;0.4613;25.5304;27.7488;100;-3.40E+38;3.40E+38
106;QUC 3421-2020;106;544;26.9503;0.6743;25.9475;29.1941;100;-3.40E+38;3.40E+38
107;QUC 4454-2021;107;544;25.9292;0.4871;25.0241;28.6932;100;-3.40E+38;3.40E+38
108;QUC 3859-2021;108;544;25.7198;0.4702;24.7248;27.5282;100;-3.40E+38;3.40E+38
109;QUC 3532-2022;109;544;25.1312;0.4499;24.0169;26.5606;100;-3.40E+38;3.40E+38
110;QUC 3655-2020;110;552;26.1485;0.572;25.103;27.7891;100;-3.40E+38;3.40E+38
111;QUC 3534-2020;111;561;25.6197;0.5911;24.7069;27.6377;100;-3.40E+38;3.40E+38
112;QUC 3648-2020;112;561;26.317;0.7595;25.076;28.495;100;-3.40E+38;3.40E+38
113;QUC 4541-2021;113;564;26.5032;1.117;25.1813;30.6376;100;-3.40E+38;3.40E+38
114;QUC 3311-2019;114;578;26.1567;0.837;24.6801;29.2229;100;-3.40E+38;3.40E+38
115;QUC 3649-2020;115;578;26.2302;0.5116;25.122;27.9534;100;-3.40E+38;3.40E+38
116;QUC 3454-2020  ;116;586;26.4375;0.9869;25.4826;29.9919;100;-3.40E+38;3.40E+38
117;QUC 4483-2021;117;595;26.6562;0.8252;25.6811;29.7475;100;-3.40E+38;3.40E+38
118;QUC 3410-2020;118;595;26.3091;0.6562;24.8635;28.0758;100;-3.40E+38;3.40E+38
119;QUC 3638-2020;119;595;26.4426;0.5655;24.7553;28.2758;100;-3.40E+38;3.40E+38
120;QUC 4546-2021;120;592;27.5145;1.2202;25.2426;30.6176;100;-3.40E+38;3.40E+38
121;QUC 4481-2021;121;589;27.2786;1.1629;25.921;30.6262;100;-3.40E+38;3.40E+38
122;QUC 3409-2020;122;595;26.9698;0.7508;25.5406;29.9705;100;-3.40E+38;3.40E+38
123;QUC 3404-2020;123;612;27.1565;0.4596;25.5229;28.589;100;-3.40E+38;3.40E+38
124;QUC 3741-2020;124;612;27.0522;0.969;25.5408;29.7741;100;-3.40E+38;3.40E+38
125;QUC 3528-2022;125;612;26.515;0.9155;25.019;29.5791;100;-3.40E+38;3.40E+38
126;QUC 3407-2020;126;611;27.2868;0.8614;26.3008;30.5506;100;-3.40E+38;3.40E+38
127;QUC 3631-2020;127;610;27.4558;0.707;26.4532;30.572;100;-3.40E+38;3.40E+38
128;QUC 3401-2018;128;612;26.1055;0.3655;25.1564;27.0228;100;-3.40E+38;3.40E+38
129;QUC 3657-2020;129;595;26.0875;0.626;25.2159;28.9182;100;-3.40E+38;3.40E+38
130;QUC 3311-2019;130;595;25.7787;0.6488;24.8414;29.3728;100;-3.40E+38;3.40E+38
131;QUC 3626-2020;131;586;27.1275;0.841;26.103;30.6796;100;-3.40E+38;3.40E+38
132;QUC 4568-2021;132;595;26.2696;0.988;24.0862;29.5504;100;-3.40E+38;3.40E+38
133;QUC 3622-2021;133;595;26.2025;0.617;24.8234;29.0341;100;-3.40E+38;3.40E+38
134;QUC 3492-2018;134;595;25.1633;0.5233;24.5216;27.3843;100;-3.40E+38;3.40E+38
135;QUC 4323-2021;135;586;25.7296;0.4446;24.9922;27.5327;100;-3.40E+38;3.40E+38
136;QUC 3594-2017  ;136;578;24.9312;0.2872;24.1473;25.6673;100;-3.40E+38;3.40E+38
137;QUC 3635-2020;137;578;25.8973;0.9362;24.6061;28.5556;100;-3.40E+38;3.40E+38
138;QUC 3536-2022;138;570;25.387;0.4318;24.7786;27.5549;100;-3.40E+38;3.40E+38
139;QUC 3646-202;139;561;25.5784;0.4437;23.9237;26.8384;100;-3.40E+38;3.40E+38
140;QUC 3214-2020;140;561;25.4869;0.6075;24.4707;28.1126;100;-3.40E+38;3.40E+38
141;QUC 3487-2018  ;141;552;25.1035;0.496;24.1105;26.9496;100;-3.40E+38;3.40E+38
142;QUC 4423-2021;142;544;25.6362;0.4042;24.7589;26.9047;100;-3.40E+38;3.40E+38
143;QUC 3531-2018;143;544;25.0261;0.2006;24.3241;25.5593;100;-3.40E+38;3.40E+38
144;QUC 4470-2021;144;544;25.5522;0.4519;24.2802;27.733;100;-3.40E+38;3.40E+38
145;QUC 3313-2019;145;544;26.6448;0.8371;24.6412;29.1326;100;-3.40E+38;3.40E+38
146;QUC 3679-2016;146;544;25.4417;0.4868;24.4896;26.8116;100;-3.40E+38;3.40E+38
147;QUC 4636-2021;147;534;26.772;0.4035;25.1346;27.8039;100;-3.40E+38;3.40E+38
148;QUC 3572-2018;148;527;27.5288;0.5898;25.8436;30.2208;100;-3.40E+38;3.40E+38
149;QUC 3635-2020;149;527;26.915;0.699;25.7622;29.5003;100;-3.40E+38;3.40E+38
150;QUC 3419-2020;150;527;26.3415;0.4138;24.3572;27.269;100;-3.40E+38;3.40E+38
151;QUC 3581-2018;151;527;25.7131;0.59;23.635;26.9564;100;-3.40E+38;3.40E+38
152;QUC 3588-2020;152;527;26.3522;0.7467;25.085;29.6635;100;-3.40E+38;3.40E+38
153;QUC 4539-2021;153;527;25.5629;0.4469;24.6438;27.0423;100;-3.40E+38;3.40E+38
154;QUC 3507-2020;154;534;24.9473;0.295;24.1927;25.7846;100;-3.40E+38;3.40E+38
155;QUC 3501-2020;155;544;24.8081;0.3288;24.0912;26.0583;100;-3.40E+38;3.40E+38
156;QUC 3595-2020;156;544;25.8062;0.7603;24.5008;29.0343;100;-3.40E+38;3.40E+38
157;QUC 3319-2020;157;544;25.1345;0.4893;24.2144;26.91;100;-3.40E+38;3.40E+38
158;QUC 3598-2020;158;544;24.7826;0.4429;23.8125;26.7106;100;-3.40E+38;3.40E+38
159;QUC 3597-2020;159;544;24.9807;0.539;24.1335;27.745;100;-3.40E+38;3.40E+38
160;QUC 3679-2016  ;160;552;24.5185;0.5901;23.5017;25.9708;100;-3.40E+38;3.40E+38
161;QUC 3634-2020;161;561;24.6295;0.3132;24.0052;25.9203;100;-3.40E+38;3.40E+38
162;QUC 3418-2020;162;561;24.2952;0.3884;23.3945;25.2722;100;-3.40E+38;3.40E+38
163;CBC 509 CHILE/SOMAT_3.1//BOOMER_18/LOTUS_4/6/ZAMPULLIN_2/GUANAY/5/NETTA_4/DUKEM_12//RASCON_19/3/SORA/2*PLATA_12/4/GREEN_18/FOCHA_1//AIRON_1/7/ZAKA/3/AJAIA_12/F3LOCAL(SEL.ETHIO.135.85)//PLATA_13/4/SOOTY_9/RASCON_37//WODUCK/CHAM_3/8/SELIM//SOUAI/FUMA_1;163;570;24.499;0.3054;23.7996;25.4172;100;-3.40E+38;3.40E+38
164;QUC 3310-2020;164;578;24.7789;0.9187;23.5077;28.328;100;-3.40E+38;3.40E+38
165;QUC 3656-2020;165;578;24.7181;0.3706;23.72;25.7668;100;-3.40E+38;3.40E+38
166;QUC 4533-2021;166;586;25.1544;0.3596;24.3538;26.2217;100;-3.40E+38;3.40E+38
167;QUC 3589-2020;167;595;25.5243;0.7212;24.5402;28.5952;100;-3.40E+38;3.40E+38
168;QUC 3536-2018;168;595;25.206;0.742;24.2116;28.2303;100;-3.40E+38;3.40E+38
169;QUC 3558-2018;169;595;24.7919;0.3604;23.9413;25.9155;100;-3.40E+38;3.40E+38
170;QUC 3522-2020;170;595;25.0406;0.3102;24.2975;25.923;100;-3.40E+38;3.40E+38
171;QUC 35783-2020;171;595;26.1345;0.9399;24.6772;29.4454;100;-3.40E+38;3.40E+38
172;QUC 3313-2020;172;595;25.8056;0.4653;24.799;27.4922;100;-3.40E+38;3.40E+38
173;QUC 3529-2017;173;612;24.9357;0.3986;24.1695;26.1217;100;-3.40E+38;3.40E+38
174;QUC 3545-2020;174;606;25.8932;0.865;24.7143;30.6883;100;-3.40E+38;3.40E+38
175;QUC 3519-2022;175;612;26.0014;0.8818;24.4695;28.7753;100;-3.40E+38;3.40E+38
176;QUC 4628-2021;176;612;26.0435;0.5236;24.8809;29.3162;100;-3.40E+38;3.40E+38
177;QUC 4222-2021;177;612;26.2086;0.7649;25.1651;28.8326;100;-3.40E+38;3.40E+38
178;QUC 4548-2021;178;612;25.9997;0.4251;25.3259;27.4734;100;-3.40E+38;3.40E+38
179;QUC 3534-2018  ;179;595;25.5624;0.5233;24.5451;27.2689;100;-3.40E+38;3.40E+38
180;QUC 3663-2020;180;595;25.3724;0.6717;24.3447;28.9109;100;-3.40E+38;3.40E+38
181;QUC 3526-2022;181;595;25.5123;1.1906;24.1011;29.459;100;-3.40E+38;3.40E+38
182;QUC 4614-2021;182;595;26.2445;0.7409;25.0175;28.7914;100;-3.40E+38;3.40E+38
183;QUC 3573-2020;183;595;25.4184;0.7352;24.259;27.9223;100;-3.40E+38;3.40E+38
184;QUC 3533-2022;184;595;24.8001;0.2275;24.2638;25.4988;100;-3.40E+38;3.40E+38
185;QUC 4553-2021;185;573;26.0363;1.1338;24.9202;30.6648;100;-3.40E+38;3.40E+38
186;QUC 4224-2021;186;578;26.0934;0.5807;25.0033;28.7361;100;-3.40E+38;3.40E+38
187;QUC 3315-2019;187;578;25.2974;0.8389;23.8938;28.3788;100;-3.40E+38;3.40E+38
188;QUC 3309-2020;188;570;24.8093;0.6009;23.5554;27.6538;100;-3.40E+38;3.40E+38
189;QUC 3531-2022;189;561;25.0946;0.4499;24.3494;27.3555;100;-3.40E+38;3.40E+38
190;QUC 3610-2020;190;561;24.9679;0.7664;24.0193;27.8304;100;-3.40E+38;3.40E+38
191;QUC 3534-2022;191;552;24.9653;0.4626;24.2285;26.4292;100;-3.40E+38;3.40E+38
192;QUC 3517-2017  ;192;544;24.748;0.3193;24.0789;26.3356;100;-3.40E+38;3.40E+38
193;QUC 3416-2020;193;544;24.7789;0.2525;24.106;25.6163;100;-3.40E+38;3.40E+38
194;QUC 3558-2020;194;544;25.6352;0.6173;24.8378;28.0909;100;-3.40E+38;3.40E+38
195;QUC 4562-2021;195;544;26.4806;0.7879;25.3262;29.0979;100;-3.40E+38;3.40E+38
196;QUC 4537-2021;196;544;25.8831;0.4392;25.0879;28.0935;100;-3.40E+38;3.40E+38
197;QUC 3409-2020;197;534;25.4018;0.5292;24.4797;27.8085;100;-3.40E+38;3.40E+38
198;QUC 3630-2020;198;527;25.0855;0.5432;24.219;26.8934;100;-3.40E+38;3.40E+38
199;QUC 3624-2020;199;527;25.5583;0.6935;24.5847;28.1127;100;-3.40E+38;3.40E+38
200;QUC 3509-2017 ;200;527;24.8206;0.2784;24.0866;25.5994;100;-3.40E+38;3.40E+38
201;QUC 3679-2020;201;514;24.5317;0.4533;23.4301;25.7003;100;-3.40E+38;3.40E+38
202;QUC 3493-2018;202;513;24.4509;0.8138;23.3833;27.0854;100;-3.40E+38;3.40E+38
203;QUC 3509-2017;203;525;24.6128;0.5973;23.3852;26.111;100;-3.40E+38;3.40E+38
204;QUC 3614-2020;204;532;24.2537;0.3725;23.387;25.1484;100;-3.40E+38;3.40E+38
205;QUC 4540-2021;205;543;24.4917;0.3375;23.4021;25.3108;100;-3.40E+38;3.40E+38
206;QUC 3772-2021;206;530;24.8794;0.8457;23.4014;27.7898;100;-3.40E+38;3.40E+38
207;QUC 3417-2020;207;522;24.1753;0.3362;23.4366;25.194;100;-3.40E+38;3.40E+38
208;QUC 3584-2020;208;544;24.2363;0.297;23.3951;25.0024;100;-3.40E+38;3.40E+38
209;QUC 3618-2020;209;540;24.3667;0.3313;23.3922;25.0122;100;-3.40E+38;3.40E+38
210;QUC 3489-2018  ;210;552;24.6935;0.5701;23.6423;26.3833;100;-3.40E+38;3.40E+38
211;QUC 4480-2021;211;561;24.7206;0.3646;23.6961;25.6946;100;-3.40E+38;3.40E+38
212;QUC 3513-2020;212;561;24.2859;0.3269;23.407;25.2167;100;-3.40E+38;3.40E+38
213;QUC 3632-2020;213;570;24.9329;0.3291;24.0602;25.7269;100;-3.40E+38;3.40E+38
214;QUC 3601-2020;214;578;25.4342;0.8534;23.9914;28.473;100;-3.40E+38;3.40E+38
215;QUC 4597-2021;215;578;24.8895;0.4261;23.7914;26.5775;100;-3.40E+38;3.40E+38
216;QUC 3543-2022;216;586;24.7142;0.376;23.9391;25.8788;100;-3.40E+38;3.40E+38
217;QUC 3224-2020;217;587;24.5529;0.3992;23.3817;25.4896;100;-3.40E+38;3.40E+38
218;QUC 4557-2021;218;573;25.0749;0.9145;23.422;28.1201;100;-3.40E+38;3.40E+38
219;QUC 3581-2020;219;583;24.7172;0.4902;23.427;25.8522;100;-3.40E+38;3.40E+38
220;QUC 3637-2020;220;595;24.6702;0.4617;23.5161;26.1476;100;-3.40E+38;3.40E+38
221;QUC 3661-2020;221;595;25.1273;0.6184;23.881;27.3786;100;-3.40E+38;3.40E+38
222;QUC 3613-2017 ;222;595;24.9433;0.6855;23.4432;27.0235;100;-3.40E+38;3.40E+38
223;QUC 3561-2020;223;610;24.653;0.4238;23.6218;26.0013;100;-3.40E+38;3.40E+38
224;QUC 3627-2020;224;612;25.2433;0.5156;24.0656;26.8849;100;-3.40E+38;3.40E+38
225;QUC 4543-2021;225;612;25.5822;0.9466;24.0619;28.9281;100;-3.40E+38;3.40E+38
226;QUC 3423-2020;226;612;25.1769;0.8109;23.6777;28.6003;100;-3.40E+38;3.40E+38
227;QUC 3117-2020;227;612;25.8126;0.3568;25.0555;26.9612;100;-3.40E+38;3.40E+38
228;QUC 3422-2020;228;612;25.3416;0.4774;24.3972;27.6706;100;-3.40E+38;3.40E+38
229;QUC 3611-2020;229;595;25.676;0.5113;24.8101;27.0485;100;-3.40E+38;3.40E+38
230;QUC 3212-2020;230;595;25.508;0.8819;24.4243;28.579;100;-3.40E+38;3.40E+38
231;QUC 3672-2018  ;231;595;24.7237;0.5057;23.6894;26.9569;100;-3.40E+38;3.40E+38
232;QUC 3406-2020;232;595;24.8531;0.4128;24.0351;25.9821;100;-3.40E+38;3.40E+38
233;QUC 3606-2021;233;595;25.1451;0.7919;24.0312;28.1664;100;-3.40E+38;3.40E+38
234;QUC 3316-2019;234;595;24.5822;0.4634;23.5577;26.1913;100;-3.40E+38;3.40E+38
235;UC-1218;235;586;24.7358;0.2828;23.8288;25.5378;100;-3.40E+38;3.40E+38
236;QUC 3529-2022;236;578;24.8698;0.5445;23.5659;26.9659;100;-3.40E+38;3.40E+38
237;QUC 4255-2021;237;578;25.7004;0.9098;24.4444;28.834;100;-3.40E+38;3.40E+38
238;QUC 3223-2020;238;570;25.3836;0.3991;24.5094;26.9283;100;-3.40E+38;3.40E+38
239;QUC 3218-2020;239;561;24.8662;0.2471;24.2678;26.0306;100;-3.40E+38;3.40E+38
240;QUC 3546-2020;240;561;24.3457;0.3905;23.4165;25.766;100;-3.40E+38;3.40E+38
241;QUC 4538-2021;241;552;24.8612;0.5838;23.764;26.8093;100;-3.40E+38;3.40E+38
242;QUC 4561-2021;242;544;24.7609;0.3924;23.6074;25.9757;100;-3.40E+38;3.40E+38
243;QUC 3562-2020;243;495;24.0056;0.2168;23.3822;24.5781;100;-3.40E+38;3.40E+38
244;QUC 3420-2020;244;510;23.8153;0.2407;23.3935;24.6163;100;-3.40E+38;3.40E+38
245;QUC 3532-2018  ;245;544;24.5713;0.7821;23.5241;27.4971;100;-3.40E+38;3.40E+38
246;QUC 3213-2020;246;542;24.6101;0.3273;23.4368;25.3354;100;-3.40E+38;3.40E+38
247;QUC 3662-2020;247;531;24.373;0.2742;23.4353;24.9988;100;-3.40E+38;3.40E+38
248;QUC 4255-2021;248;507;24.7174;0.6848;23.414;26.5038;100;-3.40E+38;3.40E+38
249;QUC 3523-2022;249;527;24.6182;0.6892;23.6883;26.8605;100;-3.40E+38;3.40E+38
250;QUC 3639-2020;250;527;25.1494;0.4408;24.248;26.1945;100;-3.40E+38;3.40E+38
251;QUC 4596-2021;251;527;25.3383;0.3394;23.9372;26.158;100;-3.40E+38;3.40E+38
252;QUC 4544-2021;252;527;25.2916;0.6571;23.798;28.0179;100;-3.40E+38;3.40E+38
253;QUC 3585-2020;253;527;25.0271;0.5236;23.6795;27.2041;100;-3.40E+38;3.40E+38
254;QUC 3454-2017;254;534;24.2151;0.2662;23.5487;24.8842;100;-3.40E+38;3.40E+38
255;QUC 3225-2020;255;529;24.4735;0.2918;23.3947;25.4072;100;-3.40E+38;3.40E+38
256;QUC 3615-2020;256;543;24.9694;0.8792;23.4171;27.9114;100;-3.40E+38;3.40E+38
257;QUC 3633-2020;257;512;24.4232;0.7192;23.4051;27.279;100;-3.40E+38;3.40E+38
258;QUC 3448-2017  ;258;486;23.8601;0.2415;23.382;24.5722;100;-3.40E+38;3.40E+38
259;QUC 3328-2019  ;259;513;24.2163;0.2628;23.392;25.4461;100;-3.40E+38;3.40E+38
260;QUC 3623-2020;260;552;24.4121;0.4964;23.5057;26.5218;100;-3.40E+38;3.40E+38
261;QUC 3586-2020;261;551;24.2839;0.3174;23.4123;25.6992;100;-3.40E+38;3.40E+38
262;QUC 3678-2016;262;538;24.2447;0.2906;23.3876;25.012;100;-3.40E+38;3.40E+38
263;QUC 3424-2020;263;570;24.6047;0.3149;23.6125;25.5167;100;-3.40E+38;3.40E+38
264;QUC 3208-2020;264;576;25.2352;0.8844;23.3827;28.5811;100;-3.40E+38;3.40E+38
265;QUC 3531-2018  ;265;560;24.8237;0.6124;23.414;26.6742;100;-3.40E+38;3.40E+38
266;QUC 3678-2016  ;266;586;24.2348;0.3671;23.4278;25.1644;100;-3.40E+38;3.40E+38
267;QUC 3604-2020;267;595;24.6986;0.3238;23.8386;25.8314;100;-3.40E+38;3.40E+38
268;QUC 3517-2022;268;556;24.686;0.9692;23.3878;28.2571;100;-3.40E+38;3.40E+38
269;QUC 3411-2020;269;567;24.5181;0.4939;23.395;25.8725;100;-3.40E+38;3.40E+38
270;QUC 4550-2021;270;595;24.7279;0.4789;23.5027;25.8421;100;-3.40E+38;3.40E+38
271;QUC 3412-2020;271;581;24.786;0.7984;23.3834;28.4346;100;-3.40E+38;3.40E+38
272;QUC 4549-2021;272;595;25.585;0.7077;24.4185;28.1763;100;-3.40E+38;3.40E+38
273;QUC 3555-2017;273;599;24.5586;0.7454;23.3899;26.8959;100;-3.40E+38;3.40E+38
274;QUC 3548-2022;274;608;24.6108;0.5155;23.4018;25.8646;100;-3.40E+38;3.40E+38
275;QUC 4595-2021;275;612;26.1562;0.5763;25.0956;28.3742;100;-3.40E+38;3.40E+38
276;QUC 3593-2020;276;612;26.1571;0.6801;24.7145;29.0876;100;-3.40E+38;3.40E+38
277;QUC 3599-2020;277;612;25.2069;0.6009;24.0467;26.9085;100;-3.40E+38;3.40E+38
278;QUC 3613-2017;278;612;24.8724;0.3072;24.2568;25.9469;100;-3.40E+38;3.40E+38
279;QUC 3742-2020;279;595;25.8425;1.0325;24.3385;30.6024;100;-3.40E+38;3.40E+38
280;QUC 3613-2020;280;595;25.8114;1.1302;24.2324;30.1545;100;-3.40E+38;3.40E+38
281;QUC 3643-2020;281;595;25.3722;0.5517;24.5481;27.3803;100;-3.40E+38;3.40E+38
282;QUC 3530-2022;282;595;24.8691;0.6356;24.0601;27.9843;100;-3.40E+38;3.40E+38
283;QUC 3669-2020;283;592;25.083;0.753;23.4304;27.7859;100;-3.40E+38;3.40E+38
284;QUC 3629-2020;284;595;24.8111;0.3857;23.4548;25.8842;100;-3.40E+38;3.40E+38
285;QUC 3621-2020;285;586;25.1223;0.3476;24.4803;27.4281;100;-3.40E+38;3.40E+38
286;QUC 3220-2020;286;578;25.3673;0.4958;24.5432;26.7765;100;-3.40E+38;3.40E+38
287;QUC 4545-2021;287;578;25.4083;0.7943;24.2032;28.0917;100;-3.40E+38;3.40E+38
288;QUC 3526-2017;288;570;24.5411;0.5713;23.756;27.3158;100;-3.40E+38;3.40E+38
289;QUC 4547-2021;289;561;25.2161;0.4979;24.2056;27.2952;100;-3.40E+38;3.40E+38
290;QUC 3593-2017;290;561;24.638;0.3693;24.0218;26.9038;100;-3.40E+38;3.40E+38
291;QUC 4636-2021;291;552;25.3748;0.6222;24.3196;27.9438;100;-3.40E+38;3.40E+38
292;QUC 3679-2020;292;517;24.1643;0.2932;23.3856;24.6857;100;-3.40E+38;3.40E+38
293;QUC 3414-2020;293;541;23.9992;0.2542;23.3821;24.8812;100;-3.40E+38;3.40E+38
294;QUC 3213-2020;294;544;25.2493;0.5697;23.7841;27.2003;100;-3.40E+38;3.40E+38
295;QUC 3493-2018;295;539;24.8603;0.9147;23.4281;27.8422;100;-3.40E+38;3.40E+38
296;QUC 4667-2021;296;544;24.9114;0.5616;23.7209;27.7228;100;-3.40E+38;3.40E+38
297;QUC 3555-2017  ;297;534;25.2453;0.552;24.4927;27.8005;100;-3.40E+38;3.40E+38
298;QUC 3326-2019;298;527;26.2083;0.7626;25.1122;28.8481;100;-3.40E+38;3.40E+38
299;QUC 3548-2022;299;527;26.0956;0.5765;24.8837;27.8082;100;-3.40E+38;3.40E+38
300;QUC 3646-202;300;527;26.2574;0.5569;24.4908;27.0941;100;-3.40E+38;3.40E+38
301;QUC 3545-2020;301;527;27.6752;0.5985;25.6288;30.1016;100;-3.40E+38;3.40E+38
302;QUC 3223-2020;302;527;27.4789;0.9239;25.8653;30.0146;100;-3.40E+38;3.40E+38
303;QUC 3533-2022;303;527;26.3416;0.7438;25.403;28.6959;100;-3.40E+38;3.40E+38
304;QUC 35783-2020;304;534;26.5186;0.6767;25.4065;29.5664;100;-3.40E+38;3.40E+38
305;QUC 3532-2022;305;544;24.8233;0.3614;24.1822;26.7376;100;-3.40E+38;3.40E+38
306;QUC 3532-2018  ;306;544;24.914;1.0638;23.7265;28.9655;100;-3.40E+38;3.40E+38
307;QUC 3309-2020;307;544;24.4703;0.4073;23.6636;25.8689;100;-3.40E+38;3.40E+38
308;QUC 3208-2020;308;544;24.4068;0.2378;23.706;25.0825;100;-3.40E+38;3.40E+38
309;QUC 4533-2021;309;540;24.3014;0.2626;23.3932;24.9801;100;-3.40E+38;3.40E+38
310;QUC 3519-2022;310;547;24.7064;0.928;23.4332;28.8078;100;-3.40E+38;3.40E+38
311;QUC 3595-2020;311;561;25.1084;0.2594;24.2682;26.2022;100;-3.40E+38;3.40E+38
312;QUC 3772-2021;312;561;25.1455;0.6061;24.0256;28.3923;100;-3.40E+38;3.40E+38
313;QUC 3632-2021;313;570;24.9419;0.3317;24.3078;26.4036;100;-3.40E+38;3.40E+38
314;QUC 3526-2022;314;573;24.6743;0.9001;23.3818;28.253;100;-3.40E+38;3.40E+38
315;QUC 3117-2020;315;578;25.5352;0.5489;24.6644;27.2241;100;-3.40E+38;3.40E+38
316;QUC 4470-2021;316;586;24.8164;0.5074;24.1891;28.3012;100;-3.40E+38;3.40E+38
317;QUC 3407-2020;317;595;24.8;0.5194;24.1332;27.0439;100;-3.40E+38;3.40E+38
318;QUC 4598-2021;318;595;25.1073;1.2402;23.8764;29.6;100;-3.40E+38;3.40E+38
319;QUC 3655-2020;319;595;24.3833;0.3747;23.6337;25.8664;100;-3.40E+38;3.40E+38
320;QUC 3623-2020;320;592;24.1594;0.3185;23.4182;25.0018;100;-3.40E+38;3.40E+38
321;QUC 3454-2020  ;321;595;25.557;0.9665;24.4763;28.9878;100;-3.40E+38;3.40E+38
322;QUC 3610-2020;322;595;25.2415;0.9626;23.5797;27.3367;100;-3.40E+38;3.40E+38
323;QUC 3310-2020;323;612;24.8592;1.0222;23.4505;28.302;100;-3.40E+38;3.40E+38
324;QUC 3657-2020;324;611;24.6073;0.6303;23.3893;26.2922;100;-3.40E+38;3.40E+38
325;QUC 3313-2020;325;612;25.0246;0.4651;24.0037;26.7567;100;-3.40E+38;3.40E+38
326;QUC 3592-2020;326;612;26.1191;1.037;24.6517;29.8726;100;-3.40E+38;3.40E+38
327;QUC 3662-2020;327;612;25.5737;1.0647;23.8734;28.7216;100;-3.40E+38;3.40E+38
328;QUC 3633-2020;328;608;25.7586;0.9421;24.498;30.4746;100;-3.40E+38;3.40E+38
329;QUC 4628-2021;329;595;26.2178;1.1483;24.3045;29.6798;100;-3.40E+38;3.40E+38
330;QUC 4637-2021;330;595;25.5139;0.7073;24.2588;27.6015;100;-3.40E+38;3.40E+38
331;QUC 3528-2017;331;595;24.2462;0.3902;23.4828;25.7383;100;-3.40E+38;3.40E+38
332;QUC 4543-2021;332;593;24.4566;0.5207;23.3914;25.7966;100;-3.40E+38;3.40E+38
333;QUC 3328-2019  ;333;595;25.5071;1.0944;24.171;28.9376;100;-3.40E+38;3.40E+38
334;QUC 3423-2020;334;595;25.4538;0.8768;24.4443;28.9826;100;-3.40E+38;3.40E+38
335;QUC 4542-2021;335;551;25.7943;1.1075;24.7122;30.5606;100;-3.40E+38;3.40E+38
336;QUC 3536-2022;336;578;25.8635;0.8775;24.6865;28.4078;100;-3.40E+38;3.40E+38
337;QUC 3530-2022;337;578;25.9396;0.8826;24.5255;28.6275;100;-3.40E+38;3.40E+38
338;QUC 3214-2020;338;570;25.8791;1.1012;24.6631;30.378;100;-3.40E+38;3.40E+38
339;QUC 3224-2020;339;561;25.4385;0.6486;24.3473;27.3995;100;-3.40E+38;3.40E+38
340;QUC 3594-2017  ;340;561;24.8755;0.4111;24.1167;26.3886;100;-3.40E+38;3.40E+38
341;QUC 3501-2020;341;552;25.4396;0.9755;24.1275;28.9925;100;-3.40E+38;3.40E+38
342;QUC 4465-2021;342;544;25.4428;1.0115;24.4199;29.0378;100;-3.40E+38;3.40E+38
343;QUC 3590-2020;343;544;25.2238;0.6729;24.2381;27.8293;100;-3.40E+38;3.40E+38
344;QUC 3417-2020;344;544;25.1576;0.571;24.119;27.0383;100;-3.40E+38;3.40E+38
345;QUC 3593-2020;345;534;26.7995;1.3153;25.1955;30.4069;100;-3.40E+38;3.40E+38
346;QUC 3555-2020;346;519;26.8353;1.2884;25.4501;30.6498;100;-3.40E+38;3.40E+38
347;QUC 3559-2020;347;435;28.3473;0.8534;26.7334;30.6635;100;-3.40E+38;3.40E+38
348;QUC 3422-2020;348;296;29.6348;0.6377;28.0736;30.6827;100;-3.40E+38;3.40E+38
349;QUC 3636-2020;349;413;29.4326;0.6682;27.6546;30.6479;100;-3.40E+38;3.40E+38
350;QUC 3573-2020;350;425;29.3708;0.747;27.1612;30.6813;100;-3.40E+38;3.40E+38
351;QUC 3492-2018;351;511;29.0463;0.5688;27.8849;30.6883;100;-3.40E+38;3.40E+38
352;QUC 4558-2021;352;451;28.973;0.8308;27.3372;30.679;100;-3.40E+38;3.40E+38
353;QUC 3616-2020;353;296;29.5492;0.6456;28.0279;30.6877;100;-3.40E+38;3.40E+38
354;QUC 3609-2020;354;353;29.8096;0.5248;27.8806;30.684;100;-3.40E+38;3.40E+38
355;QUC 3535-2022;355;526;27.2849;0.8552;25.898;30.6713;100;-3.40E+38;3.40E+38
356;QUC 3502-2020;356;544;27.5317;0.8899;26.2298;30.5388;100;-3.40E+38;3.40E+38
357;QUC 3586-2020;357;538;27.3044;0.6902;26.4631;30.6297;100;-3.40E+38;3.40E+38
358;QUC 3409-2020;358;538;26.2367;0.9234;25.4568;30.6411;100;-3.40E+38;3.40E+38
359;QUC 3679-2016;359;544;25.2518;0.8536;24.3201;29.6608;100;-3.40E+38;3.40E+38
360;QUC 4595-2021;360;552;25.9372;1.1506;24.7118;29.9365;100;-3.40E+38;3.40E+38
361;QUC 3859-2021;361;561;26.0143;0.7421;25.063;30.5172;100;-3.40E+38;3.40E+38
362;QUC 4459-2021;362;561;25.3552;0.5329;24.5128;27.9563;100;-3.40E+38;3.40E+38
363;QUC 3313-2019;363;570;26.1783;0.7224;24.8022;29.8594;100;-3.40E+38;3.40E+38
364;QUC 3411-2020;364;578;26.0536;0.8948;24.3827;28.7755;100;-3.40E+38;3.40E+38
365;QUC 3678-2020;365;578;25.6627;0.6912;24.77;27.6692;100;-3.40E+38;3.40E+38
366;QUC 3209-2020;366;586;25.784;0.7164;24.7693;28.6279;100;-3.40E+38;3.40E+38
367;QUC 3522-2022;367;595;25.2074;0.553;24.3176;28.2065;100;-3.40E+38;3.40E+38
368;QUC 3634-2020;368;595;26.0487;0.8378;24.7778;28.7481;100;-3.40E+38;3.40E+38
369;QUC 3669-2020;369;595;25.4758;0.5826;24.5478;28.4725;100;-3.40E+38;3.40E+38
370;QUC 3401-2020;370;595;25.341;0.5616;24.6751;27.919;100;-3.40E+38;3.40E+38
371;QUC 4425-2021;371;595;25.5647;1.0142;24.2607;28.8678;100;-3.40E+38;3.40E+38
372;QUC 3513-2020;372;595;25.1432;0.8309;23.959;28.3039;100;-3.40E+38;3.40E+38
373;QUC 3315-2019;373;612;25.1431;0.9965;23.9578;28.5762;100;-3.40E+38;3.40E+38
374;QUC 3596-2020;374;612;25.2626;0.6189;24.1594;28.3184;100;-3.40E+38;3.40E+38
375;QUC 4222-2021;375;612;26.4098;1.0992;24.668;30.6659;100;-3.40E+38;3.40E+38
376;QUC 4255-2021;376;611;26.2217;0.8243;25.1859;30.5434;100;-3.40E+38;3.40E+38
377;QUC 3546-2022;377;612;25.0731;0.6496;23.9024;27.9344;100;-3.40E+38;3.40E+38
378;QUC 3606-2020;378;612;26.6682;0.966;25.4817;30.5769;100;-3.40E+38;3.40E+38
379;QUC 3582-2020;379;595;26.1786;1.044;24.7365;29.1424;100;-3.40E+38;3.40E+38
380;QUC 4541-2021;380;587;26.4598;1.3777;24.9724;30.5271;100;-3.40E+38;3.40E+38
381;QUC 3661-2020;381;595;25.9284;0.5884;25.0892;28.5066;100;-3.40E+38;3.40E+38
382;QUC 3509-2017 ;382;595;25.788;0.6924;24.9049;28.4029;100;-3.40E+38;3.40E+38
383;QUC 3301-2019;383;595;25.8885;1.0926;24.3644;29.4691;100;-3.40E+38;3.40E+38
384;QUC 3555-2017  ;384;595;25.524;0.6993;24.5955;28.9135;100;-3.40E+38;3.40E+38
385;QUC 3406-2020;385;578;26.2251;1.3428;24.7367;30.649;100;-3.40E+38;3.40E+38
386;QUC 3544-2020;386;550;27.047;1.1842;25.6767;30.6119;100;-3.40E+38;3.40E+38
387;QUC 4614-2021;387;572;27.0016;1.0969;25.5117;30.6687;100;-3.40E+38;3.40E+38
388;QUC 3635-2020;388;539;26.4323;1.2691;25.0761;30.6623;100;-3.40E+38;3.40E+38
389;QUC 3448-2017;389;558;26.1521;1.3457;24.8243;30.5153;100;-3.40E+38;3.40E+38
390;QUC 3425-2020;390;455;27.772;1.0195;26.4608;30.6526;100;-3.40E+38;3.40E+38
391;QUC 4323-2021;391;448;28.0635;0.9551;26.8815;30.6884;100;-3.40E+38;3.40E+38
392;QUC 3588-2020;392;469;27.5853;0.8387;26.5033;30.6491;100;-3.40E+38;3.40E+38
393;QUC 3547-2022;393;474;27.5772;0.8354;26.6535;30.6475;100;-3.40E+38;3.40E+38
394;QUC 4546-2021;394;349;29.1145;0.7311;27.8899;30.6825;100;-3.40E+38;3.40E+38
395;QUC 3614-2020;395;499;28.4635;0.8712;27.0166;30.6871;100;-3.40E+38;3.40E+38
396;QUC 3528-2017  ;396;518;26.946;1.0222;25.9471;30.6465;100;-3.40E+38;3.40E+38
397;QUC 3448-2017  ;397;457;28.6658;0.7784;27.3481;30.6816;100;-3.40E+38;3.40E+38
398;QUC 3639-2020;398;403;29.2642;0.6722;28.0892;30.6676;100;-3.40E+38;3.40E+38
399;QUC 3572-2018;399;484;28.6374;0.8411;27.3886;30.651;100;-3.40E+38;3.40E+38
400;QUC 3649-2020;400;359;29.2558;0.6816;27.5939;30.6299;100;-3.40E+38;3.40E+38
401;QUC 3419-2020;401;527;27.7153;0.7817;26.7205;30.5393;100;-3.40E+38;3.40E+38
402;QUC 4535-2021;402;522;28.1752;0.6695;27.1881;30.4844;100;-3.40E+38;3.40E+38
403;QUC 3556-2020;403;527;27.5033;1.1101;25.7138;30.5299;100;-3.40E+38;3.40E+38
404;QUC 3615-2020;404;491;28.7442;0.5773;27.8822;30.6754;100;-3.40E+38;3.40E+38
405;QUC 3220-2020;405;456;28.6848;0.746;27.3701;30.6855;100;-3.40E+38;3.40E+38
406;QUC 4224-2021;406;310;29.6564;0.5697;28.509;30.6812;100;-3.40E+38;3.40E+38
407;QUC 3421-2020;407;474;28.5959;0.6628;27.5163;30.6592;100;-3.40E+38;3.40E+38
408;QUC 3528-2020;408;532;27.4494;0.8866;26.5116;30.6793;100;-3.40E+38;3.40E+38
409;QUC 4539-2021;409;501;27.8728;0.7285;27.0922;30.6878;100;-3.40E+38;3.40E+38
410;QUC 3622-2020;410;490;27.5932;0.9935;26.3368;30.6859;100;-3.40E+38;3.40E+38
411;QUC 3543-2022;411;534;27.264;0.6424;26.4099;30.6136;100;-3.40E+38;3.40E+38
412;QUC 3672-2018  ;412;561;26.7125;0.97;25.5836;30.6779;100;-3.40E+38;3.40E+38
413;QUC 3527-2020;413;563;26.4147;1.2;25.4985;30.5903;100;-3.40E+38;3.40E+38
414;QUC 3311-2019;414;578;26.1019;0.4806;25.3731;28.1842;100;-3.40E+38;3.40E+38
415;QUC 3581-2020;415;578;26.4225;0.8206;25.3615;28.8105;100;-3.40E+38;3.40E+38
416;QUC 3608-2020;416;586;25.9042;1.0464;24.5869;30.6639;100;-3.40E+38;3.40E+38
417;QUC 3516-2022;417;595;24.8899;0.4844;24.0694;27.0779;100;-3.40E+38;3.40E+38
418;QUC 3531-2018  ;418;595;25.1367;0.9514;24.1262;28.352;100;-3.40E+38;3.40E+38
419;QUC 3531-2022;419;595;24.4268;0.3796;23.8178;25.5232;100;-3.40E+38;3.40E+38
420;QUC 3591-2020;420;595;24.9855;0.3396;24.3303;26.9973;100;-3.40E+38;3.40E+38
421;QUC 4550-2021;421;593;26.0554;1.5156;24.321;30.4757;100;-3.40E+38;3.40E+38
422;QUC 4600-2021;422;595;25.2528;1.1717;23.7684;29.051;100;-3.40E+38;3.40E+38
423;QUC 3741-2020;423;612;25.0108;0.9776;23.7945;29.0957;100;-3.40E+38;3.40E+38
424;QUC 3537-2022;424;612;24.7065;0.421;23.8486;26.3313;100;-3.40E+38;3.40E+38
425;QUC 4559-2021;425;612;26.025;0.7084;24.642;29.7963;100;-3.40E+38;3.40E+38
426;QUC 3642-2020;426;612;26.1712;1.1053;24.8379;30.0635;100;-3.40E+38;3.40E+38
427;QUC 3424-2020;427;612;25.1754;0.5942;23.9442;27.0626;100;-3.40E+38;3.40E+38
428;QUC 3420-2020;428;612;25.1614;0.3706;24.3962;26.1874;100;-3.40E+38;3.40E+38
429;QUC 4481-2021;429;595;26.4758;1.1109;24.9604;30.2857;100;-3.40E+38;3.40E+38
430;QUC 4549-2021;430;594;26.4835;1.0356;25.2369;30.4502;100;-3.40E+38;3.40E+38
431;QUC 3319-2020;431;595;26.0534;0.6718;25.3528;28.4034;100;-3.40E+38;3.40E+38
432;QUC 3742-2020;432;595;25.4465;0.4285;24.6302;26.5854;100;-3.40E+38;3.40E+38
433;QUC 3611-2020;433;595;26.1695;0.9087;24.8662;29.7178;100;-3.40E+38;3.40E+38
434;QUC 3454-2017  ;434;595;26.5303;1.0225;25.1439;30.4591;100;-3.40E+38;3.40E+38
435;QUC 3529-2017;435;575;26.3015;1.2139;24.7774;30.4829;100;-3.40E+38;3.40E+38
436;QUC 3528-2022;436;471;27.6243;1.2993;25.6195;30.6848;100;-3.40E+38;3.40E+38
437;QUC 3613-2020;437;500;28.4668;0.8557;26.9793;30.6624;100;-3.40E+38;3.40E+38
438;QUC 3523-2022;438;547;26.9413;1.2586;25.769;30.673;100;-3.40E+38;3.40E+38
439;QUC 3624-2020;439;465;28.4222;0.8742;27.1203;30.66;100;-3.40E+38;3.40E+38
440;QUC 3656-2020;440;500;27.7769;1.1302;26.4698;30.6865;100;-3.40E+38;3.40E+38
441;QUC 4592-2021;441;472;28.7489;0.8954;27.0304;30.6542;100;-3.40E+38;3.40E+38
442;QUC 4557-2021;442;529;28.1789;0.8004;27.2626;30.6706;100;-3.40E+38;3.40E+38
443;QUC 3536-2020;443;491;27.7436;0.9833;26.8661;30.6807;100;-3.40E+38;3.40E+38
444;QUC 3617-2020;444;544;27.2533;0.9086;26.25;30.4236;100;-3.40E+38;3.40E+38
445;QUC 3454-2017;445;515;27.8928;1.0283;26.4551;30.6787;100;-3.40E+38;3.40E+38
446;QUC 3584-2020;446;462;28.0984;1.0325;26.8244;30.6859;100;-3.40E+38;3.40E+38
447;LLEUQUE-INIA;447;534;26.6836;0.3459;26.0233;27.9074;100;-3.40E+38;3.40E+38
448;QUC 3613-2017 ;448;527;26.5778;0.9953;25.4661;29.7033;100;-3.40E+38;3.40E+38
449;QUC 4561-2021;449;491;27.8863;0.979;26.4684;30.679;100;-3.40E+38;3.40E+38
450;QUC 3314-2019;450;510;27.5662;0.8331;26.4549;30.496;100;-3.40E+38;3.40E+38
451;QUC 4483-2021;451;489;29.1648;0.6103;27.4094;30.6801;100;-3.40E+38;3.40E+38
452;QUC 3212-2020;452;517;27.6692;1.1727;26.0284;30.6871;100;-3.40E+38;3.40E+38
453;QUC 4534-2021;453;523;27.005;0.9606;25.6033;30.6853;100;-3.40E+38;3.40E+38
454;QUC 3526-2017;454;525;26.2672;0.9912;24.8554;30.5125;100;-3.40E+38;3.40E+38
455;QUC 3492-2018;455;542;26.2396;0.8065;25.2867;30.4493;100;-3.40E+38;3.40E+38
456;QUC 3585-2020;456;539;26.4075;0.9061;25.4081;30.5645;100;-3.40E+38;3.40E+38
457;QUC 3702-2020;457;515;26.814;0.9074;25.5686;30.5168;100;-3.40E+38;3.40E+38
458;QUC 3581-2018;458;527;27.2663;0.7872;26.2667;30.5852;100;-3.40E+38;3.40E+38
459;QUC 3555-2017;459;536;26.9539;0.8424;26.0247;30.5885;100;-3.40E+38;3.40E+38
460;QUC 3416-2020;460;552;27.043;0.9115;25.8452;30.4476;100;-3.40E+38;3.40E+38
461;QUC 3558-2020;461;559;26.6569;0.8665;25.419;30.6109;100;-3.40E+38;3.40E+38
462;QUC 3638-2020;462;561;26.8165;0.441;25.8996;29.3132;100;-3.40E+38;3.40E+38
463;QUC 3558-2018;463;570;27.3626;0.8006;25.9416;30.6205;100;-3.40E+38;3.40E+38
464;QUC 3599-2020;464;563;28.2062;0.8603;26.6646;30.6522;100;-3.40E+38;3.40E+38
465;QUC 3487-2018  ;465;538;27.4263;0.9184;26.2134;30.6523;100;-3.40E+38;3.40E+38
466;QUC 3637-2020;466;527;28.0184;1.0029;26.511;30.6724;100;-3.40E+38;3.40E+38
467;QUC 3536-2018;467;580;26.1813;1.1328;24.9995;30.6784;100;-3.40E+38;3.40E+38
468;QUC 3532-2018;468;595;25.8157;0.7623;24.6234;28.7628;100;-3.40E+38;3.40E+38
469;QUC 3678-2016;469;595;25.049;0.495;24.1486;26.6616;100;-3.40E+38;3.40E+38
470;QUC 3509-2017;470;595;24.9947;0.4965;24.2584;26.8208;100;-3.40E+38;3.40E+38
471;QUC 4538-2021;471;595;25.5702;0.8295;24.3553;28.7523;100;-3.40E+38;3.40E+38
472;QUC 3583-2021;472;595;25.5357;0.9082;24.0605;28.5662;100;-3.40E+38;3.40E+38
473;QUC 3526-2017;473;612;24.9185;0.8876;23.6071;29.1446;100;-3.40E+38;3.40E+38
474;QUC 3627-2020;474;612;25.6884;0.913;24.6142;29.3563;100;-3.40E+38;3.40E+38
475;QUC 4552-2021;475;610;26.3128;0.8676;24.9286;30.5046;100;-3.40E+38;3.40E+38
476;QUC 3612-2020;476;612;26.4519;1.111;24.9311;30.6115;100;-3.40E+38;3.40E+38
477;UC-1218;477;612;25.144;0.5542;24.0767;27.958;100;-3.40E+38;3.40E+38
478;QUC 3522-2020;478;612;25.4478;0.9739;24.2704;29.7153;100;-3.40E+38;3.40E+38
479;QUC 3221-2020;479;595;26.073;0.8308;24.9654;29.0882;100;-3.40E+38;3.40E+38
480;QUC 4548-2021;480;595;25.319;0.5307;24.4152;28.5569;100;-3.40E+38;3.40E+38
481;QUC 3534-2018  ;481;595;24.8666;0.5697;23.8524;26.617;100;-3.40E+38;3.40E+38
482;QUEULE-INIA;482;595;25.803;0.5214;25.0042;27.4826;100;-3.40E+38;3.40E+38
483;QUC 3534-2018;483;562;27.0213;1.137;25.524;30.647;100;-3.40E+38;3.40E+38
484;QUC 3632-2020;484;448;27.9045;1.1172;26.4197;30.6873;100;-3.40E+38;3.40E+38
485;QUC 3635-2020;485;509;27.16;1.2162;25.6166;30.6735;100;-3.40E+38;3.40E+38
486;QUC 3626-2020;486;498;28.0658;0.8696;26.7587;30.6783;100;-3.40E+38;3.40E+38
487;QUC 4540-2021;487;541;27.8217;1.0369;26.0959;30.6502;100;-3.40E+38;3.40E+38
488;QUC 3527-2022;488;512;26.8596;1.1601;25.6144;30.6857;100;-3.40E+38;3.40E+38
489;QUC 3677-2020;489;540;27.4794;1.025;26.2853;30.6616;100;-3.40E+38;3.40E+38
490;QUC 3309-2019;490;561;26.8911;0.9573;25.7197;30.2859;100;-3.40E+38;3.40E+38
491;QUC 3312-2019;491;481;27.7716;1.1007;26.0203;30.6616;100;-3.40E+38;3.40E+38
492;QUC 3546-2020;492;494;27.4138;0.8893;25.9076;30.5486;100;-3.40E+38;3.40E+38
493;QUC 3618-2020;493;530;26.6486;0.9394;25.7915;30.6473;100;-3.40E+38;3.40E+38
494;QUC 3311-2019;494;544;26.2406;0.7387;25.3173;28.6478;100;-3.40E+38;3.40E+38
495;QUC 3316-2019;495;537;26.7812;1.0994;25.3059;30.551;100;-3.40E+38;3.40E+38
496;QUC 3525-2022;496;521;26.0755;0.9273;25.2741;30.3325;100;-3.40E+38;3.40E+38
497;QUC 3678-2016  ;497;497;26.752;1.1144;25.5904;30.6583;100;-3.40E+38;3.40E+38
498;QUC 3630-2020;498;492;28.4564;0.8619;27.2416;30.6783;100;-3.40E+38;3.40E+38
499;QUC 3211-2020;499;485;28.8719;0.7419;27.3773;30.6872;100;-3.40E+38;3.40E+38
500;QUC 4605-2021;500;523;27.221;0.7329;26.3106;30.6538;100;-3.40E+38;3.40E+38
501;QUC 3220-2020;501;527;28.616;0.3247;27.933;29.925;100;-3.40E+38;3.40E+38
502;QUC 4562-2021;502;522;27.7012;1.0361;26.5573;30.6865;100;-3.40E+38;3.40E+38
503;QUC 3225-2020;503;527;27.5291;0.7763;26.5628;30.4788;100;-3.40E+38;3.40E+38
504;QUC 4537-2021;504;534;26.7314;0.7554;25.7517;30.0299;100;-3.40E+38;3.40E+38
505;QUC 3606-2021;505;544;26.0312;0.3529;25.4603;28.0724;100;-3.40E+38;3.40E+38
506;QUC 3607-2020;506;544;26.359;0.6593;25.5159;29.0735;100;-3.40E+38;3.40E+38
507;QUC 3625-2020;507;544;26.4993;0.6289;25.6121;28.5678;100;-3.40E+38;3.40E+38
508;QUC 4568-2021;508;544;26.2579;0.6919;25.3201;28.9016;100;-3.40E+38;3.40E+38
509;CBC 509 CHILE/SOMAT_3.1//BOOMER_18/LOTUS_4/6/ZAMPULLIN_2/GUANAY/5/NETTA_4/DUKEM_12//RASCON_19/3/SORA/2*PLATA_12/4/GREEN_18/FOCHA_1//AIRON_1/7/ZAKA/3/AJAIA_12/F3LOCAL(SEL.ETHIO.135.85)//PLATA_13/4/SOOTY_9/RASCON_37//WODUCK/CHAM_3/8/SELIM//SOUAI/FUMA_1;509;544;25.987;0.3847;25.1573;27.9869;100;-3.40E+38;3.40E+38
510;QUC 3448-2017  ;510;552;25.6479;0.9256;24.35;28.7988;100;-3.40E+38;3.40E+38
511;QUC 3653-2020;511;561;25.7261;0.3958;24.8713;27.248;100;-3.40E+38;3.40E+38
512;QUC 3529-2022;512;561;25.657;0.4161;24.8421;27.602;100;-3.40E+38;3.40E+38
513;QUC 3619-2020;513;570;26.3826;0.8219;25.4018;29.3386;100;-3.40E+38;3.40E+38
514;QUC 3517-2017;514;578;27.2052;1.0553;26.1444;30.2874;100;-3.40E+38;3.40E+38
515;QUC 3529-2017  ;515;578;26.1589;0.9158;25.3033;29.7576;100;-3.40E+38;3.40E+38
516;QUC 4596-2021;516;586;25.9074;0.5949;24.9386;29.4208;100;-3.40E+38;3.40E+38
517;QUC 3603-2020;517;595;26.0768;0.6715;25.1771;29.4811;100;-3.40E+38;3.40E+38
518;QUC 3648-2020;518;595;26.6795;0.8505;25.5534;29.3922;100;-3.40E+38;3.40E+38
519;QUC 4547-2021;519;595;26.0102;0.5253;25.177;27.8867;100;-3.40E+38;3.40E+38
520;QUC 4344-2021;520;595;25.0242;0.4469;24.2569;26.8676;100;-3.40E+38;3.40E+38
521;QUC 3589-2020;521;595;24.811;0.5315;23.6942;26.1168;100;-3.40E+38;3.40E+38
522;QUC 3658-2020;522;595;24.8782;1.0154;23.5119;28.5707;100;-3.40E+38;3.40E+38
523;QUC 3521-2020;523;585;24.8462;1.0598;23.3846;28.9011;100;-3.40E+38;3.40E+38
524;QUC 3210-2020;524;612;24.9551;0.314;23.9743;25.9028;100;-3.40E+38;3.40E+38
525;QUC 4551-2021;525;612;25.9666;0.4492;24.9683;28.7833;100;-3.40E+38;3.40E+38
526;QUC 3306-2019;526;612;26.5327;0.8686;25.5255;29.7082;100;-3.40E+38;3.40E+38
527;QUC 4545-2021;527;603;26.6334;0.8577;25.4356;30.3539;100;-3.40E+38;3.40E+38
528;QUC 3418-2020;528;612;25.8859;0.7867;24.8773;29.0489;100;-3.40E+38;3.40E+38
529;QUC 3598-2020;529;595;26.5766;0.8976;25.318;29.4045;100;-3.40E+38;3.40E+38
530;QUC 3534-2020;530;587;25.6875;1.0892;24.3939;30.618;100;-3.40E+38;3.40E+38
531;QUC 3526-2017  ;531;595;25.3963;1.1846;24.0552;30.0529;100;-3.40E+38;3.40E+38
532;QUC 3622-2021;532;578;26.3839;0.9888;25.4041;30.6427;100;-3.40E+38;3.40E+38
533;QUC 3631-2020;533;595;27.5756;1.0684;26.0578;30.6692;100;-3.40E+38;3.40E+38
534;QUC 4597-2021;534;568;27.5593;1.5773;25.5817;30.6477;100;-3.40E+38;3.40E+38
535;QUC 4454-2021;535;533;27.4245;1.1159;26.2879;30.6881;100;-3.40E+38;3.40E+38
536;QUC 3409-2020;536;561;26.8529;1.1039;25.4565;30.559;100;-3.40E+38;3.40E+38
537;QUC 3562-2020;537;578;27.5472;1.0516;26.2055;30.6029;100;-3.40E+38;3.40E+38
538;QUC 3517-2022;538;570;26.2089;0.6654;25.24;28.5365;100;-3.40E+38;3.40E+38
539;QUC 3524-2022;539;552;26.4268;1.1698;25.1157;30.6857;100;-3.40E+38;3.40E+38
540;QUC 3412-2020;540;540;27.7788;1.1102;26.5106;30.6138;100;-3.40E+38;3.40E+38
541;QUC 3605-2020;541;547;28.0741;1.1189;26.6142;30.6464;100;-3.40E+38;3.40E+38
542;QUC 3628-2020;542;473;27.402;1.0099;25.9018;30.6177;100;-3.40E+38;3.40E+38
543;QUC 3408-2020;543;496;26.9176;1.0397;25.4822;30.6817;100;-3.40E+38;3.40E+38
544;QUC 3561-2020;544;528;27.1167;1.0185;25.8188;30.5959;100;-3.40E+38;3.40E+38
545;QUC 3534-2022;545;541;27.0023;1.1751;25.1991;30.6001;100;-3.40E+38;3.40E+38
546;QUC 3507-2020;546;484;28.1161;1.0148;26.6269;30.6818;100;-3.40E+38;3.40E+38
547;QUC 3517-2017  ;547;496;27.3734;1.1844;26.0155;30.6617;100;-3.40E+38;3.40E+38
548;QUC 3604-2020;548;492;28.587;0.7608;27.2249;30.6013;100;-3.40E+38;3.40E+38
549;QUC 3621-2020;549;415;28.531;0.7447;27.549;30.6836;100;-3.40E+38;3.40E+38
550;QUC 3679-2016  ;550;525;28.0044;0.8387;26.7437;30.6154;100;-3.40E+38;3.40E+38
551;QUC 3602-2020;551;408;29.3591;0.6479;28.2531;30.6847;100;-3.40E+38;3.40E+38
552;QUC 3586-2016;552;417;28.7076;0.9716;26.9874;30.687;100;-3.40E+38;3.40E+38
553;QUC 3531-2018;553;482;28.2837;0.8742;26.9365;30.685;100;-3.40E+38;3.40E+38
554;QUC 3597-2020;554;493;28.5602;0.7749;27.3478;30.6722;100;-3.40E+38;3.40E+38
555;QUC 3404-2020;555;327;29.4634;0.7368;27.987;30.6679;100;-3.40E+38;3.40E+38
556;QUC 3317-2019;556;458;28.4212;0.8976;27.0714;30.6601;100;-3.40E+38;3.40E+38
557;QUC 4480-2021;557;433;28.397;1.042;26.8475;30.6866;100;-3.40E+38;3.40E+38
558;QUC 3584-2018;558;460;28.3746;0.8883;27.0711;30.6803;100;-3.40E+38;3.40E+38
559;QUC 4423-2021;559;126;29.9089;0.4408;28.87;30.6705;100;-3.40E+38;3.40E+38
560;QUC 4544-2021;560;236;29.1339;0.9295;27.3713;30.6883;100;-3.40E+38;3.40E+38
561;QUC 3629-2020;561;500;28.258;1.1219;26.4158;30.6643;100;-3.40E+38;3.40E+38
562;QUC 3556-2018;562;545;27.2664;1.1151;25.8734;30.6416;100;-3.40E+38;3.40E+38
563;QUC 3489-2018  ;563;571;26.6203;0.9791;25.1492;30.456;100;-3.40E+38;3.40E+38
564;QUC 3601-2020;564;567;28.0415;1.1429;25.9909;30.685;100;-3.40E+38;3.40E+38
565;QUC 3207-2020;565;489;28.3344;0.9375;26.8303;30.6759;100;-3.40E+38;3.40E+38
566;QUC 4553-2021;566;503;27.1358;1.2307;25.5699;30.6677;100;-3.40E+38;3.40E+38
567;QUC 3410-2020;567;476;27.1808;1.3957;25.1748;30.683;100;-3.40E+38;3.40E+38
568;QUC 3594-2020;568;595;27.0521;1.1325;25.3347;30.6726;100;-3.40E+38;3.40E+38
569;QUC 3413-2020;569;595;25.6477;0.8137;24.5788;28.5084;100;-3.40E+38;3.40E+38
570;QUC 3401-2018;570;612;25.12;0.3485;24.4215;26.5179;100;-3.40E+38;3.40E+38
571;QUC 3218-2020;571;612;25.971;0.6746;24.91;28.6721;100;-3.40E+38;3.40E+38
572;QUC 3328-2019;572;610;26.4117;1.218;24.3268;30.3589;100;-3.40E+38;3.40E+38
573;QUC 3543-2020;573;629;25.2884;0.8786;23.7161;29.5577;100;-3.40E+38;3.40E+38
574;QUC 3643-2020;574;628;26.331;1.0544;24.7554;30.6628;100;-3.40E+38;3.40E+38
575;QUC 3518-2022;575;629;26.7347;0.9845;25.451;30.5216;100;-3.40E+38;3.40E+38
576;QUC 3663-2020;576;596;28.0403;0.7602;26.6883;30.6532;100;-3.40E+38;3.40E+38
577;QUC 3613-2017;577;612;26.0944;0.6479;24.9613;28.8362;100;-3.40E+38;3.40E+38
578;QUC 3305-2019;578;612;26.4727;0.9038;25.1584;30.028;100;-3.40E+38;3.40E+38
