Parc.;Variedad;Image Name;Intensity;Hue;Saturation;Lightness;a*;b*;u*;v*;GA;GGA;CSI
1;QUC 3608-2020;R-001_Plot-001;0.5628994;45.34281;0.25538534;64.07324;-3.5590987;33.895367;11.791121;39.830036;0.029310967;0;100
2;QUC 3516-2022;R-001_Plot-002;0.4234952;50.201424;0.25576895;49.543304;-4.961685;27.529171;6.0531235;31.018795;0.046363636;0;100
3;QUC 3555-2020;R-001_Plot-003;0.4549428;42.974533;0.27377594;52.653374;-1.7675555;29.879932;11.922817;33.192993;7.22E-04;0;100
4;QUC 4465-2021;R-001_Plot-004;0.48985937;47.480885;0.300435;57.33615;-4.151942;34.58133;10.542705;38.96695;0.006313131;0;100
5;QUC 4667-2021;R-001_Plot-005;0.41202256;46.50938;0.2566858;47.999195;-3.3661156;26.675945;7.9196224;29.577309;0.061958874;9.92E-04;98.39883552
6;QUC 3586-2016;R-001_Plot-006;0.44949195;50.791714;0.26364368;52.589306;-5.4536304;29.582787;6.333236;33.671673;0.047423049;0;100
7;QUC 3528-2017  ;R-001_Plot-007;0.34639952;58.674328;0.2819717;41.80583;-7.254991;25.945637;1.7296039;28.115982;0.485660173;6.31E-04;99.87000929
8;QUC 3536-2020;R-001_Plot-008;0.47183642;41.970284;0.30712873;54.897007;-0.8191717;33.447884;14.952149;36.647537;0.02732684;0.005862193;78.54785479
9;QUC 3220-2020;R-001_Plot-009;0.46665034;36.72885;0.26694417;53.20479;1.5920062;29.19804;16.801235;32.013752;8.95E-04;0;100
10;QUC 4559-2021;R-001_Plot-010;0.43609336;40.12185;0.28619385;50.501312;-0.06191675;29.561308;14.136957;32.030376;0.046528275;0;100
11;QUC 3309-2019;R-001_Plot-011;0.4261942;58.471;0.26305097;50.594532;-8.145877;29.01983;2.0878127;33.22543;0.36550071;0;100
12;QUC 3529-2017  ;R-001_Plot-012;0.36593604;55.76785;0.31090182;44.335518;-6.8333416;28.911194;3.4767544;31.176228;0.228870739;0;100
13;QUC 3612-2020;R-001_Plot-013;0.51131624;40.910423;0.27600378;58.532883;-0.641934;32.742905;15.343613;36.9002;6.26E-04;0;100
14;QUC 3526-2017  ;R-001_Plot-014;0.4297618;49.19404;0.3439045;51.592735;-4.5961146;34.750374;9.345122;37.576637;0.005326705;0;100
15;QUC 3535-2022;R-001_Plot-015;0.43606773;49.97805;0.30727506;51.772972;-5.0640564;32.342278;7.8397603;35.76152;0.008078835;0;100
16;QUC 3528-2017;R-001_Plot-016;0.3615196;57.753624;0.32336378;44.173702;-7.6318355;29.68536;2.6018243;31.900387;0.31640625;0;100
17;QUC 3448-2017  ;R-001_Plot-017;0.5137801;42.795444;0.3509578;60.256294;-0.74316674;39.80934;18.046516;43.4096;4.40E-04;0;100
18;QUC 4637-2021;R-001_Plot-018;0.45820406;37.18821;0.27836126;52.498055;1.5526025;29.757889;16.885479;32.352455;0.005681818;0;100
19;QUC 3609-2020;R-001_Plot-019;0.41848496;45.459282;0.30928338;49.40626;-2.648539;30.956266;10.678963;33.45599;0.061523438;8.88E-05;99.85569986
20;QUC 3622-2020;R-001_Plot-020;0.4450049;41.99593;0.3126377;52.04841;-0.7557332;32.37506;14.322513;34.966267;6.17E-04;0;100
21;QUC 3314-2019;R-001_Plot-021;0.3964511;45.253735;0.3085624;46.90282;-2.4787884;29.577047;10.168783;31.58755;0.002114165;0;100
22;QUC 3209-2020;R-001_Plot-022;0.49832416;43.504112;0.3216142;58.176754;-1.6252944;36.39859;15.178109;40.196213;0.001585624;0;100
23;QUC 3605-2020;R-001_Plot-023;0.4424962;39.471146;0.29148906;51.211777;0.393376;30.250189;15.167255;32.70654;0.002642706;0;100
24;QUC 4558-2021;R-001_Plot-024;0.41855654;39.541553;0.28688407;48.52976;0.2627269;28.590769;14.029982;30.632927;7.05E-04;0;100
25;QUC 3596-2020;R-001_Plot-025;0.45979908;42.452496;0.28648198;53.320633;-1.3448498;31.124018;13.103032;34.357246;0.005167959;0;100
26;QUC 3527-2022;R-002_Plot-026;0.41214666;42.98864;0.2789201;48.034065;-1.6455479;28.022919;10.93899;30.41238;8.61E-04;0;100
27;QUC 3556-2020;R-002_Plot-027;0.4914918;45.1507;0.34222138;57.974197;-2.4577675;37.995956;14.441664;41.641148;0.001497533;0;100
28;QUC 3537-2022;R-002_Plot-028;0.49667343;46.424477;0.34862125;58.809113;-3.286406;39.04139;13.625519;42.916492;0.002026075;0;100
29;QUC 3642-2020;R-002_Plot-029;0.3774128;41.33948;0.27504903;43.96689;-0.8209948;25.69689;10.845629;27.233013;0.024489077;0;100
30;QUC 3583-2021;R-002_Plot-030;0.4016334;42.68005;0.26307142;46.6247;-1.6328118;26.245667;10.146952;28.523796;0.057258633;0;100
31;QUC 3211-2020;R-002_Plot-031;0.44721696;42.326588;0.2918383;52.017532;-1.2032106;30.880411;13.086808;33.7872;0.003875969;0;100
32;QUC 4344-2021;R-002_Plot-032;0.46832272;50.47025;0.31675982;55.572884;-5.6057057;35.080173;8.356688;39.21954;0.092240767;1.78E-04;99.80750722
33;QUC 4459-2021;R-002_Plot-033;0.50909895;47.50786;0.3240229;59.85001;-4.168975;37.76314;11.926327;42.353565;0.003196023;0;100
34;QUC 4534-2021;R-002_Plot-034;0.37410936;50.547985;0.28611553;44.492134;-4.742857;27.172888;5.836435;29.387156;0.0863284;0;100
35;QUC 3408-2020;R-002_Plot-035;0.44208053;39.03459;0.26404834;50.748135;0.1688785;27.999508;13.902596;30.676146;0.00168679;0;100
36;QUC 3594-2020;R-002_Plot-036;0.468326;43.638947;0.3427477;55.258442;-1.3946099;36.413704;15.192211;39.32985;0.014026989;0;100
37;QUC 3559-2020;R-002_Plot-037;0.39722678;52.244667;0.25059843;46.68537;-5.456584;25.950172;4.553212;29.036358;0.084960938;0;100
38;QUC 3546-2022;R-002_Plot-038;0.31775492;59.25992;0.287035;38.540974;-7.0176096;24.604244;1.405491;26.051765;0.535701503;0;100
39;QUC 3502-2020;R-002_Plot-039;0.5367623;48.25493;0.3032626;62.535755;-4.874573;37.551777;11.029228;43.045902;7.99E-04;0;100
40;QUC 3658-2020;R-002_Plot-040;0.41629323;47.65253;0.29404974;49.137924;-3.809863;29.902147;8.565797;32.739216;0.01340554;0;100
41;QUC 3448-2017;R-002_Plot-041;0.46793285;45.93622;0.32469767;55.183315;-3.0283415;35.18736;12.248356;38.654915;0.009663565;0;100
42;QUC 3306-2019;R-002_Plot-042;0.4691639;44.263103;0.2951973;54.662468;-2.3064635;32.591595;12.339932;36.16953;0.022190408;0;100
43;QUC 3528-2020;R-002_Plot-043;0.5648895;52.630672;0.27320778;65.38879;-7.4515696;36.66854;6.971411;43.517406;0.0247114;0;100
44;QUEULE-INIA;R-002_Plot-044;0.424685;52.705624;0.27175468;50.140316;-6.057337;29.119095;5.098184;32.78207;0.090277778;0;100
45;QUC 3454-2017  ;R-002_Plot-045;0.37733662;57.326134;0.22052997;44.283134;-6.5282497;23.070398;1.8465673;26.115313;0.355225483;0.012437366;96.49874055
46;QUC 3328-2019;R-002_Plot-046;0.38204488;50.955097;0.27916354;45.32248;-4.970529;27.154333;5.5762973;29.63804;0.105339105;0.001262626;98.80136986
47;QUC 3207-2020;R-002_Plot-047;0.4862895;41.47024;0.30603296;56.388058;-0.5102182;34.099083;15.84167;37.52818;0.027507215;1.80E-04;99.3442623
48;QUC 3591-2020;R-002_Plot-048;0.49305227;46.30122;0.31870842;57.87541;-3.3969648;36.20098;12.341163;40.329144;0.023899711;2.71E-04;98.86792453
49;QUC 3590-2020;R-002_Plot-049;0.40353513;46.233818;0.27498323;47.297615;-3.1450484;27.589035;8.519594;30.156431;0.059636364;4.55E-04;99.23780488
50;QUC 3301-2019;R-002_Plot-050;0.48235765;49.142014;0.27938026;56.31222;-5.001107;32.50835;8.3985195;37.078194;0.02281746;0;100
51;QUC 4551-2021;R-003_Plot-051;0.4455465;51.74261;0.24865133;51.976322;-5.7400937;28.226791;5.3597765;32.369637;0.204635642;6.31E-04;99.69149405
52;QUC 3526-2017;R-003_Plot-052;0.40850246;54.58868;0.29401624;48.85226;-6.7864914;30.135056;4.3098974;33.45802;0.102636364;0;100
53;QUC 3628-2020;R-003_Plot-053;0.4204699;48.200863;0.26975936;49.27237;-4.1409264;28.305265;7.5115294;31.471138;0.07034632;4.51E-04;99.35897436
54;QUC 3607-2020;R-003_Plot-054;0.5004002;43.422234;0.24587554;57.140778;-2.3978164;29.804428;11.348524;34.278152;0.003607504;0;100
55;QUC 3305-2019;R-003_Plot-055;0.4112281;49.55803;0.26023805;48.204002;-4.608996;27.19213;6.3347645;30.328773;0.068181818;0;100
56;QUC 3492-2018;R-003_Plot-056;0.385855;59.166172;0.23124957;45.53288;-7.322196;24.436384;1.3131908;27.779322;0.503221188;8.05E-04;99.83997155
57;QUC 3527-2020;R-003_Plot-057;0.41794702;56.95091;0.26225847;49.543304;-7.4768524;28.372854;2.7474055;32.263023;0.311868687;2.71E-04;99.91324465
58;QUC 3619-2020;R-003_Plot-058;0.40278253;47.519287;0.23345214;46.709606;-3.7590663;24.522324;6.4318423;27.434631;0.05952381;9.02E-05;99.84848485
59;QUC 3534-2018;R-003_Plot-059;0.3823937;58.99509;0.2696206;45.787632;-7.771932;27.17327;1.6771997;30.32234;0.461077309;8.95E-05;99.98059383
60;QUC 3312-2019;R-003_Plot-060;0.391724;55.632427;0.26170915;46.482674;-6.649109;26.800533;3.1631002;29.962757;0.190855404;0;100
61;QUC 4535-2021;R-003_Plot-061;0.37050852;52.73686;0.22004586;43.24287;-5.1539154;22.387156;3.4326856;25.007568;0.166992188;1.78E-04;99.89367358
62;QUC 3702-2020;R-003_Plot-062;0.4111137;45.544758;0.19139016;46.886765;-3.2401845;21.49247;5.979288;24.55401;0.028142756;0;100
63;QUC 3617-2020;R-003_Plot-063;0.38337755;46.89813;0.2639513;44.94008;-3.3600717;25.763695;7.328768;28.036554;0.009574087;0;100
64;QUC 3653-2020;R-003_Plot-064;0.44545028;46.533348;0.22982746;51.253925;-3.6624854;26.166368;7.54451;29.90653;0.028409091;3.55E-04;98.75
65;QUC 3532-2018;R-003_Plot-065;0.37217665;59.724834;0.28681237;44.957176;-8.093206;27.920002;1.4346666;30.788534;0.487127131;0;100
66;QUC 3593-2017;R-003_Plot-066;0.40483525;56.16609;0.30542344;48.761528;-7.4765186;30.953875;3.5941436;34.252422;0.172762784;0;100
67;QUC 3555-2017  ;R-003_Plot-067;0.423241;56.19632;0.30715865;50.890385;-7.7635617;32.222534;3.776986;35.96523;0.194767442;0;100
68;QUC 4425-2021;R-003_Plot-068;0.40916798;50.99303;0.31780022;49.010437;-5.3313866;31.64628;6.946634;34.460083;0.149769176;1.78E-04;99.88144635
69;QUC 4542-2021;R-003_Plot-069;0.45637712;53.56439;0.29575986;54.16609;-6.9274726;32.958252;5.5159016;37.31582;0.208007813;0;100
70;QUC 3221-2020;R-003_Plot-070;0.49919477;46.773167;0.28448027;57.9916;-3.872174;33.5816;10.657328;38.20342;0.07346723;8.81E-05;99.88009592
71;QUC 3413-2020;R-003_Plot-071;0.40083888;44.348705;0.27206028;46.802334;-2.3278494;27.042217;9.4551735;29.397411;0.015856237;0;100
72;QUC 3210-2020;R-003_Plot-072;0.52964455;43.21286;0.30361897;61.19759;-1.6968411;36.518936;15.445864;41.1148;0.048713883;0;100
73;QUC 3556-2018;R-003_Plot-073;0.42614993;46.69204;0.28495234;50.005745;-3.4344583;29.638582;9.10212;32.666077;0.01286117;0;100
74;QUC 3677-2020;R-003_Plot-074;0.4497299;42.442253;0.28842503;52.25353;-1.3133936;30.745512;12.895088;33.75428;0.001409443;0;100
75;QUC 3517-2017;R-003_Plot-075;0.47554493;51.155685;0.31960154;56.493958;-6.041524;35.8414;8.056568;40.205368;0.003636712;0;100
76;QUC 3592-2020;R-004_Plot-076;0.50765353;46.795307;0.324992;59.631348;-3.7276685;37.688133;12.556726;42.134598;0.00488085;0;100
77;QUC 3425-2020;R-004_Plot-077;0.40791675;34.80813;0.25982517;46.592293;2.2177773;25.501144;15.507342;27.084347;5.29E-04;0;100
78;LLEUQUE-INIA;R-004_Plot-078;0.37897882;58.967613;0.3230371;46.307297;-8.386289;30.909237;2.1016893;33.673264;0.483967583;4.40E-04;99.90899163
79;QUC 3522-2022;R-004_Plot-079;0.38535595;56.64724;0.25561237;45.733517;-6.8746424;26.084549;2.543763;29.196955;0.300475687;8.81E-05;99.97068308
80;QUC 4592-2021;R-004_Plot-080;0.37473068;48.89275;0.24631208;43.856297;-4.055894;24.193832;5.6775165;26.544024;0.067036646;0;100
81;QUC 3603-2020;R-004_Plot-081;0.42643353;51.753788;0.3029446;50.783752;-5.809535;31.616644;6.4004965;35.033962;0.139622974;1.76E-04;99.87381703
82;QUC 3616-2020;R-004_Plot-082;0.54249215;45.104626;0.32743317;63.229828;-2.7366645;39.727066;15.235068;44.628826;0.001953125;0;100
83;QUC 3606-2020;R-004_Plot-083;0.5566128;44.410713;0.29475468;64.04103;-2.6374228;37.29873;14.565326;42.7194;0.009588068;0;100
84;QUC 4552-2021;R-004_Plot-084;0.3631966;52.79463;0.27660555;43.265484;-5.434322;26.06996;4.3821406;28.269762;0.206659619;0.005725863;97.22932651
85;QUC 3555-2017  ;R-004_Plot-085;0.41055074;55.22488;0.30607444;49.3431;-7.1528754;31.25058;4.2051396;34.598095;0.119140625;1.78E-04;99.8509687
86;QUC 3582-2020;R-004_Plot-086;0.37729737;53.400467;0.24777156;44.474773;-5.6223073;24.81936;3.7583973;27.54222;0.162997159;0;100
87;QUC 3678-2020;R-004_Plot-087;0.4536264;51.625813;0.29053164;53.590534;-5.9687767;32.155403;6.5976768;36.278164;0.03852983;0;100
88;QUC 3625-2020;R-004_Plot-088;0.41814592;46.700047;0.27439296;48.957798;-3.4318838;28.386875;8.547788;31.320557;0.011721546;0;100
89;QUC 3401-2020;R-004_Plot-089;0.4393117;49.532043;0.27774417;51.599686;-4.858222;30.083725;7.314258;33.747173;0.025834517;0;100
90;QUC 3543-2020;R-004_Plot-090;0.39274526;54.042072;0.22529316;45.899727;-5.824289;23.937315;3.2352147;27.126009;0.128284801;0;100
91;QUC 3632-2021;R-004_Plot-091;0.42827323;42.718407;0.24730974;49.339382;-1.8557839;26.383024;10.124464;29.32242;0.021474588;0;100
92;QUC 4600-2021;R-004_Plot-092;0.40741694;50.961906;0.24324685;47.61701;-5.0647955;25.808268;5.1214786;29.053123;0.076324266;0;100
93;QUC 3584-2018;R-004_Plot-093;0.36427903;48.979336;0.20112783;42.061295;-3.9393888;20.4781;4.307375;22.790562;0.086850649;0;100
94;QUC 4605-2021;R-004_Plot-094;0.39062157;49.259586;0.23822343;45.54965;-4.296671;24.4287;5.5490375;27.193815;0.051857864;4.51E-04;99.13043478
95;QUC 3521-2020;R-004_Plot-095;0.45447683;53.288345;0.26578224;53.383358;-6.5544095;30.284164;5.0376143;34.71046;0.103704366;0;100
96;QUC 3525-2022;R-004_Plot-096;0.423669;56.806637;0.21753144;49.369125;-6.9279385;25.003895;2.2680712;29.07331;0.347763348;0.001443001;99.58506224
97;QUC 3326-2019;R-004_Plot-097;0.5035753;44.33758;0.29477763;58.383953;-2.4430127;34.442673;13.207895;38.752693;0.021194084;0;100
98;QUC 3317-2019;R-004_Plot-098;0.3872442;54.65513;0.23376507;45.457302;-6.0251317;24.367151;3.0896528;27.451641;0.210948773;0.001082251;99.48696024
99;QUC 3547-2022;R-004_Plot-099;0.37685207;48.902683;0.29902184;44.86302;-4.1103053;28.100744;7.0914097;30.132812;0.019181818;0;100
100;QUC 4598-2021;R-004_Plot-100;0.4360884;46.768238;0.24936038;50.55871;-3.6457896;27.330864;7.9711676;30.814089;0.005411255;0;100
101;QUC 3518-2022;R-005_Plot-101;0.4251376;53.820988;0.23724532;49.683456;-6.2110343;26.45457;3.8597066;30.334238;0.14258658;4.51E-04;99.68374447
102;QUC 3524-2022;R-005_Plot-102;0.44508705;51.176052;0.26024842;52.08268;-5.583476;29.114775;5.9300895;33.159954;0.053909091;3.64E-04;99.32546374
103;QUC 3414-2020;R-005_Plot-103;0.48187646;48.4104;0.27788198;56.163124;-4.6290607;32.27045;8.855552;36.75377;0.019209957;0;100
104;QUC 3544-2020;R-005_Plot-104;0.45296678;49.209717;0.28695548;53.231304;-4.8033824;31.557146;8.0756235;35.42919;0.028589466;0;100
105;QUC 3636-2020;R-005_Plot-105;0.40473738;52.25495;0.26257193;47.722763;-5.625995;27.270908;4.8691044;30.481157;0.07783189;0;100
106;QUC 3421-2020;R-005_Plot-106;0.4426181;48.34999;0.26626772;51.672573;-4.3384123;29.198116;7.75539;32.882755;0.044201861;0.005010737;88.66396761
107;QUC 4454-2021;R-005_Plot-107;0.4115865;48.549232;0.26388288;48.223255;-4.2291756;27.400757;6.9615083;30.44058;0.048791486;1.80E-04;99.63031423
108;QUC 3859-2021;R-005_Plot-108;0.43751994;44.976624;0.2733311;50.929398;-2.7300496;29.157244;10.048142;32.337288;0.005772006;0;100
109;QUC 3532-2022;R-005_Plot-109;0.42035034;52.92573;0.26409656;49.543304;-6.022132;28.293398;4.8048525;31.904701;0.042859699;0;100
110;QUC 3655-2020;R-005_Plot-110;0.46075615;45.542904;0.28009886;53.629856;-3.0662444;31.005808;10.497539;34.690678;0.004742305;0;100
111;QUC 3534-2020;R-005_Plot-111;0.46058667;60.41319;0.30219775;55.373955;-10.051729;34.46678;1.542928;39.567688;0.581587358;0.001775568;99.6947031
112;QUC 3648-2020;R-005_Plot-112;0.49759457;45.53136;0.30494213;58.04377;-3.0373473;35.159695;12.528847;39.412422;0.001420455;0;100
113;QUC 4541-2021;R-005_Plot-113;0.37294742;47.53825;0.23390418;43.39629;-3.580598;23.114933;5.905141;25.39328;0.038206872;8.95E-05;99.76580796
114;QUC 3311-2019;R-005_Plot-114;0.35063562;56.856236;0.25873291;41.82008;-6.493525;24.430277;2.2511885;26.708246;0.297940341;0;100
115;QUC 3649-2020;R-005_Plot-115;0.4284208;47.07095;0.31343788;50.73744;-3.515626;32.053207;9.92594;34.91367;0.025834517;0;100
116;QUC 3454-2020  ;R-005_Plot-116;0.49811473;43.06303;0.31518257;57.994503;-1.4188215;35.774315;15.246555;39.575436;7.10E-04;0;100
117;QUC 4483-2021;R-005_Plot-117;0.37379518;41.05575;0.3075201;43.940384;-0.30514678;27.728472;12.333587;28.810127;0.011363636;0;100
118;QUC 3410-2020;R-005_Plot-118;0.5153709;45.189274;0.35013276;60.723087;-2.4834995;40.170803;15.499889;44.224823;0.00559304;0;100
119;QUC 3638-2020;R-005_Plot-119;0.460505;41.623516;0.3192122;53.80626;-0.42194563;33.757744;15.54822;36.52893;6.21E-04;0;100
120;QUC 4546-2021;R-005_Plot-120;0.46163896;47.140648;0.34635574;54.982197;-3.5872223;36.728725;11.91659;39.971672;0.066948555;0;100
121;QUC 4481-2021;R-005_Plot-121;0.39442754;53.323128;0.3198657;47.569893;-6.2379045;31.121563;5.327085;33.795982;0.129844961;6.17E-04;99.52510176
122;QUC 3409-2020;R-005_Plot-122;0.44860026;43.07823;0.2739972;51.976322;-1.818265;29.583788;11.667019;32.778988;0.014887245;0;100
123;QUC 3404-2020;R-005_Plot-123;0.41876242;37.276134;0.30457646;48.55263;1.9247228;29.679485;16.938549;31.21199;6.17E-04;0;100
124;QUC 3741-2020;R-005_Plot-124;0.40731978;42.152718;0.25646913;47.12276;-1.4679354;25.98667;10.334963;28.381971;0.001585624;0;100
125;QUC 3528-2022;R-005_Plot-125;0.38529655;53.432995;0.24890763;45.398388;-5.733261;25.318121;3.845023;28.224226;0.06938463;0;100
126;QUC 3407-2020;R-006_Plot-126;0.42408976;39.60451;0.29177558;49.212685;0.30544457;29.294613;14.439856;31.398201;2.87E-04;0;100
127;QUC 3631-2020;R-006_Plot-127;0.38168564;33.38081;0.28371942;43.838562;3.4514766;25.705507;17.067028;26.345953;3.52E-04;0;100
128;QUC 3401-2018;R-006_Plot-128;0.35483944;39.69685;0.2934544;41.5049;0.14479363;25.531767;11.890856;26.260193;3.52E-04;0;100
129;QUC 3657-2020;R-006_Plot-129;0.48152956;46.45271;0.36017287;57.34796;-3.1609907;39.068424;13.653176;42.46761;0.004052149;0;100
130;QUC 3311-2019;R-006_Plot-130;0.36870083;49.61674;0.3080073;44.112247;-4.3336663;28.296177;6.7708473;30.123997;0.01303735;0;100
131;QUC 3626-2020;R-006_Plot-131;0.55741316;37.624954;0.27015334;62.907276;1.41211;34.068214;19.548717;38.656105;2.64E-04;0;100
132;QUC 4568-2021;R-006_Plot-132;0.50278014;40.389046;0.3482588;58.706833;1.0146227;38.55425;20.164164;41.547356;8.88E-04;0;100
133;QUC 3622-2021;R-006_Plot-133;0.47447583;37.643406;0.2978137;54.566936;1.762737;32.284058;18.44528;35.013714;0.001420455;0;100
134;QUC 3492-2018;R-006_Plot-134;0.38428256;54.33529;0.33538455;46.74189;-6.665287;31.714176;4.836466;34.103592;0.076198027;0;100
135;QUC 4323-2021;R-006_Plot-135;0.40503588;45.06227;0.31216604;47.902134;-2.3837857;30.343678;10.688392;32.477318;0.019797585;0;100
136;QUC 3594-2017  ;R-006_Plot-136;0.45796785;53.24244;0.30890214;54.55737;-6.8769555;34.129387;6.035159;38.404655;0.086558949;0;100
137;QUC 3635-2020;R-006_Plot-137;0.4125323;41.85598;0.30544698;48.3347;-0.72949094;29.919197;13.027519;31.905853;0.001154119;0;100
138;QUC 3536-2022;R-006_Plot-138;0.43358436;49.249073;0.32705456;51.752224;-4.681738;33.684906;8.871619;36.78452;0.030153901;8.95E-05;99.70326409
139;QUC 3646-202;R-006_Plot-139;0.51587766;44.75324;0.2974267;59.794773;-2.6907048;35.400204;13.331244;39.998447;0.001420455;0;100
140;QUC 3214-2020;R-006_Plot-140;0.45337236;50.68249;0.23641855;52.538643;-5.356099;27.472054;5.6691685;31.730013;0.125887784;8.88E-05;99.92947814
141;QUC 3487-2018  ;R-006_Plot-141;0.3965272;56.574947;0.23383194;46.62065;-6.728823;24.990738;2.400861;28.414066;0.308249821;1.79E-04;99.94194485
142;QUC 4423-2021;R-006_Plot-142;0.45351994;45.554764;0.2950762;53.078575;-2.9551234;31.856842;10.928496;35.264202;0.045096636;3.58E-04;99.20634921
143;QUC 3531-2018;R-006_Plot-143;0.4078594;58.774227;0.27456427;48.761528;-8.132808;28.95466;1.9710736;32.69794;0.453282828;5.41E-04;99.88062077
144;QUC 4470-2021;R-006_Plot-144;0.47955883;44.58137;0.2790339;55.560482;-2.6421027;31.800362;11.620836;35.77518;8.12E-04;0;100
145;QUC 3313-2019;R-006_Plot-145;0.5174585;48.097446;0.25084078;59.47279;-4.7551274;31.595575;8.674234;36.939182;0.062007874;0;100
146;QUC 3679-2016;R-006_Plot-146;0.36293387;56.440712;0.25107807;43.08865;-6.454524;24.534801;2.4166594;27.112823;0.318722944;0.001262626;99.60384833
147;QUC 4636-2021;R-006_Plot-147;0.46009102;37.819683;0.26861334;52.633156;0.97028214;29.133675;15.764599;31.955322;0.002074315;0;100
148;QUC 3572-2018;R-006_Plot-148;0.42571494;44.17139;0.30282998;49.991165;-2.0579388;30.74291;11.539835;33.315918;0.00261544;0;100
149;QUC 3635-2020;R-006_Plot-149;0.40740952;45.235588;0.2786631;47.703205;-2.6909924;27.97136;9.358282;30.496164;0.002818182;0;100
150;QUC 3419-2020;R-006_Plot-150;0.42552653;52.91895;0.2306034;49.550697;-5.854538;25.849195;4.1324687;29.68221;0.115710678;1.80E-04;99.84411535
151;QUC 3581-2018;R-007_Plot-151;0.4083868;38.386593;0.24538475;46.7822;0.1214912;24.83422;12.171163;26.960604;0.005501443;0;100
152;QUC 3588-2020;R-007_Plot-152;0.4503356;44.65845;0.26903784;52.23989;-2.6696749;29.448544;10.369591;32.899223;0.067272727;0;100
153;QUC 4539-2021;R-007_Plot-153;0.40785894;48.683025;0.25615895;47.69929;-4.2484903;26.626493;6.6035933;29.637772;0.019119769;1.80E-04;99.05660377
154;QUC 3507-2020;R-007_Plot-154;0.46583;51.581448;0.31455034;55.37084;-6.1551394;34.87812;7.443853;39.109043;0.051587302;0;100
155;QUC 3501-2020;R-007_Plot-155;0.40048608;54.550426;0.25308448;47.253994;-6.3205204;26.510427;3.572202;29.836138;0.206980519;1.80E-04;99.91285403
156;QUC 3595-2020;R-007_Plot-156;0.38907385;54.4678;0.24189794;45.783474;-6.0720887;25.064201;3.300775;28.157694;0.202040086;0.002952756;98.53852967
157;QUC 3319-2020;R-007_Plot-157;0.44202146;48.51639;0.2764259;51.790253;-4.415113;30.02221;7.9597282;33.651054;0.02768759;0;100
158;QUC 3598-2020;R-007_Plot-158;0.45751;41.44364;0.30988604;53.31733;-0.4565043;32.806377;15.085207;35.60729;3.61E-04;0;100
159;QUC 3597-2020;R-007_Plot-159;0.39544275;56.5717;0.23840892;46.576077;-6.7755604;25.281935;2.4403126;28.673634;0.30547602;2.68E-04;99.91212654
160;QUC 3679-2016  ;R-007_Plot-160;0.35098886;58.57959;0.26298046;42.03302;-7.0665555;24.883722;1.6392015;27.256021;0.462866858;2.68E-04;99.94200657
161;QUC 3634-2020;R-007_Plot-161;0.44461322;45.478054;0.2658664;51.634415;-3.0388572;28.973095;9.585056;32.409164;0.064364347;0.001598011;97.51724138
162;QUC 3418-2020;R-007_Plot-162;0.46645;49.82347;0.29723203;54.956978;-5.241159;33.252914;8.193936;37.429214;0.02290483;0;100
163;CBC 509 CHILE/SOMAT_3.1//BOOMER_18/LOTUS_4/6/ZAMPULLIN_2/GUANAY/5/NETTA_4/DUKEM_12//RASCON_19/3/SORA/2*PLATA_12/4/GREEN_18/FOCHA_1//AIRON_1/7/ZAKA/3/AJAIA_12/F3LOCAL(SEL.ETHIO.135.85)//PLATA_13/4/SOOTY_9/RASCON_37//WODUCK/CHAM_3/8/SELIM//SOUAI/FUMA_1;R-007_Plot-163;0.39989313;47.778656;0.28680575;47.198387;-3.788022;28.434109;7.8882127;30.980003;0.005189692;0;100
164;QUC 3310-2020;R-007_Plot-164;0.41436172;49.1052;0.31113833;49.31334;-4.4499645;31.24841;8.123782;34.04086;0.035333807;0;100
165;QUC 3656-2020;R-007_Plot-165;0.45349455;50.737747;0.2988292;53.63968;-5.578653;32.74948;7.3926597;36.719;0.040482955;0;100
166;QUC 4533-2021;R-007_Plot-166;0.37056506;47.781883;0.26253033;43.539967;-3.6225467;25.041794;6.5740438;27.117933;0.022549716;0;100
167;QUC 3589-2020;R-007_Plot-167;0.38779926;40.045635;0.26584315;44.910137;-0.36946812;25.47984;11.515836;27.191153;0.025546159;0;100
168;QUC 3536-2018;R-007_Plot-168;0.46580175;54.159763;0.3267324;55.850765;-7.5398197;36.200306;5.877604;40.63293;0.057883523;0;100
169;QUC 3558-2018;R-007_Plot-169;0.50655836;46.10759;0.38190484;60.45239;-2.858384;42.52315;15.688212;46.090553;0.005504261;0;100
170;QUC 3522-2020;R-007_Plot-170;0.5624744;42.674904;0.3692531;65.81087;-0.34801695;44.499046;21.076286;48.764534;7.05E-04;0;100
171;QUC 35783-2020;R-007_Plot-171;0.48301426;36.056152;0.29869562;55.31156;2.9195805;32.600533;20.460247;35.22429;0.00431642;0;100
172;QUC 3313-2020;R-007_Plot-172;0.4794166;42.897102;0.34719074;56.46071;-0.8626879;37.368526;16.504034;40.340427;0.00440451;0;100
173;QUC 3529-2017;R-007_Plot-173;0.39414692;48.26689;0.3699336;47.83986;-3.7797499;34.224667;9.945938;35.80728;0.004844961;0;100
174;QUC 3545-2020;R-007_Plot-174;0.4761878;32.47063;0.2809667;53.949337;4.7776403;30.311722;22.270155;32.494236;2.64E-04;0;100
175;QUC 3519-2022;R-007_Plot-175;0.48728648;41.808697;0.32443106;56.82479;-0.4523247;35.781403;16.610844;39.05348;4.79E-04;0;100
176;QUC 4628-2021;R-008_Plot-176;0.4720045;36.225647;0.2840135;53.955826;2.3314316;30.824816;18.676552;33.473152;6.70E-04;0;100
177;QUC 4222-2021;R-008_Plot-177;0.5429237;35.40271;0.24558502;60.782383;2.1338615;30.773727;19.088892;34.98243;0.008897111;0;100
178;QUC 4548-2021;R-008_Plot-178;0.5246093;37.917725;0.29845226;59.949234;1.8053714;35.060814;20.244116;38.763107;0.001145173;0;100
179;QUC 3534-2018  ;R-008_Plot-179;0.5144931;44.274467;0.38356942;61.101555;-1.4454024;42.93355;18.139652;46.303745;7.93E-04;0;100
180;QUC 3663-2020;R-008_Plot-180;0.5239685;33.986015;0.27218693;59.029762;3.820797;32.12274;22.13215;35.488316;2.64E-04;0;100
181;QUC 3526-2022;R-008_Plot-181;0.51966554;44.639885;0.36054212;61.30402;-1.9932294;41.287655;16.733894;45.191628;9.69E-04;0;100
182;QUC 4614-2021;R-008_Plot-182;0.39263734;46.32699;0.29806435;46.417534;-3.0201948;28.688057;9.015029;30.8289;0.042258523;0;100
183;QUC 3573-2020;R-008_Plot-183;0.35554004;50.713303;0.23014003;41.581623;-4.4769673;22.236948;4.207805;24.370415;0.213600852;0.006036932;97.17373234
184;QUC 3533-2022;R-008_Plot-184;0.35619065;53.151604;0.22122532;41.667698;-5.126575;21.81374;3.1658592;24.136642;0.167371388;0.006518675;96.10526316
185;QUC 4553-2021;R-008_Plot-185;0.3719189;45.8139;0.23890871;43.229294;-2.9406269;23.269556;6.8485026;25.368752;0.050870028;0.00443892;91.27399651
186;QUC 4224-2021;R-008_Plot-186;0.4481524;45.648167;0.29127735;52.437088;-2.996727;31.25626;10.580717;34.591457;0.012606534;0;100
187;QUC 3315-2019;R-008_Plot-187;0.38603917;44.195564;0.28724468;45.339363;-2.0716772;27.31548;9.782442;29.20326;0.00443892;0;100
188;QUC 3309-2020;R-008_Plot-188;0.41023508;53.31135;0.28529358;48.799362;-6.2341084;29.43844;4.8556414;32.744904;0.075697924;0;100
189;QUC 3531-2022;R-008_Plot-189;0.41760287;49.518616;0.2604909;48.916378;-4.65697;27.542646;6.4511237;30.819319;0.007990057;0;100
190;QUC 3610-2020;R-008_Plot-190;0.37433758;54.277782;0.2591172;44.37475;-5.9755087;25.546686;3.5214097;28.21706;0.15234375;0;100
191;QUC 3534-2022;R-008_Plot-191;0.37633002;57.42883;0.24774033;44.62635;-6.9027395;25.080702;2.0807943;28.053217;0.331961346;0;100
192;QUC 3517-2017  ;R-008_Plot-192;0.41232848;57.358013;0.27823448;49.231346;-7.7724986;29.385698;2.6648262;33.11999;0.271564066;0;100
193;QUC 3416-2020;R-008_Plot-193;0.47000387;50.984676;0.2673983;54.922268;-5.754377;31.001791;6.598413;35.55843;0.032738095;0;100
194;QUC 3558-2020;R-008_Plot-194;0.38886166;56.527645;0.2446158;45.937;-6.752615;25.427134;2.4894087;28.64679;0.241792929;0;100
195;QUC 4562-2021;R-008_Plot-195;0.42363867;47.591587;0.2342763;49.025463;-3.923186;25.591022;6.777666;28.94888;0.063797423;0.002326414;96.35343619
196;QUC 4537-2021;R-008_Plot-196;0.38464502;51.51606;0.23797536;45.029736;-5.038827;24.307896;4.422661;27.110075;0.072510823;9.02E-05;99.87562189
197;QUC 3409-2020;R-008_Plot-197;0.46883357;50.82691;0.25398463;54.538227;-5.604748;29.766966;6.324939;34.327084;0.086309524;0;100
198;QUC 3630-2020;R-008_Plot-198;0.41248503;44.723156;0.25203764;47.83986;-2.66219;26.169361;8.733571;28.95048;0.030393218;1.80E-04;99.40652819
199;QUC 3624-2020;R-008_Plot-199;0.41125575;42.79929;0.28007543;47.933224;-1.5322157;28.041365;11.102066;30.37973;0.017454545;0;100
200;QUC 3509-2017 ;R-008_Plot-200;0.44670305;55.072838;0.26522493;52.66011;-7.185213;29.985186;3.9560723;34.39611;0.211670274;0;100
201;QUC 3679-2020;R-009_Plot-201;0.4308324;52.136017;0.2338661;50.13669;-5.6665616;26.306124;4.6135635;30.19275;0.094967532;0;100
202;QUC 3493-2018;R-009_Plot-202;0.42016092;53.85899;0.22897631;48.995407;-6.110587;25.539202;3.6151602;29.326307;0.171272727;3.64E-04;99.78768577
203;QUC 3509-2017;R-009_Plot-203;0.395889;57.15155;0.2486754;46.838547;-7.0819087;26.141943;2.3390057;29.558834;0.332070707;9.02E-05;99.97284085
204;QUC 3614-2020;R-009_Plot-204;0.46115866;47.62705;0.26290113;53.583973;-4.141956;29.811745;8.435566;33.84513;0.034451659;0;100
205;QUC 4540-2021;R-009_Plot-205;0.38230217;57.291935;0.22847354;44.978535;-6.703674;23.922407;1.9543568;27.073011;0.396554834;2.71E-04;99.93177166
206;QUC 3772-2021;R-009_Plot-206;0.4634848;54.076508;0.26370758;54.400738;-6.9665184;30.652897;4.641011;35.36911;0.196313529;1.79E-04;99.9088423
207;QUC 3417-2020;R-009_Plot-207;0.50344056;46.955383;0.29512417;58.658436;-3.9530284;34.78662;11.048894;39.444355;0.001172439;0;100
208;QUC 3584-2020;R-009_Plot-208;0.45656666;52.61742;0.27383822;53.705097;-6.3596478;31.012548;5.615272;35.393562;0.096771284;2.71E-04;99.72041007
209;QUC 3618-2020;R-009_Plot-209;0.45303294;53.219196;0.3091687;54.0077;-6.8137293;33.856182;5.986072;38.009567;0.067644953;0;100
210;QUC 3489-2018  ;R-009_Plot-210;0.40269896;56.394215;0.25944346;47.7384;-7.035183;27.27402;2.8674;30.7648;0.324892627;0.001163207;99.64197191
211;QUC 4480-2021;R-009_Plot-211;0.39618638;57.620636;0.29045564;47.628777;-7.756813;29.427935;2.5932586;32.721344;0.277698864;0;100
212;QUC 3513-2020;R-009_Plot-212;0.39647362;56.010487;0.25813866;46.99098;-6.8283105;26.816313;2.9484897;30.138681;0.19309304;0;100
213;QUC 3632-2020;R-009_Plot-213;0.44986248;34.957134;0.27308363;51.30304;2.724237;28.635489;18.08666;30.834196;0.002594846;0;100
214;QUC 3601-2020;R-009_Plot-214;0.5649832;38.44316;0.28192872;63.981506;1.1516206;35.686115;19.910376;40.43025;5.33E-04;0;100
215;QUC 4597-2021;R-009_Plot-215;0.37794375;47.953323;0.25410062;44.26565;-3.7472367;24.8475;6.3857727;27.153273;0.027077415;0;100
216;QUC 3543-2022;R-009_Plot-216;0.36571833;60.106544;0.34531635;45.220974;-8.877793;31.729145;1.5890352;34.069775;0.599609375;8.88E-05;99.98519396
217;QUC 3224-2020;R-009_Plot-217;0.482464;42.639866;0.34122187;56.665768;-0.7535783;37.01665;16.573547;40.091724;0.003523608;0;100
218;QUC 4557-2021;R-009_Plot-218;0.38241577;45.4931;0.31589675;45.436275;-2.4893904;29.296438;9.89517;30.94536;0.024946733;0;100
219;QUC 3581-2020;R-009_Plot-219;0.3973067;44.22459;0.31816995;47.038963;-1.8729119;30.219381;11.298018;32.02681;0.002308239;0;100
220;QUC 3637-2020;R-009_Plot-220;0.4610059;33.957607;0.2963814;52.683678;4.148906;30.952036;21.383823;32.880253;5.29E-04;0;100
221;QUC 3661-2020;R-009_Plot-221;0.5794454;35.70822;0.2814039;65.12667;3.2046013;35.959732;23.438053;40.485134;2.64E-04;0;100
222;QUC 3613-2017 ;R-009_Plot-222;0.51749796;42.522385;0.3625778;60.820072;-0.34829202;41.024136;19.176628;44.468178;3.52E-04;0;100
223;QUC 3561-2020;R-009_Plot-223;0.54170376;37.820503;0.29921085;61.750477;1.9584948;36.028168;21.081818;40.022724;3.52E-04;0;100
224;QUC 3627-2020;R-009_Plot-224;0.51409096;32.286076;0.2552873;57.583317;4.3268747;29.93104;21.840212;33.057907;2.64E-04;0;100
225;QUC 4543-2021;R-009_Plot-225;0.5445227;36.300346;0.26884687;61.3916;2.2360704;33.125504;20.303663;37.27529;6.70E-04;0;100
226;QUC 3423-2020;R-010_Plot-226;0.54112333;37.014084;0.2794268;61.280098;2.0274901;34.04552;20.339815;38.131523;7.66E-04;0;100
227;QUC 3117-2020;R-010_Plot-227;0.47948316;28.765274;0.23138493;53.323936;5.3440166;25.90384;21.198748;28.221167;2.64E-04;0;100
228;QUC 3422-2020;R-010_Plot-228;0.5530035;34.743725;0.31183374;62.730923;4.8117504;37.347347;26.313187;40.779556;3.52E-04;0;100
229;QUC 3611-2020;R-010_Plot-229;0.42438868;31.255796;0.29548252;48.42664;5.5917077;28.58003;22.077967;29.479609;3.52E-04;0;100
230;QUC 3212-2020;R-010_Plot-230;0.45593548;34.689205;0.29349047;52.18529;3.5201204;30.55255;20.185232;32.547695;5.29E-04;0;100
231;QUC 3672-2018  ;R-010_Plot-231;0.58417016;37.606464;0.33017248;66.67474;3.1659722;41.265106;25.691864;45.541504;3.52E-04;0;100
232;QUC 3406-2020;R-010_Plot-232;0.44004035;36.06449;0.30487812;50.758823;2.7983286;30.753576;18.96639;32.508823;5.33E-04;0;100
233;QUC 3606-2021;R-010_Plot-233;0.36964083;47.943974;0.25972193;43.40979;-3.6786985;24.81735;6.402284;26.903654;0.050870028;0;100
234;QUC 3316-2019;R-010_Plot-234;0.3927635;50.452316;0.29284596;46.705566;-4.8740563;28.742994;6.3909254;31.324417;0.023520085;0;100
235;UC-1218;R-010_Plot-235;0.44320527;49.79293;0.2943498;52.331833;-5.0097475;31.684795;7.736742;35.346405;0.004616477;0;100
236;QUC 3529-2022;R-010_Plot-236;0.3895026;48.26352;0.2663036;45.76683;-3.932682;26.382185;6.8098173;28.888845;0.012517756;0;100
237;QUC 4255-2021;R-010_Plot-237;0.41725346;52.841095;0.27153808;49.317062;-6.0150504;28.704704;4.948014;32.20538;0.082652699;8.88E-05;99.89258861
238;QUC 3223-2020;R-010_Plot-238;0.5442899;40.645744;0.27943122;62.038338;-0.41633043;34.695557;16.828821;39.427803;8.05E-04;0;100
239;QUC 3218-2020;R-010_Plot-239;0.5722494;41.869408;0.32730716;65.96715;-0.4079404;40.957787;19.704538;45.899498;9.77E-04;0;100
240;QUC 3546-2020;R-010_Plot-240;0.4532976;49.98043;0.30327642;53.623302;-5.215326;33.021133;8.027882;36.869877;0.043412642;0;100
241;QUC 4538-2021;R-010_Plot-241;0.40816024;48.729065;0.26340407;47.84765;-4.2629437;27.20092;6.8083034;30.180567;0.066929134;1.79E-04;99.73262032
242;QUC 4561-2021;R-010_Plot-242;0.40957704;43.908592;0.29137003;48.006947;-1.9855087;28.922316;10.770944;31.240923;0.003131711;0;100
243;QUC 3562-2020;R-010_Plot-243;0.4311494;53.919483;0.26214862;50.79087;-6.52921;28.809118;4.3494887;32.766506;0.109217172;9.02E-05;99.91742362
244;QUC 3420-2020;R-010_Plot-244;0.4412148;49.18296;0.28554547;51.91097;-4.720651;30.79493;7.80381;34.414215;0.016865079;0;100
245;QUC 3532-2018  ;R-010_Plot-245;0.42533278;57.822502;0.29296637;51.003754;-8.300688;31.347797;2.7104938;35.371365;0.31988189;0;100
246;QUC 3213-2020;R-010_Plot-246;0.5197201;45.422043;0.2796132;59.965748;-3.2460933;34.06467;11.981823;38.980606;0.016594517;0;100
247;QUC 3662-2020;R-010_Plot-247;0.47330728;38.656235;0.27737677;54.259495;0.691645;30.637331;16.114035;33.730453;5.41E-04;0;100
248;QUC 4255-2021;R-010_Plot-248;0.59532017;43.859398;0.26620215;67.48678;-2.7208204;36.368458;14.39236;42.69927;0.001082251;0;100
249;QUC 3523-2022;R-010_Plot-249;0.49728775;50.746628;0.23596025;57.2741;-5.7510824;29.536678;6.208727;34.75129;0.035;0;100
250;QUC 3639-2020;R-010_Plot-250;0.47042465;39.91822;0.25804985;53.79974;-0.3797688;29.017584;13.789019;32.4008;0.008207071;0;100
251;QUC 4596-2021;R-011_Plot-251;0.46063566;44.23263;0.2567495;53.128452;-2.5860014;28.906387;10.364432;32.60591;0.004058442;0;100
252;QUC 4544-2021;R-011_Plot-252;0.5311269;45.039146;0.2976545;61.46311;-2.9341826;36.29236;13.4598;41.253277;0.002090909;0;100
253;QUC 3585-2020;R-011_Plot-253;0.47489122;46.54673;0.29230624;55.470448;-3.592377;32.924347;10.5986805;36.93506;0.012626263;0;100
254;QUC 3454-2017;R-011_Plot-254;0.3959582;61.81906;0.19494468;46.163815;-7.5051246;22.240492;0.26331568;25.935606;0.66765873;0.008387446;98.74375253
255;QUC 3225-2020;R-011_Plot-255;0.5087345;55.065956;0.24341375;58.995903;-7.6639376;31.19428;4.115114;37.064598;0.149801587;9.02E-05;99.9397953
256;QUC 3615-2020;R-011_Plot-256;0.46741644;45.358025;0.2736041;54.230534;-3.027381;30.796543;10.532093;34.64549;0.010647817;0;100
257;QUC 3633-2020;R-011_Plot-257;0.51660246;43.78445;0.32736886;60.28086;-1.7619733;38.019394;15.802335;42.165257;0.002164502;0;100
258;QUC 3448-2017  ;R-011_Plot-258;0.46366307;47.600292;0.2978379;54.439163;-4.068288;32.875813;9.765634;36.725166;0.001352814;0;100
259;QUC 3328-2019  ;R-011_Plot-259;0.35772815;52.74722;0.2766701;42.63957;-5.388536;25.757078;4.289571;27.831646;0.104867573;1.79E-04;99.82935154
260;QUC 3623-2020;R-011_Plot-260;0.42906746;46.261467;0.27736372;50.176594;-3.2884076;29.159075;9.155379;32.266216;0.031406586;0;100
261;QUC 3586-2020;R-011_Plot-261;0.41736278;53.122623;0.28278154;49.539608;-6.189285;29.635185;5.0472393;33.099163;0.082652699;2.66E-04;99.67776584
262;QUC 3678-2016;R-011_Plot-262;0.38330865;58.185623;0.28236896;46.0568;-7.6827893;28.105316;2.1398547;31.166525;0.340110085;1.78E-04;99.94779431
263;QUC 3424-2020;R-011_Plot-263;0.42524543;43.01044;0.30268657;49.823013;-1.4288636;30.571198;12.394833;32.996464;0.001789549;0;100
264;QUC 3208-2020;R-011_Plot-264;0.5421272;40.719448;0.3362922;62.777004;0.6164753;39.89204;20.554068;43.89779;0.0078125;0;100
265;QUC 3531-2018  ;R-011_Plot-265;0.4922401;49.105713;0.36759794;58.99308;-4.9555492;40.737766;11.650122;44.6895;8.88E-04;0;100
266;QUC 3678-2016  ;R-011_Plot-266;0.46832561;47.287884;0.38420773;56.394115;-3.5130837;40.275593;13.395499;43.179333;0.003107244;0;100
267;QUC 3604-2020;R-011_Plot-267;0.55181974;31.963083;0.2822309;61.816086;5.9410076;34.124992;26.69856;37.45835;1.76E-04;0;100
268;QUC 3517-2022;R-011_Plot-268;0.5925041;35.463024;0.31460392;66.97564;4.5832853;39.860943;27.495129;44.087578;4.44E-04;0;100
269;QUC 3411-2020;R-011_Plot-269;0.53689903;31.72854;0.26526397;60.015244;5.279976;31.815138;24.437498;35.104073;1.78E-04;0;100
270;QUC 4550-2021;R-011_Plot-270;0.49922228;31.691805;0.2625314;56.056248;4.8792663;29.786423;22.47046;32.478245;1.76E-04;0;100
271;QUC 3412-2020;R-011_Plot-271;0.44576326;29.701107;0.27974963;50.386223;6.349421;28.319326;23.421516;29.570063;0.002026075;0;100
272;QUC 4549-2021;R-011_Plot-272;0.509099;31.368698;0.27612543;57.226753;5.7160864;31.39578;24.616165;34.010464;0;0;NaN
273;QUC 3555-2017;R-011_Plot-273;0.6200259;34.552658;0.29032677;69.268654;4.693461;38.686466;27.472597;43.571987;1.76E-04;0;100
274;QUC 3548-2022;R-011_Plot-274;0.53328604;36.78255;0.29781276;60.714993;2.6419494;35.30451;21.758398;38.981243;3.52E-04;0;100
275;QUC 4595-2021;R-011_Plot-275;0.53712595;31.927364;0.25427622;59.913433;4.729302;30.844557;23.130762;34.30558;2.87E-04;0;100
276;QUC 3593-2020;R-012_Plot-276;0.6085903;35.239788;0.29100263;68.20948;4.065807;38.2939;26.15701;43.11472;5.74E-04;0;100
277;QUC 3599-2020;R-012_Plot-277;0.5190641;28.097313;0.26115656;57.691658;7.629224;30.117842;27.177681;32.530605;8.81E-05;0;100
278;QUC 3613-2017;R-012_Plot-278;0.5858594;33.431625;0.27381754;65.3768;4.7414284;35.184147;25.62588;39.4877;1.76E-04;0;100
279;QUC 3742-2020;R-012_Plot-279;0.58667225;33.35598;0.2639609;65.3048;4.416764;34.25609;24.6949;38.685333;0;0;NaN
280;QUC 3613-2020;R-012_Plot-280;0.5299355;30.890432;0.28272605;59.42258;6.590961;32.93792;26.944584;35.69975;4.40E-04;0;100
281;QUC 3643-2020;R-012_Plot-281;0.55636454;31.372215;0.2907014;62.326675;6.8330607;35.054134;28.601929;38.208824;8.81E-05;0;100
282;QUC 3530-2022;R-012_Plot-282;0.48099804;34.744743;0.2989998;54.95067;3.813432;32.348675;21.712944;34.72221;5.33E-04;0;100
283;QUC 3669-2020;R-012_Plot-283;0.5869551;39.476154;0.3847037;68.207245;2.9677777;47.008316;27.721786;50.73211;2.66E-04;0;100
284;QUC 3629-2020;R-012_Plot-284;0.5405881;33.303696;0.324138;61.420753;6.363458;37.58906;28.754763;40.29674;4.40E-04;0;100
285;QUC 3621-2020;R-012_Plot-285;0.5276974;33.25042;0.30923128;59.847248;5.728535;35.535526;26.684427;38.27823;2.66E-04;0;100
286;QUC 3220-2020;R-012_Plot-286;0.49615958;34.364544;0.30431628;56.593525;4.3800592;33.57177;23.307226;36.064716;1.78E-04;0;100
287;QUC 4545-2021;R-012_Plot-287;0.5415798;45.546387;0.35246128;63.652515;-2.7950482;42.06045;16.031488;46.697327;0.001953125;0;100
288;QUC 3526-2017;R-012_Plot-288;0.3939738;53.746834;0.287592;47.026974;-6.223337;28.720028;4.4821386;31.660229;0.093324982;0;100
289;QUC 4547-2021;R-012_Plot-289;0.48202434;45.422268;0.3276561;56.722855;-2.7415497;36.21558;13.225618;39.879784;0.012695313;0;100
290;QUC 3593-2017;R-012_Plot-290;0.4492645;52.80548;0.30353135;53.44597;-6.542197;33.114857;6.079732;37.17488;0.041637074;0;100
291;QUC 4636-2021;R-012_Plot-291;0.41623953;45.962032;0.24480325;48.246346;-3.2209227;25.910091;7.8577065;28.923899;0.052523264;0;100
292;QUC 3679-2020;R-012_Plot-292;0.40802574;58.889412;0.2527057;48.392193;-7.863049;27.24903;1.7262301;31.065956;0.44031854;0.003221188;99.26844137
293;QUC 3414-2020;R-012_Plot-293;0.48886862;51.617264;0.26741725;57.030792;-6.2039523;32.05418;6.484672;37.09859;0.030934343;0;100
294;QUC 3213-2020;R-012_Plot-294;0.4834464;47.21303;0.28338736;56.315258;-4.0304747;32.70558;9.9342;37.049644;0.003156566;0;100
295;QUC 3493-2018;R-012_Plot-295;0.42928502;57.110844;0.2314192;50.25988;-7.293159;26.444561;2.3413756;30.667479;0.31952398;3.58E-04;99.88798656
296;QUC 4667-2021;R-012_Plot-296;0.37506795;50.557285;0.225505;43.709686;-4.5727787;22.848068;4.4406033;25.415516;0.102002165;0;100
297;QUC 3555-2017  ;R-012_Plot-297;0.47014418;53.572906;0.29311454;55.644104;-7.0674186;33.524155;5.6294837;38.22229;0.085678211;0;100
298;QUC 3326-2019;R-012_Plot-298;0.49333143;48.109188;0.30182987;57.8026;-4.5117893;34.963154;10.180561;39.494064;0.015963203;0;100
299;QUC 3548-2022;R-012_Plot-299;0.37930742;56.265522;0.33156246;46.26637;-7.3859873;31.300137;3.636021;33.773273;0.205545455;0;100
300;QUC 3646-202;R-012_Plot-300;0.5723326;41.403633;0.26256245;64.76073;-1.1898112;34.550835;15.819435;40.078457;0.001352814;0;100
301;QUC 3545-2020;R-013_Plot-301;0.58533126;35.276245;0.28708464;65.76577;3.7677333;36.738567;24.7442;41.211006;6.31E-04;0;100
302;QUC 3223-2020;R-013_Plot-302;0.5851062;33.55799;0.23472059;64.736374;3.1733787;31.331833;21.363396;36.066753;2.73E-04;0;100
303;QUC 3533-2022;R-013_Plot-303;0.38264713;50.23404;0.2401709;44.755672;-4.585365;24.272762;5.0279317;26.927633;0.05762987;0;100
304;QUC 35783-2020;R-013_Plot-304;0.4770662;42.76832;0.2940433;55.345894;-1.4725995;32.739544;13.735242;36.295815;0.041666667;0;100
305;QUC 3532-2022;R-013_Plot-305;0.4037231;56.738113;0.25059754;47.726673;-7.073382;26.6737;2.5957692;30.241796;0.254329004;0;100
306;QUC 3532-2018  ;R-013_Plot-306;0.40305877;62.473396;0.27894723;48.567867;-9.444476;29.353008;0.24347815;33.244724;0.799570508;8.95E-05;99.98880931
307;QUC 3309-2020;R-013_Plot-307;0.392568;58.797512;0.27698535;47.06692;-7.9566736;28.282812;1.8806819;31.641754;0.396915584;0;100
308;QUC 3208-2020;R-013_Plot-308;0.5151203;46.487423;0.33034128;60.498543;-3.5107274;38.55323;13.297591;43.05346;0.02994228;0;100
309;QUC 4533-2021;R-013_Plot-309;0.38218853;52.202656;0.23174751;44.70401;-5.1912937;23.783604;3.9923947;26.596813;0.110862563;2.68E-04;99.75786925
310;QUC 3519-2022;R-013_Plot-310;0.41206607;58.138973;0.23523521;48.48397;-7.4394345;25.993317;1.8712399;29.883541;0.371241947;0.001073729;99.71077368
311;QUC 3595-2020;R-013_Plot-311;0.41445616;51.21309;0.25444454;48.598324;-5.282317;27.062906;5.347875;30.44364;0.061878551;0;100
312;QUC 3772-2021;R-013_Plot-312;0.47336397;47.041264;0.2782709;55.114307;-3.8926558;31.695736;9.65371;35.83518;0.005326705;0;100
313;QUC 3632-2021;R-013_Plot-313;0.4307522;41.595013;0.27868783;49.95468;-0.96299785;28.855501;12.460762;31.47094;0.018700787;8.95E-05;99.5215311
314;QUC 3526-2022;R-013_Plot-314;0.4399902;54.197876;0.30533457;52.56905;-7.082738;32.857502;5.1215467;36.8275;0.0859375;0;100
315;QUC 3117-2020;R-013_Plot-315;0.50776607;33.769363;0.24889469;57.001007;3.0903313;29.266006;19.555412;32.58629;1.78E-04;0;100
316;QUC 4470-2021;R-013_Plot-316;0.5972119;34.712975;0.29516232;67.04017;4.5762997;38.05202;26.753952;42.50729;8.88E-05;0;100
317;QUC 3407-2020;R-013_Plot-317;0.59320074;31.990543;0.28459185;66.096924;6.422273;36.388927;28.965797;40.369514;1.76E-04;0;100
318;QUC 4598-2021;R-013_Plot-318;0.567749;29.9486;0.27132052;63.047287;7.2385373;33.57928;28.720844;36.943424;8.88E-05;0;100
319;QUC 3655-2020;R-013_Plot-319;0.6028993;33.730705;0.3030858;67.611885;5.7712455;38.98621;29.171673;43.203617;2.66E-04;0;100
320;QUC 3623-2020;R-013_Plot-320;0.63006634;34.510376;0.28410405;70.18046;4.5605164;38.538425;27.296259;43.67488;4.40E-04;0;100
321;QUC 3454-2020  ;R-013_Plot-321;0.6199515;32.92406;0.2837566;68.93101;5.818169;37.751785;28.889872;42.38718;8.81E-05;0;100
322;QUC 3610-2020;R-013_Plot-322;0.566279;35.34746;0.2929365;63.902;3.7748363;36.35773;24.380457;40.430763;3.52E-04;0;100
323;QUC 3310-2020;R-013_Plot-323;0.43970418;38.566383;0.33029103;51.33457;1.7256662;33.02374;18.253553;34.774338;2.64E-04;0;100
324;QUC 3657-2020;R-013_Plot-324;0.5826246;38.852604;0.35713577;67.162025;2.8082306;43.98868;26.206709;48.030872;6.17E-04;0;100
325;QUC 3313-2020;R-013_Plot-325;0.5409518;39.613487;0.35087568;62.74629;1.8223554;41.00275;22.894598;44.534714;9.57E-05;0;100
326;QUC 3592-2020;R-014_Plot-326;0.60400003;37.422634;0.31267744;68.40607;2.9161675;40.58407;25.232374;45.460266;5.74E-04;0;100
327;QUC 3662-2020;R-014_Plot-327;0.5197181;31.185337;0.30214655;58.649887;7.0535707;34.18529;28.108208;36.513325;2.64E-04;0;100
328;QUC 3633-2020;R-014_Plot-328;0.55446124;35.62738;0.32058305;63.138664;4.369594;38.379265;26.060379;41.872456;5.29E-04;0;100
329;QUC 4628-2021;R-014_Plot-329;0.5235346;33.43318;0.30181253;59.330357;5.257334;34.67126;25.50778;37.505596;8.81E-05;0;100
330;QUC 4637-2021;R-014_Plot-330;0.50060767;28.860886;0.26463437;55.906086;6.989093;29.655415;25.728914;31.866907;2.64E-04;0;100
331;QUC 3528-2017;R-014_Plot-331;0.6336406;36.789455;0.28078878;70.79814;2.589248;38.72346;24.210999;44.431442;2.64E-04;0;100
332;QUC 4543-2021;R-014_Plot-332;0.55671746;33.280876;0.30355358;62.797466;5.7656775;36.562527;27.552423;39.896782;1.78E-04;0;100
333;QUC 3328-2019  ;R-014_Plot-333;0.49326065;35.03246;0.3112257;56.457684;4.0916247;34.08087;23.034386;36.529057;1.78E-04;0;100
334;QUC 3423-2020;R-014_Plot-334;0.50849944;37.506145;0.3437903;58.877144;3.191048;38.104683;23.478558;40.745464;3.52E-04;0;100
335;QUC 4542-2021;R-014_Plot-335;0.5555875;36.117706;0.3173092;63.27028;3.866194;38.21007;25.195044;41.875416;3.55E-04;0;100
336;QUC 3536-2022;R-014_Plot-336;0.5202177;41.803455;0.36599654;61.077507;0.27625468;41.390167;20.33303;44.698708;3.55E-04;0;100
337;QUC 3530-2022;R-014_Plot-337;0.35983482;50.737526;0.28626734;42.86955;-4.6874504;26.369238;5.497166;28.267565;0.056551847;0;100
338;QUC 3214-2020;R-014_Plot-338;0.5331896;39.77122;0.30758554;61.226887;0.7214021;36.60436;19.283619;40.666557;1.79E-04;0;100
339;QUC 3224-2020;R-014_Plot-339;0.50968266;39.780605;0.31207746;58.8006;0.74444413;35.719242;18.692644;39.271862;4.44E-04;0;100
340;QUC 3594-2017  ;R-014_Plot-340;0.49664557;52.20254;0.29522157;58.458492;-6.6937613;35.045242;6.9671917;40.19664;0.076260653;0;100
341;QUC 3501-2020;R-014_Plot-341;0.42904302;50.7037;0.26656288;50.375412;-5.2372417;28.730566;6.163211;32.336296;0.039549034;0;100
342;QUC 4465-2021;R-014_Plot-342;0.4461677;54.02387;0.2957335;53.07192;-7.0213733;32.41575;5.097997;36.57897;0.144506084;8.95E-05;99.9380805
343;QUC 3590-2020;R-014_Plot-343;0.39345205;53.53468;0.27741623;46.78623;-6.0728703;27.912174;4.394301;30.882902;0.130862193;2.71E-04;99.79324604
344;QUC 3417-2020;R-014_Plot-344;0.49445498;49.299423;0.30244642;58.061142;-5.174311;35.227707;9.295235;39.929897;0.034722222;0;100
345;QUC 3593-2020;R-014_Plot-345;0.47706926;51.837444;0.28590536;56.1082;-6.272732;33.085587;6.691351;37.79773;0.062455261;1.79E-04;99.71346705
346;QUC 3555-2020;R-014_Plot-346;0.41295767;48.559532;0.24649179;48.10756;-4.227638;26.125275;6.4760985;29.28492;0.024531025;0;100
347;QUC 3559-2020;R-014_Plot-347;0.4092628;44.9599;0.26158905;47.64054;-2.6791391;26.76099;8.9168825;29.42884;0.009650072;0;100
348;QUC 3422-2020;R-014_Plot-348;0.5542019;38.228043;0.31449467;63.35862;2.106153;38.178062;22.35704;42.266495;4.51E-04;0;100
349;QUC 3636-2020;R-014_Plot-349;0.47294298;41.35651;0.3077879;54.956978;-0.40834364;33.479076;15.600888;36.602066;0.002090909;0;100
350;QUC 3573-2020;R-014_Plot-350;0.45047137;44.57775;0.2938819;52.62641;-2.4027495;31.47465;11.569905;34.70416;0.02209596;0;100
351;QUC 3492-2018;R-015_Plot-351;0.4787723;47.411587;0.32533944;56.55132;-3.950419;36.073616;11.3089485;39.972103;0.003697691;0;100
352;QUC 4558-2021;R-015_Plot-352;0.48911235;36.353817;0.29046476;55.881508;2.5356445;32.2763;19.802502;35.16728;0.002818182;0;100
353;QUC 3616-2020;R-015_Plot-353;0.6163421;34.970325;0.24994415;68.29672;2.8857305;34.42389;22.60283;39.800262;2.71E-04;0;100
354;QUC 3609-2020;R-015_Plot-354;0.45084485;30.631878;0.24997926;50.6982;4.64754;26.342966;20.008867;28.241385;1.80E-04;0;100
355;QUC 3535-2022;R-015_Plot-355;0.45310292;49.52512;0.27450114;53.06526;-4.960566;30.558918;7.4608197;34.54985;0.071518759;0.001262626;98.23455233
356;QUC 3502-2020;R-015_Plot-356;0.5536678;47.94578;0.29565603;64.15488;-4.806969;37.704094;11.343409;43.577747;0.019685039;0;100
357;QUC 3586-2020;R-015_Plot-357;0.43426907;48.18791;0.2983433;51.25744;-4.159582;31.316896;8.76155;34.572906;0.006944444;0;100
358;QUC 3409-2020;R-015_Plot-358;0.43141386;46.05342;0.25562268;50.08219;-3.2979755;27.532715;8.519042;30.814716;0.041305916;0;100
359;QUC 3679-2016;R-015_Plot-359;0.38771084;57.55286;0.281964;46.507065;-7.493501;28.284657;2.4967337;31.402678;0.313081603;0;100
360;QUC 4595-2021;R-015_Plot-360;0.4060603;50.60922;0.24546528;47.475452;-4.94704;25.8777;5.3058133;29.059053;0.085450966;0;100
361;QUC 3859-2021;R-015_Plot-361;0.43343964;46.561848;0.30271578;51.08147;-3.3388271;31.447353;10.006555;34.46637;0.007457386;0;100
362;QUC 4459-2021;R-015_Plot-362;0.50014025;49.22363;0.30496597;58.718212;-5.1827807;35.764755;9.5390835;40.56691;0.006924716;0;100
363;QUC 3313-2019;R-015_Plot-363;0.5462557;45.49496;0.28181946;62.833252;-3.3926501;35.65966;12.637489;41.128075;0.001879026;0;100
364;QUC 3411-2020;R-015_Plot-364;0.37647524;45.310276;0.28269964;44.29187;-2.5670123;26.568525;8.694761;28.399212;0.017489347;0.00168679;90.35532995
365;QUC 3678-2020;R-015_Plot-365;0.49594834;48.059765;0.3269105;58.53574;-4.4342685;37.31991;11.222258;41.67197;0.015269886;0;100
366;QUC 3209-2020;R-015_Plot-366;0.49086097;40.658817;0.36268967;57.67411;1.0556535;39.06964;20.27279;41.643467;2.66E-04;0;100
367;QUC 3522-2022;R-015_Plot-367;0.5018399;44.211903;0.4134133;60.22078;-0.9925675;44.600765;19.28652;47.17181;0.002906977;0;100
368;QUC 3634-2020;R-015_Plot-368;0.5103391;33.55546;0.2840789;57.715042;4.434288;32.437057;23.076757;35.334164;0.009321733;0;100
369;QUC 3669-2020;R-015_Plot-369;0.5697712;37.171867;0.35926896;65.592026;4.336143;43.145237;28.178146;46.53346;2.66E-04;0;100
370;QUC 3401-2020;R-015_Plot-370;0.5599258;34.53066;0.2915424;63.115837;4.329426;35.77584;24.94242;39.601284;3.52E-04;0;100
371;QUC 4425-2021;R-015_Plot-371;0.42064437;35.117943;0.30210495;48.506874;3.2192113;29.34485;18.76451;30.64765;3.52E-04;0;100
372;QUC 3513-2020;R-015_Plot-372;0.50810605;39.086067;0.3519752;59.17053;2.129812;39.015293;22.16472;41.808167;8.81E-05;0;100
373;QUC 3315-2019;R-015_Plot-373;0.4741969;36.19268;0.30851716;54.519077;3.0250983;32.951393;20.66095;35.299034;4.40E-04;0;100
374;QUC 3596-2020;R-015_Plot-374;0.49471173;35.726295;0.30084574;56.554333;3.280803;33.378254;21.49068;36.12927;3.52E-04;0;100
375;QUC 4222-2021;R-015_Plot-375;0.5123405;36.751667;0.2888794;58.369602;2.3340979;33.393353;20.228704;36.79613;6.70E-04;0;100
376;QUC 4255-2021;R-016_Plot-376;0.49802125;38.197933;0.27878445;56.869675;1.0661685;31.961502;17.504206;35.444027;0.001148435;0;100
377;QUC 3546-2022;R-016_Plot-377;0.44444215;41.780403;0.336689;52.314823;-0.2642087;34.20979;15.768649;36.443836;3.52E-04;0;100
378;QUC 3606-2020;R-016_Plot-378;0.5851578;33.994965;0.23465753;64.789925;2.8806632;31.38921;20.926931;36.196594;3.52E-04;0;100
379;QUC 3582-2020;R-016_Plot-379;0.48067522;35.81273;0.28739262;54.881207;2.7540624;31.501068;19.712666;34.198463;0.014534884;0;100
380;QUC 4541-2021;R-016_Plot-380;0.4578806;33.776783;0.2715698;52.024395;3.4642773;28.785095;19.368313;30.977743;2.64E-04;0;100
381;QUC 3661-2020;R-016_Plot-381;0.52687883;35.741127;0.2846625;59.720074;2.9925222;33.632427;21.522858;37.1856;0.001233263;0;100
382;QUC 3509-2017 ;R-016_Plot-382;0.50039065;43.232605;0.3602696;59.012836;-0.914817;39.847652;17.628973;43.105812;0.005770597;0;100
383;QUC 3301-2019;R-016_Plot-383;0.5320292;37.669968;0.31502765;60.96241;2.4317207;36.931747;22.095404;40.50138;0.001864347;0;100
384;QUC 3555-2017  ;R-016_Plot-384;0.53694147;43.674343;0.42420483;64.201805;-0.35148114;47.938515;22.00967;50.881454;3.52E-04;0;100
385;QUC 3406-2020;R-016_Plot-385;0.46187893;35.126694;0.30958027;53.08523;3.7106092;32.233356;21.259924;34.168507;8.88E-05;0;100
386;QUC 3544-2020;R-016_Plot-386;0.5395997;42.795868;0.35596162;63.131058;-0.66803867;41.856823;19.268446;45.902927;5.33E-04;0;100
387;QUC 4614-2021;R-016_Plot-387;0.41901818;43.00086;0.30186778;49.12295;-1.4273798;30.1529;12.166204;32.457733;0.013849432;0;100
388;QUC 3635-2020;R-016_Plot-388;0.39959204;44.808178;0.3190338;47.360962;-2.1651568;30.471733;10.994659;32.383587;0.00948461;0;100
389;QUC 3448-2017;R-016_Plot-389;0.46805334;47.849255;0.3450508;55.758377;-4.080889;37.13432;11.394249;40.636314;0.001775568;0;100
390;QUC 3425-2020;R-016_Plot-390;0.4062079;43.969463;0.27346605;47.384686;-2.1289053;27.385769;9.928742;29.798885;0.009588068;0;100
391;QUC 4323-2021;R-016_Plot-391;0.43465784;45.647133;0.2916655;50.9542;-2.91484;30.522345;10.285814;33.561394;0.013779528;0;100
392;QUC 3588-2020;R-016_Plot-392;0.47821382;44.1855;0.3097071;55.869217;-2.1213067;34.30583;13.386231;37.91189;0.05932355;2.68E-04;99.54751131
393;QUC 3547-2022;R-016_Plot-393;0.40900052;49.071762;0.34674323;49.268642;-4.3567214;33.603764;9.05989;35.90508;0.00784632;0;100
394;QUC 4546-2021;R-016_Plot-394;0.52038056;42.65716;0.33669657;60.706898;-0.85130954;38.921803;17.611588;42.83624;0.023538961;0.001172439;95.01915709
395;QUC 3614-2020;R-016_Plot-395;0.4426968;44.118225;0.28513348;51.59621;-2.218701;30.285038;11.297209;33.378643;0.03194345;0;100
396;QUC 3528-2017  ;R-016_Plot-396;0.4154333;53.81117;0.32550448;50.111267;-6.7511153;32.920277;5.4150963;36.106316;0.156024531;0;100
397;QUC 3448-2017  ;R-016_Plot-397;0.58773106;36.79616;0.30305392;66.476814;3.0722322;38.673363;24.489712;43.265545;3.61E-04;0;100
398;QUC 3639-2020;R-016_Plot-398;0.48518685;32.87343;0.2682073;54.7831;4.163902;29.738008;21.17771;32.30751;4.51E-04;0;100
399;QUC 3572-2018;R-016_Plot-399;0.48310018;34.69787;0.30400944;55.236546;4.020151;32.871735;22.282297;35.19873;2.73E-04;0;100
400;QUC 3649-2020;R-016_Plot-400;0.5140883;37.949654;0.30073172;58.87431;1.7967812;34.709057;19.964622;38.190006;0.00712482;0;100
401;QUC 3419-2020;R-017_Plot-401;0.5525449;39.549183;0.29487497;63.032036;0.6452649;36.433323;19.301313;40.984776;0.006313131;0;100
402;QUC 4535-2021;R-017_Plot-402;0.45659256;35.8387;0.28861707;52.314823;2.6452136;30.326717;18.763437;32.571934;0.003545455;0;100
403;QUC 3556-2020;R-017_Plot-403;0.58798206;37.653057;0.31859607;66.88098;2.8172767;40.343613;24.789345;44.88512;4.51E-04;0;100
404;QUC 3615-2020;R-017_Plot-404;0.47252265;29.73201;0.26043987;53.015297;5.861228;28.086594;22.912897;30.062292;0.004960317;0;100
405;QUC 3220-2020;R-017_Plot-405;0.4579964;28.836771;0.250861;51.281998;5.896574;26.528788;22.082733;28.269876;0.002525253;0;100
406;QUC 4224-2021;R-017_Plot-406;0.54277027;34.21397;0.28988516;61.269463;4.3895454;34.701668;24.373156;38.194454;0.001789549;0;100
407;QUC 3421-2020;R-017_Plot-407;0.57685024;31.826338;0.2704082;64.201805;5.7968764;34.192097;26.77907;38.08119;1.80E-04;0;100
408;QUC 3528-2020;R-017_Plot-408;0.60977954;38.346455;0.3355136;69.540764;2.803352;43.35965;26.277056;48.17417;3.61E-04;0;100
409;QUC 4539-2021;R-017_Plot-409;0.4944053;35.472366;0.32440603;56.818806;4.165097;35.32901;23.686785;37.66147;4.47E-04;0;100
410;QUC 3622-2020;R-017_Plot-410;0.45996955;34.51648;0.29310566;52.596054;3.649229;30.715948;20.503017;32.762886;4.47E-04;0;100
411;QUC 3543-2022;R-017_Plot-411;0.41728616;48.85902;0.4006229;51.05323;-4.169845;38.14459;11.018898;39.906673;0.002485795;0;100
412;QUC 3672-2018  ;R-017_Plot-412;0.5347995;40.890835;0.3523357;62.29043;0.7798163;40.93813;21.137516;44.584263;4.44E-04;0;100
413;QUC 3527-2020;R-017_Plot-413;0.4981843;42.820583;0.36545926;58.806274;-0.5513077;40.09519;18.259344;43.1588;0.004652827;0;100
414;QUC 3311-2019;R-017_Plot-414;0.4043206;47.409725;0.33298832;48.353874;-3.4808877;32.091953;9.735902;34.248463;0.022816051;0;100
415;QUC 3581-2020;R-017_Plot-415;0.41282126;43.770542;0.30604446;48.56406;-1.7679863;30.190805;11.613718;32.40808;0.001509233;0;100
416;QUC 3608-2020;R-017_Plot-416;0.5841382;36.918846;0.3061325;66.16989;3.0451133;38.79364;24.457333;43.302105;3.55E-04;0;100
417;QUC 3516-2022;R-017_Plot-417;0.507722;43.528828;0.37762046;60.14965;-0.9113308;41.858524;18.485989;45.044247;4.40E-04;0;100
418;QUC 3531-2018  ;R-017_Plot-418;0.4680146;49.288548;0.3729586;56.40926;-4.893046;39.601578;11.063053;42.96338;0.001154119;0;100
419;QUC 3531-2022;R-017_Plot-419;0.4664955;32.563145;0.28401178;52.965256;4.7444496;30.065693;21.990591;32.052258;3.55E-04;0;100
420;QUC 3591-2020;R-017_Plot-420;0.5600474;34.78778;0.29473406;63.212116;4.233989;36.127014;24.94421;39.958076;1.76E-04;0;100
421;QUC 4550-2021;R-017_Plot-421;0.44244197;31.90124;0.25821888;50.023964;4.0707088;26.750938;19.2166;28.584442;0.014270613;0;100
422;QUC 4600-2021;R-017_Plot-422;0.5120726;31.205708;0.24966371;57.185272;4.8076053;29.201477;22.238129;32.194466;2.64E-04;0;100
423;QUC 3741-2020;R-017_Plot-423;0.4921651;29.796494;0.25778466;55.05146;5.917849;28.798836;23.559889;31.135765;3.52E-04;0;100
424;QUC 3537-2022;R-017_Plot-424;0.57151467;34.573036;0.27696043;64.098;3.871477;34.975952;23.986528;39.20815;1.76E-04;0;100
425;QUC 4559-2021;R-017_Plot-425;0.4664674;31.167498;0.28061873;52.764366;5.596414;29.626627;23.1132;31.435816;3.83E-04;0;100
426;QUC 3642-2020;R-018_Plot-426;0.45447755;30.85476;0.25894076;51.20826;4.857637;27.24309;20.773905;29.12118;5.74E-04;0;100
427;QUC 3424-2020;R-018_Plot-427;0.48754594;31.682714;0.26511723;54.865402;4.855892;29.452051;22.149265;31.918802;1.76E-04;0;100
428;QUC 3420-2020;R-018_Plot-428;0.57241285;33.381386;0.26572502;63.87712;4.3638945;33.760143;24.239962;37.93206;8.81E-05;0;100
429;QUC 4481-2021;R-018_Plot-429;0.47188485;35.15278;0.28411806;53.8258;3.043288;30.691576;19.709078;33.17248;2.64E-04;0;100
430;QUC 4549-2021;R-018_Plot-430;0.46545413;36.374516;0.29212362;53.376762;2.4260325;31.158342;18.884733;33.601376;0.003964059;0;100
431;QUC 3319-2020;R-018_Plot-431;0.50620437;35.752327;0.2851516;57.551044;2.89593;32.61979;20.704159;35.79386;0.00440451;0;100
432;QUC 3742-2020;R-018_Plot-432;0.50666517;32.090744;0.2838639;57.155617;5.4552836;32.039024;24.461693;34.625458;3.55E-04;0;100
433;QUC 3611-2020;R-018_Plot-433;0.45228365;31.11121;0.28744698;51.324062;5.7297835;29.434711;23.04717;30.896463;1.78E-04;0;100
434;QUC 3454-2017  ;R-018_Plot-434;0.4303255;49.40528;0.3094135;51.113213;-4.7421565;32.114754;8.172051;35.322514;0.003347428;0;100
435;QUC 3529-2017;R-018_Plot-435;0.39827493;53.850822;0.37653595;49.002922;-6.855977;35.61251;6.0225267;37.877453;0.037553267;0;100
436;QUC 3528-2022;R-018_Plot-436;0.45895025;48.004242;0.31360388;54.227314;-4.207503;33.97664;9.933311;37.629147;0.001864347;0;100
437;QUC 3613-2020;R-018_Plot-437;0.40261385;42.279163;0.31851298;47.447857;-0.8185074;30.347082;12.945699;32.03009;0.003817472;0;100
438;QUC 3523-2022;R-018_Plot-438;0.48296154;47.06752;0.3286001;57.027813;-3.7402558;36.557514;11.85243;40.46334;0.005726557;0;100
439;QUC 3624-2020;R-018_Plot-439;0.48711136;32.63987;0.29649264;55.32093;5.3294044;32.18015;24.08004;34.3371;3.55E-04;0;100
440;QUC 3656-2020;R-018_Plot-440;0.57860154;37.915237;0.3215208;65.99077;2.6374745;40.157303;24.313276;44.53425;4.44E-04;0;100
441;QUC 4592-2021;R-018_Plot-441;0.45914626;33.596336;0.26308948;52.034687;3.3332038;28.142767;18.90483;30.435444;0.002505369;0;100
442;QUC 4557-2021;R-018_Plot-442;0.45503917;31.028538;0.2649353;51.352077;4.9833174;27.771637;21.207186;29.600197;1.79E-04;0;100
443;QUC 3536-2020;R-018_Plot-443;0.48210883;34.19326;0.29291606;54.925426;4.028303;31.82525;21.83717;34.2161;5.41E-04;0;100
444;QUC 3617-2020;R-018_Plot-444;0.49851528;31.173248;0.27017528;56.01953;5.5350494;30.329103;23.72873;32.819252;4.51E-04;0;100
445;QUC 3454-2017;R-018_Plot-445;0.5268708;38.433987;0.32741153;60.706898;2.138023;37.868687;21.955309;41.294193;2.68E-04;0;100
446;QUC 3584-2020;R-018_Plot-446;0.6007259;33.68714;0.25567216;66.649185;3.943862;34.121613;24.015186;38.94421;2.71E-04;0;100
447;LLEUQUE-INIA;R-018_Plot-447;0.62573355;36.55562;0.28528726;70.04127;2.8986669;38.764076;24.651304;44.22786;3.61E-04;0;100
448;QUC 3613-2017 ;R-018_Plot-448;0.57041925;34.75831;0.30143863;64.38406;4.5681777;37.299793;26.108543;41.203568;0;0;NaN
449;QUC 4561-2021;R-018_Plot-449;0.4513893;26.065502;0.24611199;50.256264;7.41404;25.518923;23.861788;26.812626;1.82E-04;0;100
450;QUC 3314-2019;R-018_Plot-450;0.48296738;30.274466;0.26719582;54.249844;5.8896847;29.21191;23.592052;31.34244;1.80E-04;0;100
451;QUC 4483-2021;R-019_Plot-451;0.44135156;29.936512;0.2480529;49.60239;4.892461;25.671389;19.965311;27.347391;0.00261544;0;100
452;QUC 3212-2020;R-019_Plot-452;0.46455595;31.556135;0.26471323;52.41674;4.719886;28.292513;21.150764;30.360424;0.001181818;0;100
453;QUC 4534-2021;R-019_Plot-453;0.5070562;29.26437;0.2540415;56.50302;6.278725;29.101366;24.436613;31.641066;9.02E-05;0;100
454;QUC 3526-2017;R-019_Plot-454;0.55470365;37.37776;0.32559043;63.479454;3.0710278;39.12788;24.295584;42.894173;5.41E-04;0;100
455;QUC 3492-2018;R-019_Plot-455;0.52014875;32.119343;0.27594835;58.464222;5.2817965;32.016075;24.339888;34.94383;6.31E-04;0;100
456;QUC 3585-2020;R-019_Plot-456;0.58414096;33.07834;0.2630127;64.99618;4.57187;34.000317;24.801744;38.34694;0;0;NaN
457;QUC 3702-2020;R-019_Plot-457;0.51076937;30.113394;0.2416653;56.83078;5.2159185;28.305578;22.450262;31.196875;9.02E-05;0;100
458;QUC 3581-2018;R-019_Plot-458;0.43180582;29.697443;0.27208507;48.810707;5.871818;27.018959;21.927023;28.167645;2.71E-04;0;100
459;QUC 3555-2017;R-019_Plot-459;0.6042265;37.595943;0.3314007;68.77885;3.330902;42.505894;26.715525;47.12205;1.79E-04;0;100
460;QUC 3416-2020;R-019_Plot-460;0.56002736;34.690033;0.27546352;62.904728;3.6649425;34.283398;23.229523;38.35521;3.58E-04;0;100
461;QUC 3558-2020;R-019_Plot-461;0.47918645;34.4725;0.27275366;54.378307;3.213019;30.024872;19.768515;32.676723;2.66E-04;0;100
462;QUC 3638-2020;R-019_Plot-462;0.49853325;31.193365;0.2505002;55.78304;4.7353277;28.654047;21.729073;31.411945;2.66E-04;0;100
463;QUC 3558-2018;R-019_Plot-463;0.54881614;39.492638;0.33340985;63.27533;1.5286791;39.840218;22.058197;43.787773;0.001431639;0;100
464;QUC 3599-2020;R-019_Plot-464;0.47146258;39.46938;0.32080054;54.77993;1.0211815;34.24831;18.073147;36.894184;0.008700284;0;100
465;QUC 3487-2018  ;R-019_Plot-465;0.50785;45.76552;0.36066008;60.16334;-2.7723718;40.697296;15.163556;44.543934;0.002308239;0;100
466;QUC 3637-2020;R-019_Plot-466;0.46582302;38.86435;0.33046794;54.233753;1.6421632;34.62522;19.106098;36.920307;2.66E-04;0;100
467;QUC 3536-2018;R-019_Plot-467;0.50748664;48.046833;0.4183473;61.494854;-4.0723896;45.98445;15.051695;49.330708;0.001673714;0;100
468;QUC 3532-2018;R-019_Plot-468;0.45027736;51.133694;0.3771664;54.700607;-5.891198;38.98084;9.14825;42.14037;0.017755682;0;100
469;QUC 3678-2016;R-019_Plot-469;0.4636508;46.95057;0.39663678;56.037895;-3.1711195;40.92118;14.084993;43.474495;5.33E-04;0;100
470;QUC 3509-2017;R-019_Plot-470;0.5099929;41.093613;0.3417446;59.47279;0.37204808;38.52632;19.24017;41.888508;1.76E-04;0;100
471;QUC 4538-2021;R-019_Plot-471;0.45036185;34.49558;0.3012032;51.66217;3.8070264;30.838482;20.672564;32.59844;0.005021142;0;100
472;QUC 3583-2021;R-019_Plot-472;0.42157578;32.808716;0.257163;47.859333;3.332838;25.765894;17.43065;27.376984;0.005109232;0;100
473;QUC 3526-2017;R-019_Plot-473;0.55603606;38.992523;0.3373161;64.0336;2.0710948;40.54392;23.295177;44.46384;3.52E-04;0;100
474;QUC 3627-2020;R-019_Plot-474;0.50469506;32.3842;0.26814085;56.77686;4.6598706;30.6201;22.563263;33.441242;2.64E-04;0;100
475;QUC 4552-2021;R-019_Plot-475;0.43853852;34.540787;0.29316682;50.2888;3.462303;29.578737;19.464306;31.250456;0.001148435;0;100
476;QUC 3612-2020;R-020_Plot-476;0.54881334;35.37692;0.25081563;61.46311;2.3332474;31.523531;19.791086;35.784363;3.83E-04;0;100
477;UC-1218;R-020_Plot-477;0.5677152;37.035164;0.3017357;64.40863;2.741068;37.516945;23.243198;41.812393;0.0044926;0;100
478;QUC 3522-2020;R-020_Plot-478;0.6071498;38.94134;0.30538076;68.81418;1.4688108;40.25598;22.792065;45.602127;2.64E-04;0;100
479;QUC 3221-2020;R-020_Plot-479;0.5337653;36.37992;0.24039674;59.861046;1.3619692;29.99565;17.458502;34.226833;0.001937984;0;100
480;QUC 4548-2021;R-020_Plot-480;0.50018483;39.03821;0.2856894;57.294796;0.67378056;32.787304;17.269892;36.361908;0.011627907;0;100
481;QUC 3534-2018  ;R-020_Plot-481;0.5385987;43.439816;0.37197274;63.398937;-0.9252925;43.339573;19.418085;47.230732;9.69E-04;0;100
482;QUEULE-INIA;R-020_Plot-482;0.54720193;38.842632;0.35245228;63.330875;2.5260494;41.398434;24.256138;44.86773;4.44E-04;0;100
483;QUC 3534-2018;R-020_Plot-483;0.48625657;46.75766;0.41279578;58.834637;-2.9974902;43.805668;15.669473;46.54861;9.77E-04;0;100
484;QUC 3632-2020;R-020_Plot-484;0.43634364;32.66527;0.27535057;49.639263;4.1175423;27.85084;19.691532;29.460058;8.81E-04;0;100
485;QUC 3635-2020;R-020_Plot-485;0.43481478;39.945724;0.32962066;50.943573;0.7919703;32.83596;16.705168;34.709885;2.66E-04;0;100
486;QUC 3626-2020;R-020_Plot-486;0.61315084;35.339157;0.2744832;68.41721;3.4345288;36.852158;24.546656;41.986732;2.66E-04;0;100
487;QUC 4540-2021;R-020_Plot-487;0.5246447;37.508442;0.36559826;60.946323;3.8958485;41.00873;25.987055;43.537357;3.55E-04;0;100
488;QUC 3527-2022;R-020_Plot-488;0.4998777;33.01193;0.2745927;56.430454;4.3867087;31.019114;22.258219;33.782253;3.58E-04;0;100
489;QUC 3677-2020;R-020_Plot-489;0.49406883;32.765385;0.2715448;55.75221;4.403667;30.444681;21.96379;33.1092;3.55E-04;0;100
490;QUC 3309-2019;R-020_Plot-490;0.48937365;40.462708;0.3297391;56.974182;0.5644817;36.18055;18.359627;39.20546;8.88E-05;0;100
491;QUC 3312-2019;R-020_Plot-491;0.4472979;36.198143;0.30367577;51.547523;2.7342713;31.073923;19.095125;32.998375;7.16E-04;0;100
492;QUC 3546-2020;R-020_Plot-492;0.4744104;36.44821;0.29909092;54.442364;2.5983007;32.232548;19.705881;34.75774;0.004026485;0;100
493;QUC 3618-2020;R-020_Plot-493;0.60010165;35.976364;0.29350048;67.47994;3.5109694;38.231647;25.141272;43.01379;3.61E-04;0;100
494;QUC 3311-2019;R-020_Plot-494;0.500805;33.27903;0.293051;56.797836;4.870273;32.689293;23.75484;35.241962;2.71E-04;0;100
495;QUC 3316-2019;R-020_Plot-495;0.496629;31.475647;0.26980293;55.850765;5.278685;30.251156;23.270567;32.767204;2.68E-04;0;100
496;QUC 3525-2022;R-020_Plot-496;0.58076733;34.3487;0.28081787;65.0808;4.2376065;35.76773;25.02202;40.068825;3.61E-04;0;100
497;QUC 3678-2016  ;R-020_Plot-497;0.5289354;41.551758;0.3625958;61.923447;0.43901116;41.60217;20.783295;45.088207;5.41E-04;0;100
498;QUC 3630-2020;R-020_Plot-498;0.4258841;27.562346;0.25503027;47.78917;6.489453;25.212364;21.974674;26.210472;1.80E-04;0;100
499;QUC 3211-2020;R-020_Plot-499;0.52079964;29.085068;0.24454439;57.788025;6.1406507;28.858742;24.262669;31.706898;2.73E-04;0;100
500;QUC 4605-2021;R-020_Plot-500;0.5312693;28.93866;0.25505477;58.976135;6.854221;30.247156;26.151316;33.089043;9.02E-05;0;100
501;QUC 3220-2020;R-021_Plot-501;0.5219379;28.45096;0.22418463;57.600906;5.647441;27.036654;22.647995;30.043024;4.51E-04;0;100
502;QUC 4562-2021;R-021_Plot-502;0.5010297;25.76955;0.23385721;55.27095;7.688154;26.650839;25.428135;28.79836;9.09E-05;0;100
503;QUC 3225-2020;R-021_Plot-503;0.61566305;33.732315;0.23769593;67.88806;3.315105;32.96373;22.61427;38.217297;0.005140693;0;100
504;QUC 4537-2021;R-021_Plot-504;0.5033307;29.2289;0.24382204;55.988907;5.8325496;28.038326;23.206758;30.644928;1.80E-04;0;100
505;QUC 3606-2021;R-021_Plot-505;0.4985341;29.372728;0.22617966;55.30844;4.927561;26.356506;20.971258;29.117935;3.61E-04;0;100
506;QUC 3607-2020;R-021_Plot-506;0.5560201;30.550043;0.22693145;61.341198;4.68226;28.960415;22.375391;32.80221;5.37E-04;0;100
507;QUC 3625-2020;R-021_Plot-507;0.5475686;31.209154;0.26084864;60.994564;5.585613;31.82999;25.046793;35.259285;3.61E-04;0;100
508;QUC 4568-2021;R-021_Plot-508;0.5133489;33.255295;0.27192426;57.834656;4.2491574;31.48585;22.403923;34.55006;0.002435065;0;100
509;CBC 509 CHILE/SOMAT_3.1//BOOMER_18/LOTUS_4/6/ZAMPULLIN_2/GUANAY/5/NETTA_4/DUKEM_12//RASCON_19/3/SORA/2*PLATA_12/4/GREEN_18/FOCHA_1//AIRON_1/7/ZAKA/3/AJAIA_12/F3LOCAL(SEL.ETHIO.135.85)//PLATA_13/4/SOOTY_9/RASCON_37//WODUCK/CHAM_3/8/SELIM//SOUAI/FUMA_1;R-021_Plot-509;0.52170235;33.58749;0.25420552;58.504288;3.4761982;30.346672;20.78109;33.821037;4.47E-04;0;100
510;QUC 3448-2017  ;R-021_Plot-510;0.6026347;37.46206;0.28778386;67.84517;2.1484854;38.008728;22.878275;43.205593;4.47E-04;0;100
511;QUC 3653-2020;R-021_Plot-511;0.5176088;32.92834;0.25674534;58.040874;3.9582338;30.306;21.471205;33.580936;8.88E-05;0;100
512;QUC 3529-2022;R-021_Plot-512;0.51046544;32.59019;0.25026196;57.173412;3.91374;29.36308;20.902657;32.53529;2.66E-04;0;100
513;QUC 3619-2020;R-021_Plot-513;0.5219677;33.550236;0.25114614;58.48426;3.405582;30.08439;20.556126;33.58845;2.68E-04;0;100
514;QUC 3517-2017;R-021_Plot-514;0.5901795;41.438717;0.33578545;67.946686;0.10680023;42.749027;21.445702;47.83982;3.55E-04;0;100
515;QUC 3529-2017  ;R-021_Plot-515;0.47671247;43.89151;0.3887629;56.965237;-1.0318067;40.762234;17.480343;43.195705;8.88E-04;0;100
516;QUC 4596-2021;R-021_Plot-516;0.49326214;31.93379;0.27794027;55.65338;5.216862;30.839037;23.39464;33.262547;4.44E-04;0;100
517;QUC 3603-2020;R-021_Plot-517;0.5687308;36.046898;0.29739565;64.3152;3.3936837;37.014774;24.082186;41.199417;7.93E-04;0;100
518;QUC 3648-2020;R-021_Plot-518;0.5576373;37.44112;0.31824476;63.677532;2.833419;38.60263;23.732697;42.55123;0.00337358;0;100
519;QUC 4547-2021;R-021_Plot-519;0.5847077;36.28008;0.30201983;66.075714;3.4410748;38.33227;24.903156;42.782593;3.55E-04;0;100
520;QUC 4344-2021;R-021_Plot-520;0.540747;39.584335;0.28729403;61.67423;0.4305129;35.106968;18.28681;39.52571;0.002114165;0;100
521;QUC 3589-2020;R-021_Plot-521;0.43589926;38.84411;0.26556772;50.078556;0.29750466;27.788868;13.941801;30.306633;0.042635659;0;100
522;QUC 3658-2020;R-021_Plot-522;0.49024525;39.19793;0.30759722;56.58147;0.9971729;34.16629;18.226973;37.3105;0.009954193;0;100
523;QUC 3521-2020;R-021_Plot-523;0.5815782;37.97773;0.30820447;66.08279;2.2408657;39.02161;23.234713;43.662113;7.05E-04;0;100
524;QUC 3210-2020;R-021_Plot-524;0.55009407;34.984734;0.27231032;61.868492;3.2751257;33.544945;22.181232;37.53637;7.05E-04;0;100
525;QUC 4551-2021;R-021_Plot-525;0.4403684;31.37081;0.24354887;49.587627;3.876382;25.45475;18.326313;27.359386;0.006316394;0;100
526;QUC 3306-2019;R-022_Plot-526;0.5422359;37.909683;0.31351435;62.04355;2.2657652;37.38783;22.142569;41.210377;0.001052732;0;100
527;QUC 4545-2021;R-022_Plot-527;0.55332655;36.08696;0.30900156;62.899624;3.6331227;37.303135;24.411434;41.04943;0.001585624;0;100
528;QUC 3418-2020;R-022_Plot-528;0.5677752;40.43582;0.3161654;65.10495;0.477952;39.41472;20.434832;44.150448;6.17E-04;0;100
529;QUC 3598-2020;R-022_Plot-529;0.44555092;34.66163;0.27853405;50.876186;3.028634;28.825432;18.57629;30.835468;0.008280479;0;100
530;QUC 3534-2020;R-022_Plot-530;0.5663633;40.349194;0.32477605;65.09529;0.7166095;40.154247;21.099936;44.728794;2.64E-04;0;100
531;QUC 3526-2017  ;R-022_Plot-531;0.54218704;38.728;0.33303398;62.463608;2.1101086;39.298676;22.681877;42.98017;4.40E-04;0;100
532;QUC 3622-2021;R-022_Plot-532;0.50297374;33.05598;0.27136707;56.71685;4.2773643;30.907152;22.073997;33.77031;2.66E-04;0;100
533;QUC 3631-2020;R-022_Plot-533;0.45049438;33.66432;0.26514024;51.144924;3.287073;27.886122;18.62337;30.014885;0.001953125;0;100
534;QUC 4597-2021;R-022_Plot-534;0.47784805;32.399933;0.2550211;53.796482;3.9518487;28.237972;20.103529;30.777298;7.05E-04;0;100
535;QUC 4454-2021;R-022_Plot-535;0.49860084;33.262173;0.2701906;56.263603;4.0748997;30.61151;21.578732;33.445854;0.002041903;0;100
536;QUC 3409-2020;R-022_Plot-536;0.6219688;38.267376;0.3115586;70.35541;2.2532341;41.56814;24.772306;46.96403;5.33E-04;0;100
537;QUC 3562-2020;R-022_Plot-537;0.58703274;36.75578;0.3028888;66.395035;3.0881639;38.60835;24.479649;43.184486;4.44E-04;0;100
538;QUC 3517-2022;R-022_Plot-538;0.58492297;35.722202;0.26939344;65.50129;2.841337;35.046474;22.512323;39.812504;8.95E-05;0;100
539;QUC 3524-2022;R-022_Plot-539;0.55678445;36.758858;0.28392887;62.95315;2.387682;35.21486;21.576498;39.493065;4.44E-04;0;100
540;QUC 3412-2020;R-022_Plot-540;0.43322048;31.637142;0.27048606;49.14541;4.569736;27.20107;20.053308;28.67991;3.55E-04;0;100
541;QUC 3605-2020;R-022_Plot-541;0.47702888;32.871685;0.24779785;53.669132;3.4156213;27.645758;19.010529;30.321434;7.16E-04;0;100
542;QUC 3628-2020;R-022_Plot-542;0.49179828;33.42392;0.25729865;55.39888;3.4911652;29.203606;19.977762;32.103085;0.005100215;0;100
543;QUC 3408-2020;R-022_Plot-543;0.4908813;32.027645;0.24896032;55.05146;4.08033;28.282654;20.46479;31.05672;5.41E-04;0;100
544;QUC 3561-2020;R-022_Plot-544;0.5906215;32.86122;0.25266474;65.47499;4.3886156;33.245556;24.229366;37.77695;1.80E-04;0;100
545;QUC 3534-2022;R-022_Plot-545;0.52753204;32.40916;0.24822217;58.89979;4.0719657;29.933277;21.584848;33.388775;1.79E-04;0;100
546;QUC 3507-2020;R-022_Plot-546;0.57831573;31.647202;0.22509998;63.70004;4.03594;29.853668;21.980093;34.24584;3.61E-04;0;100
547;QUC 3517-2017  ;R-022_Plot-547;0.584256;35.632866;0.26192504;65.307205;2.661111;34.267483;21.87316;39.08683;3.61E-04;0;100
548;QUC 3604-2020;R-022_Plot-548;0.5002571;31.266396;0.23593736;55.79536;4.14011;27.49352;20.298689;30.458189;0.008207071;0;100
549;QUC 3621-2020;R-022_Plot-549;0.41300443;30.394753;0.23538691;46.482674;3.9050107;23.483978;17.174526;24.911148;0.004909091;0;100
550;QUC 3679-2016  ;R-022_Plot-550;0.540514;39.067097;0.2889846;61.61365;0.8273473;35.177856;18.934647;39.487366;5.41E-04;0;100
551;QUC 3602-2020;R-023_Plot-551;0.5770647;31.55267;0.22103101;63.507095;3.9070952;29.39454;21.549269;33.78834;0.001803752;0;100
552;QUC 3586-2016;R-023_Plot-552;0.58771485;30.656502;0.21582192;64.41354;4.33791;29.196804;22.230198;33.658596;9.09E-05;0;100
553;QUC 3531-2018;R-023_Plot-553;0.5972088;31.860434;0.23961663;65.83459;4.609924;32.09712;24.115957;36.699776;2.71E-04;0;100
554;QUC 3597-2020;R-023_Plot-554;0.5705978;32.023834;0.2267111;62.981163;3.797522;29.73732;21.479515;34.052616;0.006944444;0;100
555;QUC 3404-2020;R-023_Plot-555;0.47659817;28.312243;0.2256332;52.918488;5.3219876;25.260529;20.834293;27.54057;1.80E-04;0;100
556;QUC 3317-2019;R-023_Plot-556;0.6038251;32.629265;0.23941827;66.59103;4.096483;32.470848;23.529713;37.319286;0;0;NaN
557;QUC 4480-2021;R-023_Plot-557;0.6554223;33.906742;0.2456994;72.01191;3.7185256;35.52995;24.80286;41.408596;3.61E-04;0;100
558;QUC 3584-2018;R-023_Plot-558;0.54777354;29.231411;0.23753518;60.484974;5.9973106;29.416706;24.584675;32.79418;3.61E-04;0;100
559;QUC 4423-2021;R-023_Plot-559;0.57211286;30.921495;0.2339527;63.108227;4.8519793;30.345726;23.446272;34.43672;2.68E-04;0;100
560;QUC 4544-2021;R-023_Plot-560;0.56729704;31.53701;0.24009562;62.771885;4.656648;30.810879;23.306831;34.86298;0.001879026;0;100
561;QUC 3629-2020;R-023_Plot-561;0.53603584;31.267311;0.24695957;59.634125;4.8681097;30.046864;22.973593;33.471294;2.66E-04;0;100
562;QUC 3556-2018;R-023_Plot-562;0.58978844;32.276802;0.24908727;65.26876;4.662986;32.776863;24.444952;37.229446;1.78E-04;0;100
563;QUC 3489-2018  ;R-023_Plot-563;0.5941526;34.53459;0.260117;66.15107;3.4547489;34.389988;23.289488;39.20305;1.79E-04;0;100
564;QUC 3601-2020;R-023_Plot-564;0.626991;34.520214;0.25828964;69.44953;3.5647585;35.701614;24.37405;41.09873;2.66E-04;0;100
565;QUC 3207-2020;R-023_Plot-565;0.5444415;32.06517;0.28927243;61.165604;6.072187;34.422096;26.954088;37.545143;3.55E-04;0;100
566;QUC 4553-2021;R-023_Plot-566;0.48596725;31.564272;0.26900417;54.732357;5.0724106;29.679186;22.567566;32.04713;6.21E-04;0;100
567;QUC 3410-2020;R-023_Plot-567;0.60961956;35.038742;0.2573076;67.74341;3.0579238;34.89042;23.027996;40.093384;2.64E-04;0;100
568;QUC 3594-2020;R-023_Plot-568;0.58338195;36.58067;0.27765757;65.58487;2.440523;35.91241;22.238623;40.7163;0.002308239;0;100
569;QUC 3413-2020;R-023_Plot-569;0.488487;32.77791;0.28959268;55.39265;5.0072517;31.685993;23.37985;33.994675;1.78E-04;0;100
570;QUC 3401-2018;R-023_Plot-570;0.4129502;36.858196;0.3109898;47.95264;2.2572792;29.78478;17.400818;31.068697;6.17E-04;0;100
571;QUC 3218-2020;R-023_Plot-571;0.55164164;41.77216;0.29230815;63.164005;-0.9417962;36.457127;16.81493;41.387104;0.020789288;0;100
572;QUC 3328-2019;R-023_Plot-572;0.4291416;38.978085;0.3186155;50.060368;1.1714092;31.540531;16.691046;33.321697;3.52E-04;0;100
573;QUC 3543-2020;R-023_Plot-573;0.4575539;35.126133;0.26781374;52.079254;2.518211;28.620668;17.856953;31.044708;4.40E-04;0;100
574;QUC 3643-2020;R-023_Plot-574;0.53627825;37.877064;0.30210114;61.22955;1.98477;36.010242;21.054985;39.87178;7.05E-04;0;100
575;QUC 3518-2022;R-023_Plot-575;0.56217885;40.72321;0.34364104;65.03489;0.811068;41.758747;21.848131;46.040543;3.83E-04;0;100
576;QUC 3663-2020;R-024_Plot-576;0.5442924;33.0693;0.25281066;60.763527;3.925445;31.192503;22.097029;34.982407;9.57E-05;0;100
577;QUC 3613-2017;R-024_Plot-577;0.49633595;44.267876;0.34319288;58.41264;-1.8773392;38.257324;15.487209;41.855995;0.017794221;0;100
578;QUC 3305-2019;R-024_Plot-578;0.4207953;38.68791;0.30647147;48.95027;1.0989;30.109331;15.9065;31.849602;0.004933051;0;100
;;;;;;;;;;;;;
;;;;;;;;;;;;;
;;;;;;;;;;;;;
;;;;;;;;;;;;;
;;;;;;;;;;;;;
;;;;;;;;;;;;;
;;;;;;;;;;;;;
;;;;;;;;;;;;;
;;;;;;;;;;;;;
;;;;;;;;;;;;;
;;;;;;;;;;;;;
;;;;;;;;;;;;;
;;;;;;;;;;;;;
;;;;;;;;;;;;;
;;;;;;;;;;;;;
;;;;;;;;;;;;;
;;;;;;;;;;;;;
;;;;;;;;;;;;;
;;;;;;;;;;;;;
;;;;;;;;;;;;;
