Parc.;Variedad; ;Area;Mean;StdDev;Min;Max;%Area;MinThr;MaxThr
1;QUC 3608-2020;1;714;24.9708;0.6452;24.1008;28.6336;100;-3.40E+38;3.40E+38
2;QUC 3516-2022;2;714;24.3262;0.4275;23.6682;26.589;100;-3.40E+38;3.40E+38
3;QUC 3555-2020;3;714;24.8799;0.3246;24.2944;26.0233;100;-3.40E+38;3.40E+38
4;QUC 4465-2021;4;714;25.4;0.4438;24.541;27.3354;100;-3.40E+38;3.40E+38
5;QUC 4667-2021;5;714;25.1057;0.5738;24.4167;29.164;100;-3.40E+38;3.40E+38
6;QUC 3586-2016;6;714;25.2848;0.2963;24.6393;26.5761;100;-3.40E+38;3.40E+38
7;QUC 3528-2017  ;7;714;23.8236;0.2615;23.2335;24.9129;100;-3.40E+38;3.40E+38
8;QUC 3536-2020;8;714;24.8655;0.5455;24.0964;26.6323;100;-3.40E+38;3.40E+38
9;QUC 3220-2020;9;714;25.5582;0.6459;24.1424;27.9299;100;-3.40E+38;3.40E+38
10;QUC 4559-2021;10;714;24.9089;0.4181;24.0698;26.3571;100;-3.40E+38;3.40E+38
11;QUC 3309-2019;11;714;23.8084;0.3314;23.1368;25.2662;100;-3.40E+38;3.40E+38
12;QUC 3529-2017  ;12;714;23.4304;0.3816;22.7749;24.786;100;-3.40E+38;3.40E+38
13;QUC 3612-2020;13;693;25.8048;0.5367;24.9366;27.508;100;-3.40E+38;3.40E+38
14;QUC 3526-2017  ;14;672;25.1312;0.3906;24.5019;26.7206;100;-3.40E+38;3.40E+38
15;QUC 3535-2022;15;672;25.4051;0.2975;24.7182;26.3359;100;-3.40E+38;3.40E+38
16;QUC 3528-2017;16;672;25.4111;0.1729;24.7885;25.9223;100;-3.40E+38;3.40E+38
17;QUC 3448-2017  ;17;672;26.0323;0.232;25.5666;26.9;100;-3.40E+38;3.40E+38
18;QUC 4637-2021;18;672;27.11;0.2703;26.4752;27.8231;100;-3.40E+38;3.40E+38
19;QUC 3609-2020;19;672;26.629;0.3129;25.8959;27.3846;100;-3.40E+38;3.40E+38
20;QUC 3622-2020;20;672;26.5789;0.2494;26.1074;27.216;100;-3.40E+38;3.40E+38
21;QUC 3314-2019;21;672;26.1661;0.3613;25.491;27.1859;100;-3.40E+38;3.40E+38
22;QUC 3209-2020;22;672;26.9119;0.2443;26.3138;27.4891;100;-3.40E+38;3.40E+38
23;QUC 3605-2020;23;672;26.2428;0.2642;25.7155;26.91;100;-3.40E+38;3.40E+38
24;QUC 4558-2021;24;672;26.3366;0.2834;25.6877;27.1564;100;-3.40E+38;3.40E+38
25;QUC 3596-2020;25;624;26.3071;0.2858;25.3977;26.8891;100;-3.40E+38;3.40E+38
26;QUC 3527-2022;26;624;25.5171;0.2441;25.0006;26.2303;100;-3.40E+38;3.40E+38
27;QUC 3556-2020;27;672;25.392;0.2607;24.8329;26.3285;100;-3.40E+38;3.40E+38
28;QUC 3537-2022;28;672;25.8216;0.2136;25.2683;26.3648;100;-3.40E+38;3.40E+38
29;QUC 3642-2020;29;672;26.284;0.3063;25.7476;27.112;100;-3.40E+38;3.40E+38
30;QUC 3583-2021;30;672;26.5527;0.2282;25.923;27.2329;100;-3.40E+38;3.40E+38
31;QUC 3211-2020;31;672;26.6699;0.2628;25.8341;27.3782;100;-3.40E+38;3.40E+38
32;QUC 4344-2021;32;672;25.8899;0.35;25.2494;27.4535;100;-3.40E+38;3.40E+38
33;QUC 4459-2021;33;672;26.7454;0.3161;26.145;27.6957;100;-3.40E+38;3.40E+38
34;QUC 4534-2021;34;672;26.9835;0.3237;26.2934;28.1446;100;-3.40E+38;3.40E+38
35;QUC 3408-2020;35;672;26.6396;0.2699;25.9646;27.8087;100;-3.40E+38;3.40E+38
36;QUC 3594-2020;36;672;26.9593;0.3859;26.322;28.8163;100;-3.40E+38;3.40E+38
37;QUC 3559-2020;37;672;24.992;0.3177;24.4386;26.3157;100;-3.40E+38;3.40E+38
38;QUC 3546-2022;38;693;23.8536;0.3585;23.1132;25.9791;100;-3.40E+38;3.40E+38
39;QUC 3502-2020;39;714;23.6787;0.4461;23.0224;27.6207;100;-3.40E+38;3.40E+38
40;QUC 3658-2020;40;714;23.3886;0.4522;22.8299;26.1332;100;-3.40E+38;3.40E+38
41;QUC 3448-2017;41;714;23.639;0.4025;22.8197;25.4621;100;-3.40E+38;3.40E+38
42;QUC 3306-2019;42;714;24.471;0.8224;23.1693;27.8094;100;-3.40E+38;3.40E+38
43;QUC 3528-2020;43;714;23.547;0.3299;22.9345;25.4292;100;-3.40E+38;3.40E+38
44;QUEULE-INIA;44;714;24.2206;0.4319;23.6673;26.234;100;-3.40E+38;3.40E+38
45;QUC 3454-2017  ;45;714;23.8586;0.4967;23.2201;26.9609;100;-3.40E+38;3.40E+38
46;QUC 3328-2019;46;714;24.407;0.79;23.5791;29.1101;100;-3.40E+38;3.40E+38
47;QUC 3207-2020;47;714;25.1655;0.663;24.1299;29.4941;100;-3.40E+38;3.40E+38
48;QUC 3591-2020;48;714;24.5394;0.5902;23.2083;26.866;100;-3.40E+38;3.40E+38
49;QUC 3590-2020;49;714;24.4153;0.4796;23.644;26.1763;100;-3.40E+38;3.40E+38
50;QUC 3301-2019;50;714;24.2146;0.3176;23.1816;25.225;100;-3.40E+38;3.40E+38
51;QUC 4551-2021;51;714;24.5689;0.4085;23.6616;25.919;100;-3.40E+38;3.40E+38
52;QUC 3526-2017;52;714;23.6797;0.3575;23.135;25.9619;100;-3.40E+38;3.40E+38
53;QUC 3628-2020;53;714;24.9116;0.6143;23.6002;27.9227;100;-3.40E+38;3.40E+38
54;QUC 3607-2020;54;714;24.9156;0.3652;24.2848;27.3052;100;-3.40E+38;3.40E+38
55;QUC 3305-2019;55;714;24.2817;0.4048;23.5887;26.3297;100;-3.40E+38;3.40E+38
56;QUC 3492-2018;56;714;23.9182;0.4505;23.3437;26.7631;100;-3.40E+38;3.40E+38
57;QUC 3527-2020;57;714;23.9332;0.6339;22.8126;26.921;100;-3.40E+38;3.40E+38
58;QUC 3619-2020;58;714;24.1265;0.4755;23.4299;26.2248;100;-3.40E+38;3.40E+38
59;QUC 3534-2018;59;714;23.7041;0.3179;22.8132;24.8075;100;-3.40E+38;3.40E+38
60;QUC 3312-2019;60;714;23.5838;0.3193;22.987;24.7725;100;-3.40E+38;3.40E+38
61;QUC 4535-2021;61;714;24.1089;0.3978;23.3808;25.9703;100;-3.40E+38;3.40E+38
62;QUC 3702-2020;62;714;25.169;0.6688;24.0385;28.8433;100;-3.40E+38;3.40E+38
63;QUC 3617-2020;63;693;24.9701;0.5317;24.2285;28.7277;100;-3.40E+38;3.40E+38
64;QUC 3653-2020;64;672;25.4769;0.5213;24.9166;28.3108;100;-3.40E+38;3.40E+38
65;QUC 3532-2018;65;672;25.1561;0.2079;24.7128;26.0052;100;-3.40E+38;3.40E+38
66;QUC 3593-2017;66;672;25.4253;0.2893;24.9159;26.605;100;-3.40E+38;3.40E+38
67;QUC 3555-2017  ;67;672;25.1277;0.1832;24.6785;26.1109;100;-3.40E+38;3.40E+38
68;QUC 4425-2021;68;672;26.4164;0.5561;25.2026;28.2983;100;-3.40E+38;3.40E+38
69;QUC 4542-2021;69;672;25.3697;0.3854;24.7933;28.1319;100;-3.40E+38;3.40E+38
70;QUC 3221-2020;70;672;26.6679;0.5112;25.7985;29.0846;100;-3.40E+38;3.40E+38
71;QUC 3413-2020;71;672;25.9946;0.4004;25.2563;27.8697;100;-3.40E+38;3.40E+38
72;QUC 3210-2020;72;672;26.1137;0.3353;25.3945;27.0122;100;-3.40E+38;3.40E+38
73;QUC 3556-2018;73;672;24.5616;0.3399;23.6962;25.6198;100;-3.40E+38;3.40E+38
74;QUC 3677-2020;74;672;24.9512;0.2729;24.4416;26.0153;100;-3.40E+38;3.40E+38
75;QUC 3517-2017;75;624;24.3832;0.2974;23.7908;25.5249;100;-3.40E+38;3.40E+38
76;QUC 3592-2020;76;624;25.3236;0.1973;24.7708;25.885;100;-3.40E+38;3.40E+38
77;QUC 3425-2020;77;672;25.6684;0.3486;24.9177;26.8626;100;-3.40E+38;3.40E+38
78;LLEUQUE-INIA;78;672;24.7132;0.3402;23.8079;25.5877;100;-3.40E+38;3.40E+38
79;QUC 3522-2022;79;672;24.7989;0.4424;24.025;26.9023;100;-3.40E+38;3.40E+38
80;QUC 4592-2021;80;672;25.9774;0.8606;24.6933;29.6931;100;-3.40E+38;3.40E+38
81;QUC 3603-2020;81;672;25.4623;0.5139;24.7454;29.9433;100;-3.40E+38;3.40E+38
82;QUC 3616-2020;82;672;25.5519;0.2407;25.0032;26.6747;100;-3.40E+38;3.40E+38
83;QUC 3606-2020;83;672;26.1412;0.3693;25.597;27.9287;100;-3.40E+38;3.40E+38
84;QUC 4552-2021;84;672;26.8796;0.5253;25.3574;28.4079;100;-3.40E+38;3.40E+38
85;QUC 3555-2017  ;85;672;25.1133;0.1916;24.7993;26.2212;100;-3.40E+38;3.40E+38
86;QUC 3582-2020;86;672;25.2865;0.2048;24.8586;26.0864;100;-3.40E+38;3.40E+38
87;QUC 3678-2020;87;672;25.1418;0.3359;24.6841;26.8318;100;-3.40E+38;3.40E+38
88;QUC 3625-2020;88;693;25.1669;1.0028;24.077;30.3681;100;-3.40E+38;3.40E+38
89;QUC 3401-2020;89;714;24.1148;0.7302;23.0555;28.0086;100;-3.40E+38;3.40E+38
90;QUC 3543-2020;90;714;23.2351;0.2277;22.883;24.0859;100;-3.40E+38;3.40E+38
91;QUC 3632-2021;91;714;24.1095;0.4818;23.3002;26.8379;100;-3.40E+38;3.40E+38
92;QUC 4600-2021;92;714;23.2122;0.4369;22.5951;26.0335;100;-3.40E+38;3.40E+38
93;QUC 3584-2018;93;714;23.4758;0.5851;22.8294;26.6972;100;-3.40E+38;3.40E+38
94;QUC 4605-2021;94;714;23.3215;0.3673;22.7719;25.8746;100;-3.40E+38;3.40E+38
95;QUC 3521-2020;95;714;23.217;0.346;22.5436;25.0961;100;-3.40E+38;3.40E+38
96;QUC 3525-2022;96;714;23.8799;0.5507;23.1994;26.8112;100;-3.40E+38;3.40E+38
97;QUC 3326-2019;97;714;24.43;0.4338;23.7617;27.1765;100;-3.40E+38;3.40E+38
98;QUC 3317-2019;98;714;23.7008;0.3751;23.067;24.7617;100;-3.40E+38;3.40E+38
99;QUC 3547-2022;99;714;23.5863;0.2539;22.881;24.61;100;-3.40E+38;3.40E+38
100;QUC 4598-2021;100;714;23.8191;0.2316;23.346;24.5224;100;-3.40E+38;3.40E+38
101;QUC 3518-2022;101;714;24.0655;0.3053;23.51;25.1689;100;-3.40E+38;3.40E+38
102;QUC 3524-2022;102;714;24.3436;0.4861;23.6235;26.3108;100;-3.40E+38;3.40E+38
103;QUC 3414-2020;103;714;24.1854;0.3967;23.5271;25.7554;100;-3.40E+38;3.40E+38
104;QUC 3544-2020;104;714;24.2806;0.3377;23.731;25.5134;100;-3.40E+38;3.40E+38
105;QUC 3636-2020;105;714;24.2245;0.31;23.6181;25.3379;100;-3.40E+38;3.40E+38
106;QUC 3421-2020;106;714;24.2326;0.2666;23.7755;25.2121;100;-3.40E+38;3.40E+38
107;QUC 4454-2021;107;714;24.1097;0.3016;22.9931;25.5252;100;-3.40E+38;3.40E+38
108;QUC 3859-2021;108;714;24.2664;0.4545;23.5327;26.1552;100;-3.40E+38;3.40E+38
109;QUC 3532-2022;109;714;23.2866;0.3355;22.6867;24.562;100;-3.40E+38;3.40E+38
110;QUC 3655-2020;110;714;24.0728;0.5074;23.4859;26.5353;100;-3.40E+38;3.40E+38
111;QUC 3534-2020;111;714;23.4278;0.3128;22.6989;24.6825;100;-3.40E+38;3.40E+38
112;QUC 3648-2020;112;714;24.8289;0.5884;23.5971;26.6109;100;-3.40E+38;3.40E+38
113;QUC 4541-2021;113;693;25.3723;0.793;24.2926;28.5349;100;-3.40E+38;3.40E+38
114;QUC 3311-2019;114;672;25.2768;0.4059;24.3655;26.7581;100;-3.40E+38;3.40E+38
115;QUC 3649-2020;115;672;26.1833;0.4966;25.4225;30.8254;100;-3.40E+38;3.40E+38
116;QUC 3454-2020  ;116;672;27.2398;0.5188;26.3874;28.8109;100;-3.40E+38;3.40E+38
117;QUC 4483-2021;117;672;26.4673;0.2047;25.8912;27.6427;100;-3.40E+38;3.40E+38
118;QUC 3410-2020;118;672;26.3795;0.245;25.9353;27.3519;100;-3.40E+38;3.40E+38
119;QUC 3638-2020;119;672;26.2329;0.2324;25.8361;27.0679;100;-3.40E+38;3.40E+38
120;QUC 4546-2021;120;672;26.5454;0.5388;25.3456;28.1237;100;-3.40E+38;3.40E+38
121;QUC 4481-2021;121;672;25.4052;0.3159;24.5892;26.131;100;-3.40E+38;3.40E+38
122;QUC 3409-2020;122;672;25.5972;0.2268;25.1169;26.5391;100;-3.40E+38;3.40E+38
123;QUC 3404-2020;123;672;25.3583;0.2282;24.9108;25.9317;100;-3.40E+38;3.40E+38
124;QUC 3741-2020;124;672;25.0459;0.257;24.5037;26.3488;100;-3.40E+38;3.40E+38
125;QUC 3528-2022;125;624;24.4263;0.2398;23.8372;25.1602;100;-3.40E+38;3.40E+38
126;QUC 3407-2020;126;624;25.9184;0.4093;24.9174;27.1147;100;-3.40E+38;3.40E+38
127;QUC 3631-2020;127;672;26.1192;0.3245;25.2608;27.1408;100;-3.40E+38;3.40E+38
128;QUC 3401-2018;128;672;24.8341;0.1919;24.3561;25.4544;100;-3.40E+38;3.40E+38
129;QUC 3657-2020;129;672;24.7014;0.2277;24.2046;25.2661;100;-3.40E+38;3.40E+38
130;QUC 3311-2019;130;672;25.4585;0.3574;24.4996;26.0382;100;-3.40E+38;3.40E+38
131;QUC 3626-2020;131;672;28.2089;1.1201;26.3845;32.6179;100;-3.40E+38;3.40E+38
132;QUC 4568-2021;132;672;27.6801;0.2841;27.092;28.5098;100;-3.40E+38;3.40E+38
133;QUC 3622-2021;133;672;27.929;0.4788;26.905;29.1293;100;-3.40E+38;3.40E+38
134;QUC 3492-2018;134;672;26.8768;0.4734;25.9195;28.1154;100;-3.40E+38;3.40E+38
135;QUC 4323-2021;135;672;26.8467;0.4606;25.8234;30.148;100;-3.40E+38;3.40E+38
136;QUC 3594-2017  ;136;672;25.9924;0.2837;25.3992;27.1178;100;-3.40E+38;3.40E+38
137;QUC 3635-2020;137;672;25.3244;0.3261;24.8185;26.5476;100;-3.40E+38;3.40E+38
138;QUC 3536-2022;138;693;23.9857;0.2128;23.4312;24.4966;100;-3.40E+38;3.40E+38
139;QUC 3646-202;139;714;24.077;0.2906;23.3967;25.0869;100;-3.40E+38;3.40E+38
140;QUC 3214-2020;140;714;23.5368;0.5384;22.9091;26.9794;100;-3.40E+38;3.40E+38
141;QUC 3487-2018  ;141;627;22.5331;0.2556;22.1454;23.2716;100;-3.40E+38;3.40E+38
142;QUC 4423-2021;142;714;23.4467;0.344;22.8697;24.8896;100;-3.40E+38;3.40E+38
143;QUC 3531-2018;143;714;22.9258;0.2254;22.5472;23.8968;100;-3.40E+38;3.40E+38
144;QUC 4470-2021;144;714;23.131;0.259;22.5676;23.9523;100;-3.40E+38;3.40E+38
145;QUC 3313-2019;145;714;24.2927;0.366;23.5907;25.9162;100;-3.40E+38;3.40E+38
146;QUC 3679-2016;146;714;23.0325;0.2517;22.3092;24.2839;100;-3.40E+38;3.40E+38
147;QUC 4636-2021;147;714;24.7647;0.2673;24.0561;25.4507;100;-3.40E+38;3.40E+38
148;QUC 3572-2018;148;714;24.0386;0.3413;23.4653;25.3844;100;-3.40E+38;3.40E+38
149;QUC 3635-2020;149;714;24.042;0.3629;23.5617;26.4307;100;-3.40E+38;3.40E+38
150;QUC 3419-2020;150;714;23.8764;0.2263;23.3424;24.4505;100;-3.40E+38;3.40E+38
151;QUC 3581-2018;151;714;24.5252;0.3968;23.8134;26.8137;100;-3.40E+38;3.40E+38
152;QUC 3588-2020;152;714;24.7293;0.6675;23.6596;28.0957;100;-3.40E+38;3.40E+38
153;QUC 4539-2021;153;714;24.1033;0.4334;23.3911;25.7844;100;-3.40E+38;3.40E+38
154;QUC 3507-2020;154;714;23.9387;0.2674;23.2881;25.026;100;-3.40E+38;3.40E+38
155;QUC 3501-2020;155;714;24.0178;0.4162;23.2347;26.6409;100;-3.40E+38;3.40E+38
156;QUC 3595-2020;156;714;24.5874;0.7138;23.6063;29.883;100;-3.40E+38;3.40E+38
157;QUC 3319-2020;157;714;23.6278;0.338;22.9831;24.761;100;-3.40E+38;3.40E+38
158;QUC 3598-2020;158;714;23.3896;0.2079;22.9952;24.7895;100;-3.40E+38;3.40E+38
159;QUC 3597-2020;159;714;22.9201;0.325;22.2381;24.3449;100;-3.40E+38;3.40E+38
160;QUC 3679-2016  ;160;530;22.508;0.2651;22.1452;23.7906;100;-3.40E+38;3.40E+38
161;QUC 3634-2020;161;714;23.937;0.6734;23.0161;28.7716;100;-3.40E+38;3.40E+38
162;QUC 3418-2020;162;714;23.4455;0.262;23.0021;25.6562;100;-3.40E+38;3.40E+38
163;CBC 509 CHILE/SOMAT_3.1//BOOMER_18/LOTUS_4/6/ZAMPULLIN_2/GUANAY/5/NETTA_4/DUKEM_12//RASCON_19/3/SORA/2*PLATA_12/4/GREEN_18/FOCHA_1//AIRON_1/7/ZAKA/3/AJAIA_12/F3LOCAL(SEL.ETHIO.135.85)//PLATA_13/4/SOOTY_9/RASCON_37//WODUCK/CHAM_3/8/SELIM//SOUAI/FUMA_1;163;693;24.0291;0.2888;23.3904;24.7327;100;-3.40E+38;3.40E+38
164;QUC 3310-2020;164;672;25.5382;0.2854;24.7287;26.1648;100;-3.40E+38;3.40E+38
165;QUC 3656-2020;165;672;25.0506;0.1918;24.6059;25.6685;100;-3.40E+38;3.40E+38
166;QUC 4533-2021;166;672;25.5552;0.2129;24.8542;26.0572;100;-3.40E+38;3.40E+38
167;QUC 3589-2020;167;672;26.003;0.2823;25.3461;26.8075;100;-3.40E+38;3.40E+38
168;QUC 3536-2018;168;672;25.5593;0.4822;24.673;26.4337;100;-3.40E+38;3.40E+38
169;QUC 3558-2018;169;672;26.3462;0.8328;24.9679;28.2044;100;-3.40E+38;3.40E+38
170;QUC 3522-2020;170;672;27.0307;0.4863;26.2255;29.0921;100;-3.40E+38;3.40E+38
171;QUC 35783-2020;171;672;27.1356;0.2326;26.4323;27.8101;100;-3.40E+38;3.40E+38
172;QUC 3313-2020;172;672;26.7609;0.2444;26.173;27.5515;100;-3.40E+38;3.40E+38
173;QUC 3529-2017;173;672;26.5152;0.3545;25.5941;27.6594;100;-3.40E+38;3.40E+38
174;QUC 3545-2020;174;672;27.6582;0.2727;26.8447;28.1353;100;-3.40E+38;3.40E+38
175;QUC 3519-2022;175;624;26.8357;0.3373;25.9036;27.5031;100;-3.40E+38;3.40E+38
176;QUC 4628-2021;176;624;27.8223;0.2901;27.0169;28.4557;100;-3.40E+38;3.40E+38
177;QUC 4222-2021;177;672;28.6432;0.2059;28.1608;29.122;100;-3.40E+38;3.40E+38
178;QUC 4548-2021;178;672;28.0352;0.2156;27.3271;28.5444;100;-3.40E+38;3.40E+38
179;QUC 3534-2018  ;179;672;27.2461;0.2826;26.6848;28.1538;100;-3.40E+38;3.40E+38
180;QUC 3663-2020;180;672;27.203;0.2675;26.4939;27.7681;100;-3.40E+38;3.40E+38
181;QUC 3526-2022;181;672;25.6244;0.2626;25.1192;27.0607;100;-3.40E+38;3.40E+38
182;QUC 4614-2021;182;672;24.809;0.2129;24.3947;25.5419;100;-3.40E+38;3.40E+38
183;QUC 3573-2020;183;672;24.8032;0.3453;23.9898;26.1842;100;-3.40E+38;3.40E+38
184;QUC 3533-2022;184;672;24.9013;0.1664;24.4794;25.4091;100;-3.40E+38;3.40E+38
185;QUC 4553-2021;185;672;25.4648;0.1509;24.9881;26.1076;100;-3.40E+38;3.40E+38
186;QUC 4224-2021;186;672;25.1827;0.0972;24.8841;25.4208;100;-3.40E+38;3.40E+38
187;QUC 3315-2019;187;672;25.1437;0.1862;24.5109;25.5025;100;-3.40E+38;3.40E+38
188;QUC 3309-2020;188;693;24.083;0.231;23.3733;24.7852;100;-3.40E+38;3.40E+38
189;QUC 3531-2022;189;714;22.9037;0.3555;22.2383;26.2389;100;-3.40E+38;3.40E+38
190;QUC 3610-2020;190;618;22.5677;0.2751;22.1457;23.8581;100;-3.40E+38;3.40E+38
191;QUC 3534-2022;191;574;22.433;0.1877;22.1452;23.0119;100;-3.40E+38;3.40E+38
192;QUC 3517-2017  ;192;653;22.4812;0.1907;22.1499;23.0747;100;-3.40E+38;3.40E+38
193;QUC 3416-2020;193;694;22.6501;0.2935;22.1452;23.7984;100;-3.40E+38;3.40E+38
194;QUC 3558-2020;194;714;23.123;0.2298;22.5664;24.1284;100;-3.40E+38;3.40E+38
195;QUC 4562-2021;195;714;23.6891;0.2675;23.1295;25.1694;100;-3.40E+38;3.40E+38
196;QUC 4537-2021;196;714;23.3757;0.3594;22.7123;25.4841;100;-3.40E+38;3.40E+38
197;QUC 3409-2020;197;714;23.4651;0.2664;22.9312;24.6514;100;-3.40E+38;3.40E+38
198;QUC 3630-2020;198;714;23.5521;0.416;23.0277;26.1081;100;-3.40E+38;3.40E+38
199;QUC 3624-2020;199;714;23.9225;0.416;23.3039;26.1323;100;-3.40E+38;3.40E+38
200;QUC 3509-2017 ;200;714;24.8155;1.3331;23.6266;32.8358;100;-3.40E+38;3.40E+38
201;QUC 3679-2020;201;714;23.3642;0.2533;22.7369;25.0724;100;-3.40E+38;3.40E+38
202;QUC 3493-2018;202;713;22.8075;0.2285;22.1481;23.5263;100;-3.40E+38;3.40E+38
203;QUC 3509-2017;203;714;23.2634;0.2813;22.6538;24.1536;100;-3.40E+38;3.40E+38
204;QUC 3614-2020;204;714;23.74;0.1999;23.3331;24.3846;100;-3.40E+38;3.40E+38
205;QUC 4540-2021;205;714;23.2875;0.2203;22.6948;24.2245;100;-3.40E+38;3.40E+38
206;QUC 3772-2021;206;714;23.2205;0.2591;22.3272;23.9267;100;-3.40E+38;3.40E+38
207;QUC 3417-2020;207;708;22.699;0.2182;22.1461;23.425;100;-3.40E+38;3.40E+38
208;QUC 3584-2020;208;713;22.701;0.2181;22.1586;23.3347;100;-3.40E+38;3.40E+38
209;QUC 3618-2020;209;649;22.5681;0.2185;22.1452;23.1499;100;-3.40E+38;3.40E+38
210;QUC 3489-2018  ;210;676;22.7717;0.3411;22.1452;23.7384;100;-3.40E+38;3.40E+38
211;QUC 4480-2021;211;714;23.2635;0.3008;22.7253;24.3248;100;-3.40E+38;3.40E+38
212;QUC 3513-2020;212;714;23.4884;0.3642;22.527;24.3631;100;-3.40E+38;3.40E+38
213;QUC 3632-2020;213;693;25.0154;0.2453;24.3699;25.692;100;-3.40E+38;3.40E+38
214;QUC 3601-2020;214;672;25.7519;0.3627;24.9922;26.8224;100;-3.40E+38;3.40E+38
215;QUC 4597-2021;215;672;24.8227;0.2038;24.3023;25.5999;100;-3.40E+38;3.40E+38
216;QUC 3543-2022;216;672;25.0005;0.1932;24.5011;25.6012;100;-3.40E+38;3.40E+38
217;QUC 3224-2020;217;672;24.9772;0.1473;24.595;25.3428;100;-3.40E+38;3.40E+38
218;QUC 4557-2021;218;672;25.1651;0.1664;24.6982;25.7489;100;-3.40E+38;3.40E+38
219;QUC 3581-2020;219;672;25.1585;0.2755;24.6164;26.0463;100;-3.40E+38;3.40E+38
220;QUC 3637-2020;220;672;26.3767;0.2036;25.6724;26.8264;100;-3.40E+38;3.40E+38
221;QUC 3661-2020;221;672;26.7892;0.2894;25.9759;27.6211;100;-3.40E+38;3.40E+38
222;QUC 3613-2017 ;222;672;26.7927;0.2808;26.1679;27.5933;100;-3.40E+38;3.40E+38
223;QUC 3561-2020;223;672;27.5235;0.3736;26.647;28.3988;100;-3.40E+38;3.40E+38
224;QUC 3627-2020;224;672;27.6967;0.4706;26.7997;28.7586;100;-3.40E+38;3.40E+38
225;QUC 4543-2021;225;624;28.0027;0.4758;26.873;29.3323;100;-3.40E+38;3.40E+38
226;QUC 3423-2020;226;624;29.3788;0.3039;28.5172;30.0444;100;-3.40E+38;3.40E+38
227;QUC 3117-2020;227;672;29.7733;0.348;29.1251;31.3197;100;-3.40E+38;3.40E+38
228;QUC 3422-2020;228;672;29.5284;0.327;28.7354;30.4263;100;-3.40E+38;3.40E+38
229;QUC 3611-2020;229;672;27.2814;0.9376;25.2539;29.0244;100;-3.40E+38;3.40E+38
230;QUC 3212-2020;230;672;27.3732;1.095;25.2558;29.0432;100;-3.40E+38;3.40E+38
231;QUC 3672-2018  ;231;672;28.7002;0.3741;27.7829;29.6087;100;-3.40E+38;3.40E+38
232;QUC 3406-2020;232;672;28.5805;0.4647;27.3296;29.5506;100;-3.40E+38;3.40E+38
233;QUC 3606-2021;233;672;28.3148;0.7095;26.5713;29.9391;100;-3.40E+38;3.40E+38
234;QUC 3316-2019;234;672;27.8044;0.3325;26.9747;28.7621;100;-3.40E+38;3.40E+38
235;UC-1218;235;672;25.879;0.337;25.2936;26.8703;100;-3.40E+38;3.40E+38
236;QUC 3529-2022;236;672;25.3739;0.5399;24.7889;27.7253;100;-3.40E+38;3.40E+38
237;QUC 4255-2021;237;672;24.9816;0.4413;24.3429;26.6755;100;-3.40E+38;3.40E+38
238;QUC 3223-2020;238;693;25.0914;0.294;24.5164;26.0502;100;-3.40E+38;3.40E+38
239;QUC 3218-2020;239;714;23.9571;0.3025;23.2625;24.8709;100;-3.40E+38;3.40E+38
240;QUC 3546-2020;240;714;23.0663;0.3464;22.4084;23.9942;100;-3.40E+38;3.40E+38
241;QUC 4538-2021;241;708;22.6493;0.2565;22.1454;23.4628;100;-3.40E+38;3.40E+38
242;QUC 4561-2021;242;712;22.9628;0.3278;22.2402;24.0165;100;-3.40E+38;3.40E+38
243;QUC 3562-2020;243;706;22.7852;0.3033;22.1698;23.6177;100;-3.40E+38;3.40E+38
244;QUC 3420-2020;244;643;22.6323;0.2733;22.1452;23.1848;100;-3.40E+38;3.40E+38
245;QUC 3532-2018  ;245;714;22.9091;0.2072;22.382;23.4729;100;-3.40E+38;3.40E+38
246;QUC 3213-2020;246;714;23.7266;0.293;23.1541;25.1497;100;-3.40E+38;3.40E+38
247;QUC 3662-2020;247;714;24.4411;0.6627;23.446;28.055;100;-3.40E+38;3.40E+38
248;QUC 4255-2021;248;714;23.6162;0.4414;22.9307;26.9854;100;-3.40E+38;3.40E+38
249;QUC 3523-2022;249;714;23.0789;0.265;22.6107;23.8294;100;-3.40E+38;3.40E+38
250;QUC 3639-2020;250;714;23.5882;0.1578;23.1116;23.989;100;-3.40E+38;3.40E+38
251;QUC 4596-2021;251;714;23.3526;0.1628;22.9197;23.7269;100;-3.40E+38;3.40E+38
252;QUC 4544-2021;252;714;23.429;0.311;22.7608;26.4065;100;-3.40E+38;3.40E+38
253;QUC 3585-2020;253;714;23.5956;0.504;22.8542;26.0894;100;-3.40E+38;3.40E+38
254;QUC 3454-2017;254;714;23.4246;0.2597;22.808;24.3652;100;-3.40E+38;3.40E+38
255;QUC 3225-2020;255;714;23.6325;0.2002;23.1968;24.2406;100;-3.40E+38;3.40E+38
256;QUC 3615-2020;256;714;23.8173;0.2908;22.7431;24.6894;100;-3.40E+38;3.40E+38
257;QUC 3633-2020;257;714;23.15;0.2384;22.4945;23.6956;100;-3.40E+38;3.40E+38
258;QUC 3448-2017  ;258;714;22.6287;0.1794;22.1586;23.0845;100;-3.40E+38;3.40E+38
259;QUC 3328-2019  ;259;712;22.5729;0.1453;22.1583;23.0083;100;-3.40E+38;3.40E+38
260;QUC 3623-2020;260;714;22.8873;0.2328;22.4705;24.1138;100;-3.40E+38;3.40E+38
261;QUC 3586-2020;261;714;23.732;0.66;23.0295;27.9676;100;-3.40E+38;3.40E+38
262;QUC 3678-2016;262;714;24.0574;0.8834;23.1922;29.7479;100;-3.40E+38;3.40E+38
263;QUC 3424-2020;263;693;25.6124;0.6237;24.7073;29.7161;100;-3.40E+38;3.40E+38
264;QUC 3208-2020;264;636;27.2062;1.8085;25.9026;34.9337;100;-3.40E+38;3.40E+38
265;QUC 3531-2018  ;265;672;27.8966;1.0784;26.6286;32.7079;100;-3.40E+38;3.40E+38
266;QUC 3678-2016  ;266;662;28.0251;1.1843;26.6688;34.9737;100;-3.40E+38;3.40E+38
267;QUC 3604-2020;267;655;30.6839;0.8675;29.3852;34.8502;100;-3.40E+38;3.40E+38
268;QUC 3517-2022;268;646;30.9628;0.8656;29.6597;34.8809;100;-3.40E+38;3.40E+38
269;QUC 3411-2020;269;600;33.3314;0.6571;32.1558;34.9675;100;-3.40E+38;3.40E+38
270;QUC 4550-2021;270;435;33.8448;0.558;32.5807;34.9788;100;-3.40E+38;3.40E+38
271;QUC 3412-2020;271;610;32.0687;1.0162;29.9467;34.978;100;-3.40E+38;3.40E+38
272;QUC 4549-2021;272;587;32.6942;0.8221;30.9724;34.9773;100;-3.40E+38;3.40E+38
273;QUC 3555-2017;273;655;31.4784;0.7269;30.4856;34.9506;100;-3.40E+38;3.40E+38
274;QUC 3548-2022;274;623;31.4469;0.9308;30.3746;34.9647;100;-3.40E+38;3.40E+38
275;QUC 4595-2021;275;624;29.8617;0.7982;28.2633;31.7111;100;-3.40E+38;3.40E+38
276;QUC 3593-2020;276;624;31.7974;0.7683;29.0618;33.2901;100;-3.40E+38;3.40E+38
277;QUC 3599-2020;277;661;33.0009;0.5768;32.2421;34.9749;100;-3.40E+38;3.40E+38
278;QUC 3613-2017;278;670;31.8721;0.554;31.1326;34.7138;100;-3.40E+38;3.40E+38
279;QUC 3742-2020;279;658;32.6361;0.5249;31.568;34.7587;100;-3.40E+38;3.40E+38
280;QUC 3613-2020;280;618;33.4819;0.4545;31.9977;34.9613;100;-3.40E+38;3.40E+38
281;QUC 3643-2020;281;445;34.1138;0.4884;32.7969;34.9855;100;-3.40E+38;3.40E+38
282;QUC 3530-2022;282;633;32.2375;0.7219;30.4084;34.9478;100;-3.40E+38;3.40E+38
283;QUC 3669-2020;283;639;31.9244;0.594;30.4173;34.7362;100;-3.40E+38;3.40E+38
284;QUC 3629-2020;284;668;30.8737;1.0075;28.8722;34.9456;100;-3.40E+38;3.40E+38
285;QUC 3621-2020;285;670;28.6126;1.4305;26.8281;34.9363;100;-3.40E+38;3.40E+38
286;QUC 3220-2020;286;672;27.4075;1.0275;26.3512;34.3332;100;-3.40E+38;3.40E+38
287;QUC 4545-2021;287;672;25.5011;0.8174;24.5949;33.0699;100;-3.40E+38;3.40E+38
288;QUC 3526-2017;288;693;24.2983;0.4982;23.3385;26.5557;100;-3.40E+38;3.40E+38
289;QUC 4547-2021;289;713;25.1752;1.5372;23.3816;34.4923;100;-3.40E+38;3.40E+38
290;QUC 3593-2017;290;714;23.0762;0.2696;22.2898;24.3193;100;-3.40E+38;3.40E+38
291;QUC 4636-2021;291;714;23.7193;0.2144;22.8565;24.2733;100;-3.40E+38;3.40E+38
292;QUC 3679-2020;292;621;22.6479;0.3121;22.1462;23.7146;100;-3.40E+38;3.40E+38
293;QUC 3414-2020;293;479;22.4033;0.1608;22.1492;22.9512;100;-3.40E+38;3.40E+38
294;QUC 3213-2020;294;679;22.7203;0.1937;22.1582;23.4215;100;-3.40E+38;3.40E+38
295;QUC 3493-2018;295;612;22.5615;0.1943;22.1477;23.0627;100;-3.40E+38;3.40E+38
296;QUC 4667-2021;296;695;22.743;0.2735;22.1532;23.9161;100;-3.40E+38;3.40E+38
297;QUC 3555-2017  ;297;690;22.6783;0.2461;22.172;23.3109;100;-3.40E+38;3.40E+38
298;QUC 3326-2019;298;714;23.2613;0.2943;22.3399;23.9535;100;-3.40E+38;3.40E+38
299;QUC 3548-2022;299;714;23.628;0.2934;22.8582;24.3;100;-3.40E+38;3.40E+38
300;QUC 3646-202;300;714;24.2394;0.2719;23.0549;24.8552;100;-3.40E+38;3.40E+38
301;QUC 3545-2020;301;714;24.8136;0.2922;23.9475;25.8518;100;-3.40E+38;3.40E+38
302;QUC 3223-2020;302;714;24.85;0.3304;23.2871;25.6182;100;-3.40E+38;3.40E+38
303;QUC 3533-2022;303;714;23.8274;0.2685;23.1166;24.5001;100;-3.40E+38;3.40E+38
304;QUC 35783-2020;304;714;23.8905;0.2264;23.0387;24.6599;100;-3.40E+38;3.40E+38
305;QUC 3532-2022;305;714;23.1489;0.211;22.6442;23.6303;100;-3.40E+38;3.40E+38
306;QUC 3532-2018  ;306;714;23.3075;0.3261;22.7347;24.7892;100;-3.40E+38;3.40E+38
307;QUC 3309-2020;307;714;23.1147;0.3626;22.244;24.19;100;-3.40E+38;3.40E+38
308;QUC 3208-2020;308;712;23.2679;0.2721;22.1588;24.0593;100;-3.40E+38;3.40E+38
309;QUC 4533-2021;309;714;23.1538;0.1822;22.6239;23.6294;100;-3.40E+38;3.40E+38
310;QUC 3519-2022;310;714;23.1537;0.2546;22.3146;23.9973;100;-3.40E+38;3.40E+38
311;QUC 3595-2020;311;714;24.7787;0.3837;24.1322;26.5853;100;-3.40E+38;3.40E+38
312;QUC 3772-2021;312;714;26.0515;0.4262;25.196;27.9038;100;-3.40E+38;3.40E+38
313;QUC 3632-2021;313;693;25.926;0.3241;25.2011;27.1753;100;-3.40E+38;3.40E+38
314;QUC 3526-2022;314;672;24.8912;0.2022;24.201;25.8751;100;-3.40E+38;3.40E+38
315;QUC 3117-2020;315;672;26.7979;0.528;25.6978;28.3034;100;-3.40E+38;3.40E+38
316;QUC 4470-2021;316;672;27.9828;0.7076;26.8043;30.3281;100;-3.40E+38;3.40E+38
317;QUC 3407-2020;317;672;29.4137;0.7589;27.8871;32.9945;100;-3.40E+38;3.40E+38
318;QUC 4598-2021;318;656;31.3377;0.9527;29.8091;34.9003;100;-3.40E+38;3.40E+38
319;QUC 3655-2020;319;672;32.8757;0.6314;31.4812;34.7262;100;-3.40E+38;3.40E+38
320;QUC 3623-2020;320;591;33.5562;0.6609;31.9402;34.9832;100;-3.40E+38;3.40E+38
321;QUC 3454-2020  ;321;639;33.3827;0.6579;32.0541;34.9487;100;-3.40E+38;3.40E+38
322;QUC 3610-2020;322;664;33.1198;0.5336;32.0449;34.8898;100;-3.40E+38;3.40E+38
323;QUC 3310-2020;323;665;30.0158;0.8744;28.5641;34.9769;100;-3.40E+38;3.40E+38
324;QUC 3657-2020;324;672;29.1648;0.2134;28.5949;29.7679;100;-3.40E+38;3.40E+38
325;QUC 3313-2020;325;624;28.3733;0.347;27.1029;29.1074;100;-3.40E+38;3.40E+38
326;QUC 3592-2020;326;624;27.9808;0.416;26.6998;29.0292;100;-3.40E+38;3.40E+38
327;QUC 3662-2020;327;672;29.4606;0.5476;28.1072;30.6008;100;-3.40E+38;3.40E+38
328;QUC 3633-2020;328;672;30.3531;0.6766;28.2861;31.7816;100;-3.40E+38;3.40E+38
329;QUC 4628-2021;329;672;32.1434;0.5419;30.7227;33.6894;100;-3.40E+38;3.40E+38
330;QUC 4637-2021;330;657;32.8631;0.6766;30.7434;34.9241;100;-3.40E+38;3.40E+38
331;QUC 3528-2017;331;631;33.4129;0.996;31.057;34.9812;100;-3.40E+38;3.40E+38
332;QUC 4543-2021;332;632;32.6552;0.7683;30.5968;34.783;100;-3.40E+38;3.40E+38
333;QUC 3328-2019  ;333;602;32.3864;1.0584;29.2365;34.849;100;-3.40E+38;3.40E+38
334;QUC 3423-2020;334;672;28.5441;0.606;26.8923;30.3375;100;-3.40E+38;3.40E+38
335;QUC 4542-2021;335;672;26.952;0.5353;26.1011;29.055;100;-3.40E+38;3.40E+38
336;QUC 3536-2022;336;672;26.1039;0.4207;25.3751;28.1221;100;-3.40E+38;3.40E+38
337;QUC 3530-2022;337;672;25.2223;0.2747;24.7504;26.8362;100;-3.40E+38;3.40E+38
338;QUC 3214-2020;338;693;26.0873;0.3523;25.4103;28.0147;100;-3.40E+38;3.40E+38
339;QUC 3224-2020;339;714;25.6494;0.6083;24.7842;29.2316;100;-3.40E+38;3.40E+38
340;QUC 3594-2017  ;340;714;24.3609;0.2498;23.9222;25.6055;100;-3.40E+38;3.40E+38
341;QUC 3501-2020;341;714;24.7491;0.4319;23.8248;26.7586;100;-3.40E+38;3.40E+38
342;QUC 4465-2021;342;714;24.0622;0.3551;23.5197;26.4075;100;-3.40E+38;3.40E+38
343;QUC 3590-2020;343;714;23.8259;0.5286;23.0784;26.4894;100;-3.40E+38;3.40E+38
344;QUC 3417-2020;344;714;23.4193;0.2038;22.8417;24.091;100;-3.40E+38;3.40E+38
345;QUC 3593-2020;345;714;23.9757;0.2474;23.2651;24.5393;100;-3.40E+38;3.40E+38
346;QUC 3555-2020;346;714;23.4317;0.2278;22.8552;24.1902;100;-3.40E+38;3.40E+38
347;QUC 3559-2020;347;714;24.1965;0.4393;23.4678;25.5137;100;-3.40E+38;3.40E+38
348;QUC 3422-2020;348;714;24.7025;0.5587;23.7931;26.5301;100;-3.40E+38;3.40E+38
349;QUC 3636-2020;349;714;24.3514;0.3103;23.7969;25.352;100;-3.40E+38;3.40E+38
350;QUC 3573-2020;350;714;24.412;0.2186;23.8312;25.3236;100;-3.40E+38;3.40E+38
351;QUC 3492-2018;351;714;24.3907;0.2006;23.7207;25.0918;100;-3.40E+38;3.40E+38
352;QUC 4558-2021;352;714;25.0735;0.4414;24.2375;27.4352;100;-3.40E+38;3.40E+38
353;QUC 3616-2020;353;714;25.6994;0.8678;24.751;31.0787;100;-3.40E+38;3.40E+38
354;QUC 3609-2020;354;714;25.9777;0.6871;25.1442;28.8232;100;-3.40E+38;3.40E+38
355;QUC 3535-2022;355;714;24.3318;0.3472;23.8027;26.3884;100;-3.40E+38;3.40E+38
356;QUC 3502-2020;356;714;24.5686;0.3293;24.1068;26.1238;100;-3.40E+38;3.40E+38
357;QUC 3586-2020;357;714;24.6556;0.3681;24.165;26.8216;100;-3.40E+38;3.40E+38
358;QUC 3409-2020;358;714;25.4942;0.8703;24.5849;30.8662;100;-3.40E+38;3.40E+38
359;QUC 3679-2016;359;714;24.4957;0.4784;23.9928;27.8184;100;-3.40E+38;3.40E+38
360;QUC 4595-2021;360;714;24.5285;0.5118;23.7867;26.9755;100;-3.40E+38;3.40E+38
361;QUC 3859-2021;361;714;25.3242;1.3992;24.2941;32.0429;100;-3.40E+38;3.40E+38
362;QUC 4459-2021;362;714;25.6143;1.1067;24.801;31.2427;100;-3.40E+38;3.40E+38
363;QUC 3313-2019;363;693;26.266;0.3783;25.6268;27.4244;100;-3.40E+38;3.40E+38
364;QUC 3411-2020;364;672;26.0257;1.3141;24.4151;32.2978;100;-3.40E+38;3.40E+38
365;QUC 3678-2020;365;672;25.6045;0.5609;25.0766;28.6362;100;-3.40E+38;3.40E+38
366;QUC 3209-2020;366;672;26.4217;1.1912;25.0737;31.5394;100;-3.40E+38;3.40E+38
367;QUC 3522-2022;367;672;25.8616;0.7616;24.9324;29.2338;100;-3.40E+38;3.40E+38
368;QUC 3634-2020;368;672;28.4182;0.6116;27.2705;32.2564;100;-3.40E+38;3.40E+38
369;QUC 3669-2020;369;672;28.3504;0.3347;27.5808;30.3157;100;-3.40E+38;3.40E+38
370;QUC 3401-2020;370;672;28.9131;0.2632;28.1047;29.6472;100;-3.40E+38;3.40E+38
371;QUC 4425-2021;371;672;29.3074;0.4841;27.9704;31.8739;100;-3.40E+38;3.40E+38
372;QUC 3513-2020;372;672;27.6677;0.252;27.1051;28.5036;100;-3.40E+38;3.40E+38
373;QUC 3315-2019;373;672;28.0795;0.161;27.6768;28.609;100;-3.40E+38;3.40E+38
374;QUC 3596-2020;374;672;27.9252;0.2033;27.4164;28.6147;100;-3.40E+38;3.40E+38
375;QUC 4222-2021;375;624;28.0862;0.2788;27.3296;28.6214;100;-3.40E+38;3.40E+38
376;QUC 4255-2021;376;624;28.9756;0.5946;27.8401;30.384;100;-3.40E+38;3.40E+38
377;QUC 3546-2022;377;672;28.7811;0.6935;27.9344;31.3341;100;-3.40E+38;3.40E+38
378;QUC 3606-2020;378;672;28.9763;0.3347;28.1776;30.0257;100;-3.40E+38;3.40E+38
379;QUC 3582-2020;379;672;28.7221;0.5618;26.6704;30.1611;100;-3.40E+38;3.40E+38
380;QUC 4541-2021;380;672;27.6737;0.3873;26.8452;29.4857;100;-3.40E+38;3.40E+38
381;QUC 3661-2020;381;672;27.7123;0.2045;27.206;28.4883;100;-3.40E+38;3.40E+38
382;QUC 3509-2017 ;382;672;27.0507;0.4803;25.8417;29.0736;100;-3.40E+38;3.40E+38
383;QUC 3301-2019;383;672;27.4654;0.5559;26.6933;30.5297;100;-3.40E+38;3.40E+38
384;QUC 3555-2017  ;384;672;26.1726;0.4214;25.6631;29.0072;100;-3.40E+38;3.40E+38
385;QUC 3406-2020;385;672;26.0356;0.7476;25.1367;30.2948;100;-3.40E+38;3.40E+38
386;QUC 3544-2020;386;672;25.4144;0.454;24.8276;28.2057;100;-3.40E+38;3.40E+38
387;QUC 4614-2021;387;672;25.5677;0.804;24.3741;29.439;100;-3.40E+38;3.40E+38
388;QUC 3635-2020;388;693;25.3434;0.4759;24.5355;28.0194;100;-3.40E+38;3.40E+38
389;QUC 3448-2017;389;714;25.1034;0.5227;24.3877;28.6518;100;-3.40E+38;3.40E+38
390;QUC 3425-2020;390;714;25.0901;0.4829;24.5317;28.4111;100;-3.40E+38;3.40E+38
391;QUC 4323-2021;391;714;25.5941;0.6743;24.7928;29.632;100;-3.40E+38;3.40E+38
392;QUC 3588-2020;392;714;25.7308;0.3955;24.8095;27.1593;100;-3.40E+38;3.40E+38
393;QUC 3547-2022;393;714;24.6684;0.3136;24.0358;25.75;100;-3.40E+38;3.40E+38
394;QUC 4546-2021;394;714;25.6232;0.5239;24.6186;27.2766;100;-3.40E+38;3.40E+38
395;QUC 3614-2020;395;714;24.8283;0.5532;24.126;29.2665;100;-3.40E+38;3.40E+38
396;QUC 3528-2017  ;396;714;24.1955;0.4046;23.5175;25.7446;100;-3.40E+38;3.40E+38
397;QUC 3448-2017  ;397;714;25.8241;0.4228;24.8396;27.6661;100;-3.40E+38;3.40E+38
398;QUC 3639-2020;398;714;25.9297;0.7202;24.8626;29.0044;100;-3.40E+38;3.40E+38
399;QUC 3572-2018;399;714;24.8708;0.2855;24.3777;25.6588;100;-3.40E+38;3.40E+38
400;QUC 3649-2020;400;714;24.966;0.3334;24.1274;25.9996;100;-3.40E+38;3.40E+38
401;QUC 3419-2020;401;714;25.4555;0.4242;24.7568;29.3293;100;-3.40E+38;3.40E+38
402;QUC 4535-2021;402;714;26.4565;0.4658;25.2324;29.1678;100;-3.40E+38;3.40E+38
403;QUC 3556-2020;403;714;26.0384;0.6322;25.1093;29.8281;100;-3.40E+38;3.40E+38
404;QUC 3615-2020;404;714;27.7852;0.3388;26.8243;29.48;100;-3.40E+38;3.40E+38
405;QUC 3220-2020;405;714;27.6545;0.6109;26.3611;29.8274;100;-3.40E+38;3.40E+38
406;QUC 4224-2021;406;714;27.1491;0.8126;26.3659;31.7305;100;-3.40E+38;3.40E+38
407;QUC 3421-2020;407;714;26.9199;0.7329;26.0849;29.8555;100;-3.40E+38;3.40E+38
408;QUC 3528-2020;408;714;26.3484;0.5372;25.5073;30.1629;100;-3.40E+38;3.40E+38
409;QUC 4539-2021;409;714;26.9857;1.1118;25.8794;34.2112;100;-3.40E+38;3.40E+38
410;QUC 3622-2020;410;714;26.9694;0.6043;25.8806;30.2468;100;-3.40E+38;3.40E+38
411;QUC 3543-2022;411;714;25.9291;0.4227;25.2192;27.9425;100;-3.40E+38;3.40E+38
412;QUC 3672-2018  ;412;714;25.8553;0.8277;24.7238;30.6618;100;-3.40E+38;3.40E+38
413;QUC 3527-2020;413;693;25.9663;0.7375;25.0018;30.1034;100;-3.40E+38;3.40E+38
414;QUC 3311-2019;414;672;25.9997;0.6574;25.1729;28.332;100;-3.40E+38;3.40E+38
415;QUC 3581-2020;415;672;26.2253;1.0203;25.3133;30.7615;100;-3.40E+38;3.40E+38
416;QUC 3608-2020;416;672;26.8034;1.1271;25.6229;31.9949;100;-3.40E+38;3.40E+38
417;QUC 3516-2022;417;672;26.1276;1.1538;24.917;32.1479;100;-3.40E+38;3.40E+38
418;QUC 3531-2018  ;418;670;27.5637;1.3352;26.0679;34.3186;100;-3.40E+38;3.40E+38
419;QUC 3531-2022;419;672;29.2175;1.1095;27.6207;33.0851;100;-3.40E+38;3.40E+38
420;QUC 3591-2020;420;669;30.2465;1.0286;29.027;34.9746;100;-3.40E+38;3.40E+38
421;QUC 4550-2021;421;672;30.2103;0.7955;29.0018;34.0038;100;-3.40E+38;3.40E+38
422;QUC 4600-2021;422;672;29.7221;0.8058;28.7284;33.0279;100;-3.40E+38;3.40E+38
423;QUC 3741-2020;423;672;29.5143;0.6008;28.6087;32.0201;100;-3.40E+38;3.40E+38
424;QUC 3537-2022;424;672;29.823;0.7542;28.5248;32.2178;100;-3.40E+38;3.40E+38
425;QUC 4559-2021;425;624;29.5295;0.6679;28.0604;31.9726;100;-3.40E+38;3.40E+38
426;QUC 3642-2020;426;624;30.3366;0.3878;29.0729;31.9375;100;-3.40E+38;3.40E+38
427;QUC 3424-2020;427;672;30.3329;0.3246;29.7679;31.6176;100;-3.40E+38;3.40E+38
428;QUC 3420-2020;428;672;29.9913;0.2277;29.2657;30.8659;100;-3.40E+38;3.40E+38
429;QUC 4481-2021;429;672;30.0241;0.3525;29.1864;31.5436;100;-3.40E+38;3.40E+38
430;QUC 4549-2021;430;672;30.3921;0.4956;29.1088;32.5096;100;-3.40E+38;3.40E+38
431;QUC 3319-2020;431;672;30.7943;0.5309;29.4398;32.3856;100;-3.40E+38;3.40E+38
432;QUC 3742-2020;432;672;30.4961;0.7262;29.1121;33.2853;100;-3.40E+38;3.40E+38
433;QUC 3611-2020;433;672;29.0477;1.138;27.5523;33.6263;100;-3.40E+38;3.40E+38
434;QUC 3454-2017  ;434;672;26.0784;0.3334;25.4794;27.6894;100;-3.40E+38;3.40E+38
435;QUC 3529-2017;435;672;25.3956;0.2703;24.878;27.2456;100;-3.40E+38;3.40E+38
436;QUC 3528-2022;436;672;25.5228;0.3499;24.9642;28.0448;100;-3.40E+38;3.40E+38
437;QUC 3613-2020;437;672;25.5937;0.5246;24.8662;28.4034;100;-3.40E+38;3.40E+38
438;QUC 3523-2022;438;693;25.5913;0.2834;25.0117;26.8204;100;-3.40E+38;3.40E+38
439;QUC 3624-2020;439;714;26.7748;0.2611;26.2743;27.8945;100;-3.40E+38;3.40E+38
440;QUC 3656-2020;440;714;26.7181;0.3771;25.9952;28.7307;100;-3.40E+38;3.40E+38
441;QUC 4592-2021;441;714;28.0535;1.0355;26.5962;31.363;100;-3.40E+38;3.40E+38
442;QUC 4557-2021;442;714;28.2823;0.5451;27.0566;29.5938;100;-3.40E+38;3.40E+38
443;QUC 3536-2020;443;714;27.7619;0.7387;26.2779;29.5813;100;-3.40E+38;3.40E+38
444;QUC 3617-2020;444;714;27.2314;0.5904;25.9129;28.3062;100;-3.40E+38;3.40E+38
445;QUC 3454-2017;445;714;26.9882;0.3209;26.0757;27.7446;100;-3.40E+38;3.40E+38
446;QUC 3584-2020;446;714;28.873;0.529;27.2361;30.0931;100;-3.40E+38;3.40E+38
447;LLEUQUE-INIA;447;714;28.1999;0.5065;27.1573;29.5281;100;-3.40E+38;3.40E+38
448;QUC 3613-2017 ;448;714;27.1517;0.5003;26.2411;28.2037;100;-3.40E+38;3.40E+38
449;QUC 4561-2021;449;714;26.9657;0.4289;26.2437;28.1926;100;-3.40E+38;3.40E+38
450;QUC 3314-2019;450;714;26.179;0.2538;25.361;26.6629;100;-3.40E+38;3.40E+38
451;QUC 4483-2021;451;714;26.5497;0.2637;25.7504;27.2701;100;-3.40E+38;3.40E+38
452;QUC 3212-2020;452;714;27.4616;0.4666;26.5141;29.1175;100;-3.40E+38;3.40E+38
453;QUC 4534-2021;453;714;28.2625;0.6838;27.3252;30.7083;100;-3.40E+38;3.40E+38
454;QUC 3526-2017;454;714;28.3544;0.747;27.2042;32.5384;100;-3.40E+38;3.40E+38
455;QUC 3492-2018;455;714;28.4174;0.4717;27.5406;30.3478;100;-3.40E+38;3.40E+38
456;QUC 3585-2020;456;714;29.0875;0.5173;27.8053;30.0544;100;-3.40E+38;3.40E+38
457;QUC 3702-2020;457;714;28.2001;0.4299;27.3731;29.3537;100;-3.40E+38;3.40E+38
458;QUC 3581-2018;458;714;28.3709;0.4474;27.3298;30.0944;100;-3.40E+38;3.40E+38
459;QUC 3555-2017;459;714;27.6336;0.4684;26.9772;29.3249;100;-3.40E+38;3.40E+38
460;QUC 3416-2020;460;714;28.6352;0.4537;27.4872;30.4772;100;-3.40E+38;3.40E+38
461;QUC 3558-2020;461;714;28.44;0.2337;28.0188;29.5143;100;-3.40E+38;3.40E+38
462;QUC 3638-2020;462;714;28.5237;0.3913;27.6021;29.9907;100;-3.40E+38;3.40E+38
463;QUC 3558-2018;463;693;26.1191;0.534;25.0037;27.4387;100;-3.40E+38;3.40E+38
464;QUC 3599-2020;464;672;25.4602;0.2755;24.9432;26.4663;100;-3.40E+38;3.40E+38
465;QUC 3487-2018  ;465;672;24.8195;0.5083;24.04;27.6544;100;-3.40E+38;3.40E+38
466;QUC 3637-2020;466;672;25.8656;0.2935;25.3925;27.8258;100;-3.40E+38;3.40E+38
467;QUC 3536-2018;467;672;25.3276;0.282;24.8411;26.6457;100;-3.40E+38;3.40E+38
468;QUC 3532-2018;468;672;27.1484;0.7176;25.9484;30.5312;100;-3.40E+38;3.40E+38
469;QUC 3678-2016;469;672;28.571;0.2888;27.8188;29.3716;100;-3.40E+38;3.40E+38
470;QUC 3509-2017;470;672;28.9436;0.3233;28.3739;30.1273;100;-3.40E+38;3.40E+38
471;QUC 4538-2021;471;672;29.6203;0.3892;28.6723;31.0238;100;-3.40E+38;3.40E+38
472;QUC 3583-2021;472;672;29.6424;0.3437;28.9532;30.6216;100;-3.40E+38;3.40E+38
473;QUC 3526-2017;473;672;28.7827;0.3394;28.0111;29.8749;100;-3.40E+38;3.40E+38
474;QUC 3627-2020;474;672;29.8112;0.4274;28.7909;31.2351;100;-3.40E+38;3.40E+38
475;QUC 4552-2021;475;624;29.7554;0.6199;28.4042;31.2931;100;-3.40E+38;3.40E+38
476;QUC 3612-2020;476;624;30.262;0.3815;29.3167;31.0259;100;-3.40E+38;3.40E+38
477;UC-1218;477;672;29.807;0.2883;29.0477;30.4846;100;-3.40E+38;3.40E+38
478;QUC 3522-2020;478;672;29.3292;0.4088;28.392;30.4604;100;-3.40E+38;3.40E+38
479;QUC 3221-2020;479;672;29.5292;0.3464;28.6962;30.757;100;-3.40E+38;3.40E+38
480;QUC 4548-2021;480;672;29.922;0.7003;28.4374;32.4524;100;-3.40E+38;3.40E+38
481;QUC 3534-2018  ;481;672;28.8284;0.2178;28.2577;29.585;100;-3.40E+38;3.40E+38
482;QUEULE-INIA;482;672;28.81;0.3434;27.9812;30.6531;100;-3.40E+38;3.40E+38
483;QUC 3534-2018;483;672;27.5709;0.2935;26.7528;28.1122;100;-3.40E+38;3.40E+38
484;QUC 3632-2020;484;672;27.2661;0.2443;26.7196;28.4051;100;-3.40E+38;3.40E+38
485;QUC 3635-2020;485;672;26.3085;0.3324;25.7095;27.6287;100;-3.40E+38;3.40E+38
486;QUC 3626-2020;486;672;26.8992;0.3355;26.1661;28.3749;100;-3.40E+38;3.40E+38
487;QUC 4540-2021;487;672;27.1707;0.5559;26.1023;28.2869;100;-3.40E+38;3.40E+38
488;QUC 3527-2022;488;693;28.7006;0.3634;27.9717;29.7425;100;-3.40E+38;3.40E+38
489;QUC 3677-2020;489;714;29.4422;0.2239;28.9442;30.1166;100;-3.40E+38;3.40E+38
490;QUC 3309-2019;490;714;28.9843;0.3164;28.302;29.893;100;-3.40E+38;3.40E+38
491;QUC 3312-2019;491;714;28.45;0.3156;27.6438;29.2224;100;-3.40E+38;3.40E+38
492;QUC 3546-2020;492;714;28.2641;0.4881;27.4854;29.9196;100;-3.40E+38;3.40E+38
493;QUC 3618-2020;493;714;28.4266;0.2342;27.61;29.2157;100;-3.40E+38;3.40E+38
494;QUC 3311-2019;494;714;28.8018;0.3969;27.5171;29.7087;100;-3.40E+38;3.40E+38
495;QUC 3316-2019;495;714;28.6452;0.4306;27.3354;29.7401;100;-3.40E+38;3.40E+38
496;QUC 3525-2022;496;714;28.136;0.788;26.6941;31.3824;100;-3.40E+38;3.40E+38
497;QUC 3678-2016  ;497;714;27.6788;0.7544;26.1988;29.9274;100;-3.40E+38;3.40E+38
498;QUC 3630-2020;498;714;28.4242;0.5932;26.8797;30.5952;100;-3.40E+38;3.40E+38
499;QUC 3211-2020;499;714;27.1988;0.3108;26.286;28.5593;100;-3.40E+38;3.40E+38
500;QUC 4605-2021;500;714;26.1278;0.2099;25.0637;26.7911;100;-3.40E+38;3.40E+38
501;QUC 3220-2020;501;707;28.6848;1.1783;26.5985;34.5787;100;-3.40E+38;3.40E+38
502;QUC 4562-2021;502;710;30.5632;1.1314;27.5351;34.605;100;-3.40E+38;3.40E+38
503;QUC 3225-2020;503;714;30.4197;0.6354;27.852;32.121;100;-3.40E+38;3.40E+38
504;QUC 4537-2021;504;714;30.9062;0.9121;29.1758;34.721;100;-3.40E+38;3.40E+38
505;QUC 3606-2021;505;714;30.5585;0.7812;28.854;33.1667;100;-3.40E+38;3.40E+38
506;QUC 3607-2020;506;694;31.2565;0.8506;29.7856;34.9065;100;-3.40E+38;3.40E+38
507;QUC 3625-2020;507;710;31.0796;0.8975;29.5972;34.6045;100;-3.40E+38;3.40E+38
508;QUC 4568-2021;508;672;31.7841;0.8911;30.2176;34.9766;100;-3.40E+38;3.40E+38
509;CBC 509 CHILE/SOMAT_3.1//BOOMER_18/LOTUS_4/6/ZAMPULLIN_2/GUANAY/5/NETTA_4/DUKEM_12//RASCON_19/3/SORA/2*PLATA_12/4/GREEN_18/FOCHA_1//AIRON_1/7/ZAKA/3/AJAIA_12/F3LOCAL(SEL.ETHIO.135.85)//PLATA_13/4/SOOTY_9/RASCON_37//WODUCK/CHAM_3/8/SELIM//SOUAI/FUMA_1;509;690;32.0082;0.8503;30.1788;34.9389;100;-3.40E+38;3.40E+38
510;QUC 3448-2017  ;510;705;30.449;0.928;28.7764;34.846;100;-3.40E+38;3.40E+38
511;QUC 3653-2020;511;714;29.7541;0.663;28.6363;33.6767;100;-3.40E+38;3.40E+38
512;QUC 3529-2022;512;701;30.5386;1.128;28.9302;34.871;100;-3.40E+38;3.40E+38
513;QUC 3619-2020;513;693;30.4085;0.7858;28.9259;34.5307;100;-3.40E+38;3.40E+38
514;QUC 3517-2017;514;671;29.0562;1.1047;27.9663;34.864;100;-3.40E+38;3.40E+38
515;QUC 3529-2017  ;515;672;29.5496;0.7578;28.4209;33.1816;100;-3.40E+38;3.40E+38
516;QUC 4596-2021;516;672;30.0239;0.8497;29.0045;34.2996;100;-3.40E+38;3.40E+38
517;QUC 3603-2020;517;672;29.323;0.9781;27.9453;34.1464;100;-3.40E+38;3.40E+38
518;QUC 3648-2020;518;672;29.0153;0.7733;27.6417;31.8569;100;-3.40E+38;3.40E+38
519;QUC 4547-2021;519;672;29.5446;0.89;28.0238;34.1534;100;-3.40E+38;3.40E+38
520;QUC 4344-2021;520;663;30.8114;0.9463;28.9653;34.9491;100;-3.40E+38;3.40E+38
521;QUC 3589-2020;521;672;30.2177;0.9133;28.8024;34.4118;100;-3.40E+38;3.40E+38
522;QUC 3658-2020;522;672;29.6803;0.8469;27.8297;33.7978;100;-3.40E+38;3.40E+38
523;QUC 3521-2020;523;672;29.2535;0.5742;27.6202;32.5334;100;-3.40E+38;3.40E+38
524;QUC 3210-2020;524;672;30.3002;0.7329;29.1627;34.0203;100;-3.40E+38;3.40E+38
525;QUC 4551-2021;525;624;29.6501;0.865;28.0702;33.6693;100;-3.40E+38;3.40E+38
526;QUC 3306-2019;526;624;29.5982;0.6337;27.9504;30.8881;100;-3.40E+38;3.40E+38
527;QUC 4545-2021;527;672;30.0595;0.7589;28.8567;32.5125;100;-3.40E+38;3.40E+38
528;QUC 3418-2020;528;672;28.934;0.5006;27.5818;30.2791;100;-3.40E+38;3.40E+38
529;QUC 3598-2020;529;672;29.25;0.5762;27.6651;30.5127;100;-3.40E+38;3.40E+38
530;QUC 3534-2020;530;672;29.2084;0.8961;27.5278;31.6968;100;-3.40E+38;3.40E+38
531;QUC 3526-2017  ;531;672;30.158;0.7005;29.0867;33.8969;100;-3.40E+38;3.40E+38
532;QUC 3622-2021;532;672;29.891;0.5175;28.6939;31.9779;100;-3.40E+38;3.40E+38
533;QUC 3631-2020;533;672;30.2238;0.8357;28.3978;33.0493;100;-3.40E+38;3.40E+38
534;QUC 4597-2021;534;672;30.7279;0.6704;29.5808;34.3007;100;-3.40E+38;3.40E+38
535;QUC 4454-2021;535;664;31.3427;0.5963;30.361;34.6679;100;-3.40E+38;3.40E+38
536;QUC 3409-2020;536;672;30.0599;0.6686;29.2593;33.3605;100;-3.40E+38;3.40E+38
537;QUC 3562-2020;537;672;30.2471;0.4003;29.5597;31.8229;100;-3.40E+38;3.40E+38
538;QUC 3517-2022;538;634;31.8173;0.9476;30.1812;34.9683;100;-3.40E+38;3.40E+38
539;QUC 3524-2022;539;695;31.1923;0.9192;29.7851;34.9518;100;-3.40E+38;3.40E+38
540;QUC 3412-2020;540;713;31.2962;0.6189;30.1659;34.7984;100;-3.40E+38;3.40E+38
541;QUC 3605-2020;541;690;32.1682;0.7823;30.2552;34.9614;100;-3.40E+38;3.40E+38
542;QUC 3628-2020;542;630;32.6571;0.7628;30.8166;34.962;100;-3.40E+38;3.40E+38
543;QUC 3408-2020;543;673;32.3806;0.7694;30.6891;34.9681;100;-3.40E+38;3.40E+38
544;QUC 3561-2020;544;711;31.0885;0.8467;29.59;34.7728;100;-3.40E+38;3.40E+38
545;QUC 3534-2022;545;714;30.4803;0.7871;29.4054;34.3788;100;-3.40E+38;3.40E+38
546;QUC 3507-2020;546;687;31.8474;0.9078;29.6681;34.7275;100;-3.40E+38;3.40E+38
547;QUC 3517-2017  ;547;711;30.4777;1.0821;28.438;34.9222;100;-3.40E+38;3.40E+38
548;QUC 3604-2020;548;714;30.6329;0.8974;28.6882;34.0555;100;-3.40E+38;3.40E+38
549;QUC 3621-2020;549;700;31.039;1.0276;28.9452;34.6905;100;-3.40E+38;3.40E+38
550;QUC 3679-2016  ;550;714;27.419;0.8012;26.278;29.8355;100;-3.40E+38;3.40E+38
551;QUC 3602-2020;551;714;27.691;0.531;26.5361;29.4688;100;-3.40E+38;3.40E+38
552;QUC 3586-2016;552;714;30.0253;0.6992;28.0485;32.0365;100;-3.40E+38;3.40E+38
553;QUC 3531-2018;553;714;30.0017;0.8047;28.2403;33.2449;100;-3.40E+38;3.40E+38
554;QUC 3597-2020;554;714;30.484;1.1325;27.4583;32.8457;100;-3.40E+38;3.40E+38
555;QUC 3404-2020;555;703;31.9351;1.0523;29.3604;34.9706;100;-3.40E+38;3.40E+38
556;QUC 3317-2019;556;699;31.37;0.9754;28.6864;34.927;100;-3.40E+38;3.40E+38
557;QUC 4480-2021;557;714;31.7057;0.5451;30.2006;33.8586;100;-3.40E+38;3.40E+38
558;QUC 3584-2018;558;714;31.4231;0.606;29.5071;34.2478;100;-3.40E+38;3.40E+38
559;QUC 4423-2021;559;714;32.8379;0.7372;30.9484;34.7413;100;-3.40E+38;3.40E+38
560;QUC 4544-2021;560;714;31.9145;0.5456;30.2532;34.2322;100;-3.40E+38;3.40E+38
561;QUC 3629-2020;561;714;31.5193;0.4234;29.6522;33.0838;100;-3.40E+38;3.40E+38
562;QUC 3556-2018;562;714;31.0061;0.5303;29.8772;33.6288;100;-3.40E+38;3.40E+38
563;QUC 3489-2018  ;563;693;31.2082;0.4003;30.0538;32.8487;100;-3.40E+38;3.40E+38
564;QUC 3601-2020;564;672;30.8343;0.4686;29.4883;32.0323;100;-3.40E+38;3.40E+38
565;QUC 3207-2020;565;672;30.5834;0.4024;29.7918;33.7374;100;-3.40E+38;3.40E+38
566;QUC 4553-2021;566;672;30.3358;0.6875;29.0107;32.8194;100;-3.40E+38;3.40E+38
567;QUC 3410-2020;567;672;30.6001;0.4819;29.309;31.9167;100;-3.40E+38;3.40E+38
568;QUC 3594-2020;568;672;30.93;0.7083;29.3061;32.6944;100;-3.40E+38;3.40E+38
569;QUC 3413-2020;569;672;28.9303;0.4736;27.6473;29.9748;100;-3.40E+38;3.40E+38
570;QUC 3401-2018;570;672;27.0323;0.2705;26.5419;28.2574;100;-3.40E+38;3.40E+38
571;QUC 3218-2020;571;672;28.1573;0.5104;27.0992;30.0583;100;-3.40E+38;3.40E+38
572;QUC 3328-2019;572;672;26.9958;0.3298;26.231;28.3026;100;-3.40E+38;3.40E+38
573;QUC 3543-2020;573;672;27.9349;0.3782;26.8957;29.2045;100;-3.40E+38;3.40E+38
574;QUC 3643-2020;574;672;28.4714;0.3066;27.8711;29.4729;100;-3.40E+38;3.40E+38
575;QUC 3518-2022;575;624;28.1982;0.4811;26.9787;30.057;100;-3.40E+38;3.40E+38
576;QUC 3663-2020;576;624;28.5761;0.5593;27.1643;30.1145;100;-3.40E+38;3.40E+38
577;QUC 3613-2017;577;672;27.0872;0.6536;26.1503;31.0383;100;-3.40E+38;3.40E+38
578;QUC 3305-2019;578;672;27.1453;0.7956;26.1904;30.6012;100;-3.40E+38;3.40E+38
